transaction_id,customer_id,transaction_date,transaction_time,hour_of_day,is_weekend,is_night_transaction,country,city,merchant_category,payment_method,device_type,customer_age,credit_score,account_age_years,account_balance,transaction_amount,num_prev_transactions,transaction_freq_monthly,distance_from_home_km,time_since_last_txn_hrs,is_international,failed_attempts,pin_changed_recently,is_fraud,fraud_type,fraud_status,transaction_type,night_status,weekend_status,pin_change_status
TXN0000199896,CUST00064085,2021-11-25,02:20:00,2,0,1,India,Melbourne,Healthcare,Debit Card,ATM,57,832,2.3,15682.76,43,131,17,23.7,25.07,0,0,0,0,None,Non-fraud,Domestic,Night,Weekday,No Recent PIN Change
TXN0000141802,CUST00087782,2020-03-12,15:49:00,15,0,0,UK,Toronto,Utilities,Credit Card,Mobile,36,697,0.2,2833.39,246.18,144,14,11,3.72,0,0,0,0,None,Non-fraud,Domestic,Day,Weekday,No Recent PIN Change
TXN0000131217,CUST00110688,2020-09-04,16:36:00,16,0,0,UK,Rio,Restaurant,Bank Transfer,Mobile,47,710,1.2,7235.16,2.54,150,19,30.2,0.17,0,0,0,0,None,Non-fraud,Domestic,Day,Weekday,No Recent PIN Change
TXN0000725470,CUST00014168,2021-03-16,19:00:00,19,0,0,USA,Toronto,Electronics,Mobile Payment,Mobile,39,513,2.4,12635.43,1109.44,157,16,2.3,25.73,0,2,0,0,None,Non-fraud,Domestic,Day,Weekday,No Recent PIN Change
TXN0000239400,CUST00041461,2023-01-27,07:00:00,7,0,0,France,London,Restaurant,Crypto,Desktop,79,711,2.2,2772.04,93.4,148,14,120.9,0.39,0,0,0,0,None,Non-fraud,Domestic,Day,Weekday,No Recent PIN Change
TXN0000386509,CUST00192077,2020-10-07,03:45:00,3,0,1,Mexico,Rio,Clothing,Crypto,Mobile,39,606,5.6,9256.79,665.73,146,19,44.1,10.17,0,0,0,0,None,Non-fraud,Domestic,Night,Weekday,No Recent PIN Change
TXN0000686852,CUST00002429,2020-04-10,14:13:00,14,0,0,Germany,Mumbai,Fuel,Credit Card,Mobile,53,749,1.9,3483.64,116.29,160,31,32.8,1.45,1,0,0,0,None,Non-fraud,International,Day,Weekday,No Recent PIN Change
TXN0000204853,CUST00172059,2021-06-11,17:09:00,17,0,0,France,Mexico City,Utilities,Credit Card,POS Terminal,27,768,5.3,16996.39,61.63,148,16,8,14.63,0,0,0,0,None,Non-fraud,Domestic,Day,Weekday,No Recent PIN Change
TXN0000603072,CUST00127013,2024-11-22,00:46:00,0,0,1,France,São Paulo,Fuel,Credit Card,Mobile,34,525,3.9,11256.28,26.39,143,21,21.2,13.36,0,0,1,0,None,Non-fraud,Domestic,Night,Weekday,Recent PIN Change
TXN0000623986,CUST00186719,2021-01-22,22:37:00,22,0,1,Brazil,Toronto,Travel,Credit Card,Mobile,34,691,8.2,18344.12,380.74,128,22,40.6,9.24,0,2,0,0,None,Non-fraud,Domestic,Night,Weekday,No Recent PIN Change
TXN0000881670,CUST00173620,2020-09-09,15:39:00,15,0,0,USA,Berlin,Grocery,Debit Card,POS Terminal,46,532,2.2,8088.64,89,152,24,53.9,13.99,0,0,0,0,None,Non-fraud,Domestic,Day,Weekday,No Recent PIN Change
TXN0000526855,CUST00128147,2022-07-14,04:00:00,4,0,1,Germany,Toronto,Crypto Exchange,Bank Transfer,Desktop,28,681,11.5,5596.97,134.3,142,25,0.6,27.75,0,0,0,0,None,Non-fraud,Domestic,Night,Weekday,No Recent PIN Change
TXN0000426369,CUST00084136,2020-08-27,07:09:00,7,0,0,India,Manchester,Jewelry,Debit Card,POS Terminal,66,800,7.8,12333.97,461.64,158,14,4.4,1,0,0,0,0,None,Non-fraud,Domestic,Day,Weekday,No Recent PIN Change
TXN0000617627,CUST00167975,2022-01-28,20:16:00,20,0,0,USA,Tokyo,Gaming,Debit Card,Mobile,38,661,0.2,23750.93,32.27,155,20,21.6,12.21,0,0,0,0,None,Non-fraud,Domestic,Day,Weekday,No Recent PIN Change
TXN0000193810,CUST00070722,2024-10-30,03:24:00,3,0,1,India,Delhi,Online Shopping,Mobile Payment,Mobile,29,699,6.4,668.51,43.73,142,16,43.8,3.54,0,0,0,0,None,Non-fraud,Domestic,Night,Weekday,No Recent PIN Change
TXN0000934989,CUST00109922,2023-02-06,11:55:00,11,0,0,Australia,Lyon,Clothing,Crypto,Desktop,24,803,1.2,12429,13.18,152,20,11.8,31.11,0,1,0,0,None,Non-fraud,Domestic,Day,Weekday,No Recent PIN Change
TXN0000708822,CUST00175980,2023-07-26,14:06:00,14,0,0,Australia,Rio,Clothing,Debit Card,Desktop,47,614,10,4340.37,157.39,165,14,37.4,10.28,0,0,0,0,None,Non-fraud,Domestic,Day,Weekday,No Recent PIN Change
TXN0000293372,CUST00090573,2021-12-23,18:54:00,18,0,0,Mexico,London,Fuel,Credit Card,Mobile,38,702,6.6,1791.75,79.39,157,20,16.2,27.45,0,0,0,0,None,Non-fraud,Domestic,Day,Weekday,No Recent PIN Change
TXN0000999924,CUST00071953,2021-11-14,14:32:00,14,1,0,Australia,Berlin,Jewelry,Debit Card,Mobile,52,759,0.7,42341.59,197.72,146,18,3.5,2.69,0,0,0,0,None,Non-fraud,Domestic,Day,Weekend,No Recent PIN Change
TXN0000650015,CUST00019746,2023-03-30,15:03:00,15,0,0,Mexico,Munich,ATM Withdrawal,Debit Card,Mobile,51,659,8.8,6178.96,54.41,156,31,45.2,8.73,0,0,0,0,None,Non-fraud,Domestic,Day,Weekday,No Recent PIN Change
TXN0000425801,CUST00076439,2021-03-23,08:40:00,8,0,0,Canada,Melbourne,Restaurant,Credit Card,Desktop,51,542,5.3,2439.8,53.2,135,17,5.7,16.44,0,0,0,0,None,Non-fraud,Domestic,Day,Weekday,No Recent PIN Change
TXN0000587358,CUST00016409,2024-03-21,04:31:00,4,0,1,UK,London,Clothing,Credit Card,Mobile,56,563,5.9,2940.09,47.12,176,22,10.2,9.29,0,0,0,0,None,Non-fraud,Domestic,Night,Weekday,No Recent PIN Change
TXN0000475716,CUST00177650,2020-03-21,15:12:00,15,1,0,UK,Delhi,Jewelry,Debit Card,Desktop,18,683,0.4,2862.14,23.47,173,18,16.4,43.82,1,0,0,0,None,Non-fraud,International,Day,Weekend,No Recent PIN Change
TXN0000793838,CUST00059314,2024-09-03,07:46:00,7,0,0,India,São Paulo,Jewelry,Cheque,Mobile,41,736,1.4,4837.03,41.36,139,21,29.2,7.25,0,0,0,0,None,Non-fraud,Domestic,Day,Weekday,No Recent PIN Change
TXN0000424619,CUST00102847,2020-02-06,17:07:00,17,0,0,USA,London,Clothing,Debit Card,Desktop,37,762,1.4,6460.15,74.55,154,21,3.6,7.92,0,0,0,0,None,Non-fraud,Domestic,Day,Weekday,No Recent PIN Change
TXN0000708142,CUST00071564,2022-05-28,02:00:00,2,1,1,Germany,New York,Crypto Exchange,Bank Transfer,Mobile,41,672,0.9,822.68,90.98,150,21,20,9.63,0,0,0,0,None,Non-fraud,Domestic,Night,Weekend,No Recent PIN Change
TXN0000399040,CUST00118591,2022-10-21,20:13:00,20,0,0,France,London,Travel,Debit Card,POS Terminal,54,805,2.3,6240.42,2421.07,160,26,21.7,3.1,0,0,0,0,None,Non-fraud,Domestic,Day,Weekday,No Recent PIN Change
TXN0000095379,CUST00084110,2023-05-06,15:11:00,15,1,0,Brazil,Delhi,Healthcare,Mobile Payment,Mobile,47,675,5.3,8326.04,228.07,151,18,10.8,1.85,1,0,0,0,None,Non-fraud,International,Day,Weekend,No Recent PIN Change
TXN0000283884,CUST00179038,2024-06-06,23:37:00,23,0,1,Mexico,Vancouver,Utilities,Mobile Payment,Desktop,33,749,0.7,8108.32,40.81,131,25,2.3,13.01,0,0,1,0,None,Non-fraud,Domestic,Night,Weekday,Recent PIN Change
TXN0000782184,CUST00082627,2021-02-22,16:11:00,16,0,0,India,Mexico City,Clothing,Credit Card,Tablet,58,668,4.3,5019.27,79.28,154,19,14.8,13.25,0,1,0,0,None,Non-fraud,Domestic,Day,Weekday,No Recent PIN Change
TXN0000863680,CUST00021069,2021-11-07,16:29:00,16,1,0,USA,Paris,Crypto Exchange,Crypto,Mobile,43,728,0.5,7390.39,146.57,151,14,62.4,6.47,0,0,0,0,None,Non-fraud,Domestic,Day,Weekend,No Recent PIN Change
TXN0000056386,CUST00032069,2023-03-31,22:28:00,22,0,1,Germany,Berlin,Online Shopping,Credit Card,Desktop,50,669,2.6,25324.89,40.71,136,14,43.2,9.37,0,1,0,0,None,Non-fraud,Domestic,Night,Weekday,No Recent PIN Change
TXN0000724302,CUST00027457,2024-09-04,16:27:00,16,0,0,Brazil,Munich,Jewelry,Debit Card,ATM,38,716,0.3,6560.5,106.42,136,15,10.6,10.22,0,0,0,0,None,Non-fraud,Domestic,Day,Weekday,No Recent PIN Change
TXN0000390412,CUST00038550,2022-10-26,03:02:00,3,0,1,France,New York,Restaurant,Mobile Payment,POS Terminal,56,750,2.4,27129.28,40.57,147,19,18,2.01,0,0,0,0,None,Non-fraud,Domestic,Night,Weekday,No Recent PIN Change
TXN0000971266,CUST00031251,2020-08-31,15:10:00,15,0,0,USA,Lyon,Grocery,Credit Card,Mobile,48,695,14.1,735.49,251.41,167,24,1.9,5.23,1,0,0,0,None,Non-fraud,International,Day,Weekday,No Recent PIN Change
TXN0000986471,CUST00087337,2022-06-05,08:48:00,8,1,0,India,London,Entertainment,Credit Card,Mobile,27,734,0.1,15497.69,126.08,152,24,7.1,10,0,0,0,0,None,Non-fraud,Domestic,Day,Weekend,No Recent PIN Change
TXN0000805652,CUST00078462,2022-03-25,07:39:00,7,0,0,Germany,Munich,Restaurant,Credit Card,Desktop,45,603,8.7,5214.84,30.77,136,18,26.7,3.68,0,0,0,0,None,Non-fraud,Domestic,Day,Weekday,No Recent PIN Change
TXN0000948181,CUST00022229,2023-06-05,00:05:00,0,0,1,Canada,Sydney,Jewelry,Credit Card,ATM,28,586,1.9,262723.14,665.39,156,20,17.8,3.06,0,0,0,0,None,Non-fraud,Domestic,Night,Weekday,No Recent PIN Change
TXN0000748441,CUST00023179,2021-05-15,05:33:00,5,1,1,USA,Melbourne,Travel,Credit Card,Desktop,44,698,9.6,43954.62,756.62,161,21,6.4,24.75,0,0,0,0,None,Non-fraud,Domestic,Night,Weekend,No Recent PIN Change
TXN0000376986,CUST00151872,2021-03-20,19:52:00,19,1,0,USA,Rio,Crypto Exchange,Credit Card,Desktop,18,666,2,33171.23,54.98,121,23,31.5,4.16,0,0,0,0,None,Non-fraud,Domestic,Day,Weekend,No Recent PIN Change
TXN0000478150,CUST00192571,2022-11-15,15:40:00,15,0,0,Germany,London,Crypto Exchange,Debit Card,POS Terminal,24,660,0.7,814.78,139.41,140,23,19.8,21,0,1,0,0,None,Non-fraud,Domestic,Day,Weekday,No Recent PIN Change
TXN0000392093,CUST00173487,2023-11-11,17:32:00,17,1,0,Canada,Los Angeles,Healthcare,Credit Card,Tablet,27,850,10.6,5388.54,22.29,144,20,15.4,28.34,0,0,0,0,None,Non-fraud,Domestic,Day,Weekend,No Recent PIN Change
TXN0000045564,CUST00105045,2022-06-09,07:41:00,7,0,0,UK,Mexico City,Crypto Exchange,Credit Card,ATM,36,678,0.5,9339.05,24.52,147,15,7.3,7.2,0,1,0,0,None,Non-fraud,Domestic,Day,Weekday,No Recent PIN Change
TXN0000221002,CUST00154252,2023-12-03,16:14:00,16,1,0,USA,Tokyo,ATM Withdrawal,Credit Card,ATM,51,807,3.2,4237.06,16.77,151,23,16.2,10.27,1,0,0,0,None,Non-fraud,International,Day,Weekend,No Recent PIN Change
TXN0000283795,CUST00124717,2021-10-19,06:51:00,6,0,1,USA,Mumbai,Fuel,Bank Transfer,Mobile,34,732,0.1,7498.95,185.1,171,17,2.9,17.38,0,0,1,0,None,Non-fraud,Domestic,Night,Weekday,Recent PIN Change
TXN0000578145,CUST00036858,2021-11-10,13:54:00,13,0,0,UK,Manchester,Education,Bank Transfer,POS Terminal,32,576,10.8,32596.56,52.23,173,15,0.1,1.14,0,3,1,0,None,Non-fraud,Domestic,Day,Weekday,Recent PIN Change
TXN0000413008,CUST00088570,2020-02-22,15:07:00,15,1,0,USA,Toronto,Electronics,Crypto,ATM,57,598,1.3,17227.23,542.51,155,19,12.1,9.18,0,0,0,0,None,Non-fraud,Domestic,Day,Weekend,No Recent PIN Change
TXN0000597263,CUST00146145,2023-07-14,00:30:00,0,0,1,USA,Mumbai,Electronics,Bank Transfer,Mobile,18,636,0.4,3327.33,66.33,158,11,15,23.65,0,0,0,0,None,Non-fraud,Domestic,Night,Weekday,No Recent PIN Change
TXN0000148850,CUST00059289,2021-05-30,04:33:00,4,1,1,USA,Manchester,Clothing,Mobile Payment,Tablet,42,551,1.5,1834.48,164.21,131,18,5.3,5.03,0,0,0,0,None,Non-fraud,Domestic,Night,Weekend,No Recent PIN Change
TXN0000828927,CUST00191224,2021-09-08,16:28:00,16,0,0,USA,Sydney,Crypto Exchange,Debit Card,Mobile,33,615,2,3438.39,10.95,169,15,13.6,0.3,0,0,0,0,None,Non-fraud,Domestic,Day,Weekday,No Recent PIN Change
TXN0000564919,CUST00179627,2022-01-08,06:33:00,6,1,1,Canada,London,Online Shopping,Mobile Payment,Mobile,43,555,2,3651.27,14.2,137,26,12.1,8.02,0,0,0,0,None,Non-fraud,Domestic,Night,Weekend,No Recent PIN Change
TXN0000968047,CUST00192873,2021-10-08,11:21:00,11,0,0,Germany,Guadalajara,Clothing,Debit Card,Desktop,52,646,0.1,6056.15,165.02,158,25,12.6,1.24,1,0,0,0,None,Non-fraud,International,Day,Weekday,No Recent PIN Change
TXN0000166691,CUST00172308,2024-07-14,14:30:00,14,1,0,USA,New York,Fuel,Credit Card,Mobile,27,647,2.8,7784.69,34.55,152,14,2.9,12.4,0,3,0,0,None,Non-fraud,Domestic,Day,Weekend,No Recent PIN Change
TXN0000854736,CUST00167882,2024-04-28,14:04:00,14,1,0,UK,Lyon,Gaming,Credit Card,ATM,33,683,5.1,17175.61,5.27,132,26,4.7,2.62,0,1,0,0,None,Non-fraud,Domestic,Day,Weekend,No Recent PIN Change
TXN0000431381,CUST00146386,2020-04-05,00:11:00,0,1,1,USA,Manchester,Utilities,Debit Card,POS Terminal,44,563,2.9,2778.14,93.06,147,9,17.5,16.2,0,0,0,0,None,Non-fraud,Domestic,Night,Weekend,No Recent PIN Change
TXN0000484499,CUST00047249,2024-01-04,12:26:00,12,0,0,UK,Manchester,Utilities,Credit Card,Mobile,39,682,3.2,5362.36,56.65,148,25,5,31.25,0,0,0,0,None,Non-fraud,Domestic,Day,Weekday,No Recent PIN Change
TXN0000630697,CUST00055893,2021-08-24,21:54:00,21,0,0,Germany,Los Angeles,Education,Debit Card,Tablet,43,723,6.2,7734.81,41.08,158,20,7.5,5.62,0,0,1,0,None,Non-fraud,Domestic,Day,Weekday,Recent PIN Change
TXN0000325199,CUST00090990,2024-05-16,04:05:00,4,0,1,Mexico,Sydney,Utilities,Crypto,ATM,26,660,2,14939.36,209.16,150,15,55.1,6.18,0,0,0,0,None,Non-fraud,Domestic,Night,Weekday,No Recent PIN Change
TXN0000547520,CUST00145446,2020-06-02,03:23:00,3,0,1,Australia,Sydney,Travel,Debit Card,Mobile,40,657,1.3,29438.26,1355.96,142,23,7.3,36.3,0,0,0,0,None,Non-fraud,Domestic,Night,Weekday,No Recent PIN Change
TXN0000675581,CUST00041334,2022-02-09,11:18:00,11,0,0,Canada,Los Angeles,Utilities,Credit Card,Mobile,43,691,25.1,16223.78,21.02,150,23,14.3,21.36,0,0,0,0,None,Non-fraud,Domestic,Day,Weekday,No Recent PIN Change
TXN0000670237,CUST00127866,2022-05-17,00:06:00,0,0,1,UK,Guadalajara,Entertainment,Credit Card,Desktop,47,597,4,5047.43,60.51,167,16,5.6,23.92,0,0,0,0,None,Non-fraud,Domestic,Night,Weekday,No Recent PIN Change
TXN0000123839,CUST00159172,2020-10-21,18:53:00,18,0,0,Brazil,Berlin,Healthcare,Debit Card,Mobile,39,773,2.7,5984.57,123.95,140,21,11.3,10.77,0,1,0,0,None,Non-fraud,Domestic,Day,Weekday,No Recent PIN Change
TXN0000377296,CUST00187348,2020-09-25,06:46:00,6,0,1,Japan,Munich,ATM Withdrawal,Credit Card,Desktop,61,782,18.4,1918.14,70.77,154,20,3,7.14,1,0,0,0,None,Non-fraud,International,Night,Weekday,No Recent PIN Change
TXN0000791561,CUST00133196,2020-12-11,10:55:00,10,0,0,UK,Lyon,Education,Debit Card,Mobile,36,799,0.3,7016.58,283.63,146,27,14.8,10.77,0,0,0,0,None,Non-fraud,Domestic,Day,Weekday,No Recent PIN Change
TXN0000914639,CUST00015680,2020-10-31,18:30:00,18,1,0,Mexico,Guadalajara,Jewelry,Credit Card,Mobile,40,604,7.2,24978,193.23,150,15,0.4,21.24,0,1,0,0,None,Non-fraud,Domestic,Day,Weekend,No Recent PIN Change
TXN0000917914,CUST00174177,2022-11-23,09:42:00,9,0,0,USA,Manchester,Education,Credit Card,Mobile,62,582,7.6,1934.01,83.53,141,19,10.4,1.5,0,0,0,0,None,Non-fraud,Domestic,Day,Weekday,No Recent PIN Change
TXN0000352078,CUST00012794,2022-04-06,20:25:00,20,0,0,France,São Paulo,Online Shopping,Credit Card,Tablet,44,765,7.6,4826.89,577.38,133,11,24.9,12.27,0,0,0,0,None,Non-fraud,Domestic,Day,Weekday,No Recent PIN Change
TXN0000536436,CUST00036801,2023-03-23,04:08:00,4,0,1,India,Los Angeles,Fuel,Bank Transfer,Mobile,36,717,3.5,21117.3,72.68,156,13,47.3,23.39,1,0,0,0,None,Non-fraud,International,Night,Weekday,No Recent PIN Change
TXN0000173124,CUST00039455,2023-06-20,05:37:00,5,0,1,UK,Mumbai,Healthcare,Mobile Payment,Desktop,40,661,5,8142.23,39.08,171,23,21.7,3.53,0,0,0,0,None,Non-fraud,Domestic,Night,Weekday,No Recent PIN Change
TXN0000988291,CUST00060998,2023-06-27,13:01:00,13,0,0,Australia,Tokyo,Fuel,Cheque,Mobile,55,718,3.4,27098.72,40.95,135,19,2.4,9.49,0,3,1,0,None,Non-fraud,Domestic,Day,Weekday,Recent PIN Change
TXN0000027042,CUST00072969,2024-09-04,18:40:00,18,0,0,USA,Melbourne,Utilities,Credit Card,Desktop,48,662,1.9,3356.25,2.7,150,18,46,19.82,1,0,0,0,None,Non-fraud,International,Day,Weekday,No Recent PIN Change
TXN0000708856,CUST00114679,2023-12-03,22:27:00,22,1,1,Brazil,Manchester,Gaming,Debit Card,Tablet,63,728,13.1,17793.69,7.03,136,26,18.1,35.21,0,0,0,0,None,Non-fraud,Domestic,Night,Weekend,No Recent PIN Change
TXN0000847651,CUST00160709,2022-05-16,14:27:00,14,0,0,USA,Paris,ATM Withdrawal,Debit Card,Desktop,31,646,0.7,3748.57,108.91,159,21,49.6,15.14,0,0,0,0,None,Non-fraud,Domestic,Day,Weekday,No Recent PIN Change
TXN0000440715,CUST00059537,2023-08-18,09:46:00,9,0,0,India,Mexico City,ATM Withdrawal,Cheque,Mobile,18,825,4.4,3805.16,64.59,165,19,0.6,2.52,0,0,0,0,None,Non-fraud,Domestic,Day,Weekday,No Recent PIN Change
TXN0000372778,CUST00028456,2020-01-31,22:56:00,22,0,1,Germany,Paris,Utilities,Credit Card,Mobile,33,702,0.4,1175.37,335.53,128,22,11.6,14.51,0,1,0,0,None,Non-fraud,Domestic,Night,Weekday,No Recent PIN Change
TXN0000431476,CUST00033899,2024-04-13,09:58:00,9,1,0,India,Los Angeles,Clothing,Mobile Payment,Mobile,46,745,5,11186.22,16.19,151,18,2.5,7.48,0,0,0,0,None,Non-fraud,Domestic,Day,Weekend,No Recent PIN Change
TXN0000642863,CUST00115391,2021-05-15,19:22:00,19,1,0,Japan,Vancouver,Jewelry,Debit Card,Tablet,32,687,10.1,142567.74,97.38,147,17,0.2,26.19,0,0,0,0,None,Non-fraud,Domestic,Day,Weekend,No Recent PIN Change
TXN0000359515,CUST00180013,2022-06-02,11:30:00,11,0,0,UK,Mumbai,Travel,Credit Card,Desktop,56,623,14.9,5487.6,366.82,142,27,7.8,9.88,0,0,0,0,None,Non-fraud,Domestic,Day,Weekday,No Recent PIN Change
TXN0000537448,CUST00050437,2023-09-08,22:35:00,22,0,1,UK,London,Online Shopping,Debit Card,Desktop,56,642,8,4183.12,15.89,179,16,23.1,1.52,0,0,0,0,None,Non-fraud,Domestic,Night,Weekday,No Recent PIN Change
TXN0000320201,CUST00014835,2021-01-02,22:54:00,22,1,1,USA,Osaka,Utilities,Debit Card,Mobile,50,736,4.1,16103.07,320.67,126,15,8.2,0.9,1,0,0,0,None,Non-fraud,International,Night,Weekend,No Recent PIN Change
TXN0000730560,CUST00080870,2020-06-14,22:26:00,22,1,1,India,Tokyo,Fuel,Debit Card,Tablet,53,527,3.5,18793.11,51.33,142,21,19.7,18.38,0,0,0,0,None,Non-fraud,Domestic,Night,Weekend,No Recent PIN Change
TXN0000803512,CUST00066123,2023-06-19,06:48:00,6,0,1,Australia,Berlin,Online Shopping,Credit Card,Mobile,43,758,3.1,12157.85,97.69,180,25,7.9,18.32,0,0,0,0,None,Non-fraud,Domestic,Night,Weekday,No Recent PIN Change
TXN0000784819,CUST00093148,2022-12-11,14:17:00,14,1,0,France,Lyon,Travel,Debit Card,POS Terminal,43,813,6.2,4036.34,199.79,157,17,7.5,17.98,1,0,0,0,None,Non-fraud,International,Day,Weekend,No Recent PIN Change
TXN0000157023,CUST00142095,2020-11-07,01:04:00,1,1,1,USA,Guadalajara,ATM Withdrawal,Credit Card,Desktop,58,722,8.7,2272.96,25.35,131,21,1.1,12.63,0,0,0,0,None,Non-fraud,Domestic,Night,Weekend,No Recent PIN Change
TXN0000449566,CUST00149966,2021-08-08,10:42:00,10,1,0,Japan,Delhi,Healthcare,Credit Card,Desktop,32,668,2.8,4780.01,30.7,140,19,7.9,16.61,0,4,0,0,None,Non-fraud,Domestic,Day,Weekend,No Recent PIN Change
TXN0000663609,CUST00161207,2024-08-05,00:09:00,0,0,1,USA,Vancouver,Electronics,Credit Card,Mobile,49,715,5.9,26949.04,8749.1,181,25,26.9,9.98,0,0,0,0,None,Non-fraud,Domestic,Night,Weekday,No Recent PIN Change
TXN0000478775,CUST00100735,2020-10-01,06:02:00,6,0,1,Brazil,Berlin,Electronics,Credit Card,Mobile,31,771,5.3,2272.9,140.67,169,22,13,5.59,0,0,0,0,None,Non-fraud,Domestic,Night,Weekday,No Recent PIN Change
TXN0000181596,CUST00157987,2020-08-22,18:26:00,18,1,0,USA,New York,Crypto Exchange,Bank Transfer,POS Terminal,62,612,3.6,1731.06,26.83,154,15,1.3,1.35,0,1,0,0,None,Non-fraud,Domestic,Day,Weekend,No Recent PIN Change
TXN0000240320,CUST00006423,2023-04-15,05:26:00,5,1,1,Germany,Vancouver,Healthcare,Credit Card,Mobile,25,592,1.6,3426.36,23.08,136,9,0.3,17.6,0,0,1,0,None,Non-fraud,Domestic,Night,Weekend,Recent PIN Change
TXN0000461934,CUST00115457,2022-01-26,02:27:00,2,0,1,Canada,Munich,Entertainment,Credit Card,Desktop,43,630,7.3,4379.39,51.53,152,21,37.1,5.63,1,1,0,0,None,Non-fraud,International,Night,Weekday,No Recent PIN Change
TXN0000039720,CUST00028449,2022-08-03,19:30:00,19,0,0,India,Mexico City,Healthcare,Mobile Payment,Mobile,36,559,0.8,769,29.92,161,24,69.7,7.61,0,0,0,0,None,Non-fraud,Domestic,Day,Weekday,No Recent PIN Change
TXN0000968612,CUST00195301,2020-09-15,16:47:00,16,0,0,Canada,Vancouver,Restaurant,Credit Card,Desktop,57,606,1.7,1892.38,102.75,143,28,5,3.48,0,0,0,0,None,Non-fraud,Domestic,Day,Weekday,No Recent PIN Change
TXN0000243677,CUST00183773,2021-11-23,06:44:00,6,0,1,USA,Munich,Entertainment,Credit Card,ATM,18,679,3.5,14903.03,52.66,129,25,24,10.41,0,0,0,0,None,Non-fraud,Domestic,Night,Weekday,No Recent PIN Change
TXN0000366768,CUST00181060,2022-05-17,12:58:00,12,0,0,Germany,Munich,Fuel,Debit Card,Desktop,36,532,1.6,4109.41,43.31,149,12,2.6,25.13,0,0,0,0,None,Non-fraud,Domestic,Day,Weekday,No Recent PIN Change
TXN0000503138,CUST00119667,2024-07-22,19:44:00,19,0,0,Mexico,Tokyo,Healthcare,Credit Card,POS Terminal,60,496,1.5,1456.88,75.54,141,19,36.2,27.94,0,1,0,0,None,Non-fraud,Domestic,Day,Weekday,No Recent PIN Change
TXN0000879297,CUST00120156,2024-02-14,22:46:00,22,0,1,USA,Berlin,Fuel,Debit Card,Tablet,40,754,0.6,405340.83,41.11,140,19,9.5,12.88,0,0,1,0,None,Non-fraud,Domestic,Night,Weekday,Recent PIN Change
TXN0000256535,CUST00057966,2023-11-21,18:22:00,18,0,0,India,Mexico City,Travel,Debit Card,Desktop,39,510,5.8,35559.07,506.76,135,18,3.4,5.97,0,1,0,0,None,Non-fraud,Domestic,Day,Weekday,No Recent PIN Change
TXN0000375167,CUST00014068,2020-05-26,17:20:00,17,0,0,Mexico,Berlin,Travel,Credit Card,Mobile,40,566,2.9,10191.13,173.2,157,22,10.1,0.16,0,0,0,0,None,Non-fraud,Domestic,Day,Weekday,No Recent PIN Change
TXN0000688184,CUST00006009,2021-07-13,15:31:00,15,0,0,Mexico,Osaka,Clothing,Mobile Payment,Mobile,35,770,8.1,10654.8,161.03,158,21,9.3,33.74,1,0,0,0,None,Non-fraud,International,Day,Weekday,No Recent PIN Change
TXN0000274619,CUST00138255,2021-11-20,12:06:00,12,1,0,Mexico,Guadalajara,Utilities,Credit Card,Desktop,30,488,8.9,49751.56,30.47,157,26,41.4,29.66,0,0,0,0,None,Non-fraud,Domestic,Day,Weekend,No Recent PIN Change
TXN0000602632,CUST00136859,2024-02-16,18:05:00,18,0,0,France,Melbourne,Online Shopping,Bank Transfer,Desktop,57,850,1.6,9788.71,45.61,143,13,7.5,15.26,0,0,0,0,None,Non-fraud,Domestic,Day,Weekday,No Recent PIN Change
TXN0000513043,CUST00048087,2021-11-16,02:23:00,2,0,1,USA,New York,Utilities,Crypto,Mobile,40,728,0.4,10726.73,61.68,160,18,33.8,26.72,0,0,0,0,None,Non-fraud,Domestic,Night,Weekday,No Recent PIN Change
TXN0000316167,CUST00087889,2022-04-24,05:34:00,5,1,1,Germany,São Paulo,Electronics,Bank Transfer,Mobile,44,752,9.8,2374.88,402.19,145,25,33.5,35.04,0,0,0,0,None,Non-fraud,Domestic,Night,Weekend,No Recent PIN Change
TXN0000132818,CUST00136178,2022-03-03,03:00:00,3,0,1,UK,Paris,Gaming,Credit Card,Mobile,40,661,5.9,901.48,17.06,148,19,31.4,7.9,0,0,0,0,None,Non-fraud,Domestic,Night,Weekday,No Recent PIN Change
TXN0000862299,CUST00166261,2021-10-30,08:53:00,8,1,0,Japan,Osaka,Entertainment,Debit Card,Desktop,43,622,4,38251.54,26.55,155,32,11.1,34.82,1,0,0,0,None,Non-fraud,International,Day,Weekend,No Recent PIN Change
TXN0000350822,CUST00142722,2020-10-05,12:33:00,12,0,0,USA,Tokyo,Jewelry,Debit Card,Mobile,79,648,9.4,133798.54,465.04,174,16,39.4,30.49,0,0,0,0,None,Non-fraud,Domestic,Day,Weekday,No Recent PIN Change
TXN0000513171,CUST00165479,2022-05-22,16:39:00,16,1,0,Canada,Vancouver,Grocery,Debit Card,Desktop,56,589,0.4,2155.29,28.48,129,11,3.1,2.81,0,0,0,0,None,Non-fraud,Domestic,Day,Weekend,No Recent PIN Change
TXN0000263647,CUST00147860,2020-06-28,15:45:00,15,1,0,India,São Paulo,Electronics,Credit Card,POS Terminal,18,746,5,4352.51,960.27,150,12,4.4,15.08,1,0,1,0,None,Non-fraud,International,Day,Weekend,Recent PIN Change
TXN0000878461,CUST00154368,2021-02-04,21:28:00,21,0,0,Brazil,Lyon,Jewelry,Bank Transfer,ATM,75,782,2.5,2965.03,65.52,155,23,1.8,9.62,0,0,0,0,None,Non-fraud,Domestic,Day,Weekday,No Recent PIN Change
TXN0000321244,CUST00052013,2020-04-11,17:13:00,17,1,0,USA,Mumbai,Fuel,Crypto,POS Terminal,42,606,1.8,5563.74,19.98,148,25,1.1,1.55,0,0,0,0,None,Non-fraud,Domestic,Day,Weekend,No Recent PIN Change
TXN0000466460,CUST00009823,2023-06-10,05:05:00,5,1,1,USA,Sydney,Grocery,Credit Card,Desktop,34,785,7,1195.69,18.59,150,26,25.2,20.4,0,0,0,0,None,Non-fraud,Domestic,Night,Weekend,No Recent PIN Change
TXN0000067290,CUST00111558,2021-04-06,10:47:00,10,0,0,Mexico,Munich,Healthcare,Bank Transfer,Desktop,48,639,1.9,5650.1,68.04,164,28,4.6,34.05,0,1,0,0,None,Non-fraud,Domestic,Day,Weekday,No Recent PIN Change
TXN0000536062,CUST00081961,2024-04-01,09:21:00,9,0,0,India,Paris,Entertainment,Debit Card,Desktop,38,549,1.5,18875.04,52.53,162,19,4.1,8.39,0,0,0,0,None,Non-fraud,Domestic,Day,Weekday,No Recent PIN Change
TXN0000570425,CUST00024514,2021-02-11,16:29:00,16,0,0,USA,Sydney,Entertainment,Credit Card,Desktop,58,589,1.7,8291.76,60.31,149,20,6.7,13.57,0,0,0,0,None,Non-fraud,Domestic,Day,Weekday,No Recent PIN Change
TXN0000087963,CUST00081863,2020-12-13,10:40:00,10,1,0,UK,Melbourne,Gaming,Cheque,Mobile,18,657,8.1,3391.43,26.86,153,19,16.1,11.81,0,0,0,0,None,Non-fraud,Domestic,Day,Weekend,No Recent PIN Change
TXN0000331820,CUST00178772,2023-11-17,23:30:00,23,0,1,France,Berlin,Clothing,Credit Card,Mobile,36,825,5.7,13927.68,12.66,155,14,86.5,17.83,0,3,0,0,None,Non-fraud,Domestic,Night,Weekday,No Recent PIN Change
TXN0000444244,CUST00010437,2021-08-11,18:54:00,18,0,0,USA,São Paulo,Education,Bank Transfer,Mobile,18,634,5.3,13358.45,78.56,178,22,7.4,2.39,0,0,0,0,None,Non-fraud,Domestic,Day,Weekday,No Recent PIN Change
TXN0000684664,CUST00025350,2022-11-13,17:34:00,17,1,0,Brazil,Munich,Clothing,Debit Card,Mobile,30,647,3.1,5572.14,59.5,178,25,12.4,8.64,0,0,0,0,None,Non-fraud,Domestic,Day,Weekend,No Recent PIN Change
TXN0000824368,CUST00150634,2021-07-01,14:48:00,14,0,0,USA,Toronto,ATM Withdrawal,Credit Card,Mobile,26,617,15.1,18274.41,226.27,132,16,18.9,0.57,0,3,0,0,None,Non-fraud,Domestic,Day,Weekday,No Recent PIN Change
TXN0000551607,CUST00144670,2022-08-02,02:49:00,2,0,1,India,Manchester,Restaurant,Credit Card,Tablet,24,793,2,22516.72,98.85,148,23,22.8,11.4,0,1,1,0,None,Non-fraud,Domestic,Night,Weekday,Recent PIN Change
TXN0000386778,CUST00073686,2024-12-01,11:15:00,11,1,0,India,Mumbai,Crypto Exchange,Credit Card,Mobile,43,734,3.6,23925.42,46.76,154,22,38.5,14.4,0,1,0,0,None,Non-fraud,Domestic,Day,Weekend,No Recent PIN Change
TXN0000648534,CUST00118219,2023-10-02,15:51:00,15,0,0,USA,London,Electronics,Credit Card,Mobile,43,578,2.4,2708.21,126.2,143,21,28.2,95.17,0,0,0,0,None,Non-fraud,Domestic,Day,Weekday,No Recent PIN Change
TXN0000034889,CUST00069886,2020-06-28,21:28:00,21,1,0,India,Paris,Online Shopping,Debit Card,ATM,36,772,0.1,72868.2,166.79,135,16,40.9,2.79,0,0,0,0,None,Non-fraud,Domestic,Day,Weekend,No Recent PIN Change
TXN0000833014,CUST00135414,2024-05-29,12:29:00,12,0,0,UK,Mumbai,Jewelry,Bank Transfer,Tablet,42,715,9.4,278217.06,230.56,173,19,92.2,11.74,0,0,0,0,None,Non-fraud,Domestic,Day,Weekday,No Recent PIN Change
TXN0000150035,CUST00154027,2021-07-05,06:03:00,6,0,1,Germany,Toronto,Utilities,Mobile Payment,Mobile,36,606,2.9,2207.7,483.31,128,16,4.1,2.44,0,0,0,0,None,Non-fraud,Domestic,Night,Weekday,No Recent PIN Change
TXN0000328328,CUST00021864,2023-10-15,19:00:00,19,1,0,India,Melbourne,Online Shopping,Bank Transfer,Tablet,18,671,1.1,1773.57,72.52,152,22,2.6,3.34,0,0,0,0,None,Non-fraud,Domestic,Day,Weekend,No Recent PIN Change
TXN0000864921,CUST00062950,2022-08-18,15:52:00,15,0,0,Germany,Delhi,Crypto Exchange,Debit Card,Desktop,31,679,0.1,22655.91,273.14,141,18,29.2,14.7,0,0,0,0,None,Non-fraud,Domestic,Day,Weekday,No Recent PIN Change
TXN0000738760,CUST00188114,2024-09-02,03:57:00,3,0,1,Canada,Mumbai,Gaming,Cheque,Mobile,75,850,3.6,25756.16,45.13,159,20,36.8,25.89,0,0,1,0,None,Non-fraud,Domestic,Night,Weekday,Recent PIN Change
TXN0000217494,CUST00034338,2020-09-03,03:04:00,3,0,1,Australia,Toronto,Entertainment,Debit Card,Desktop,48,680,2.8,4656.15,25.66,131,22,6.1,4.88,0,0,0,0,None,Non-fraud,Domestic,Night,Weekday,No Recent PIN Change
TXN0000431744,CUST00052074,2023-04-29,12:50:00,12,1,0,France,Guadalajara,ATM Withdrawal,Credit Card,POS Terminal,18,806,2.9,16091.49,15.14,140,26,2.8,4.76,1,0,0,0,None,Non-fraud,International,Day,Weekend,No Recent PIN Change
TXN0000443656,CUST00025085,2024-11-14,07:58:00,7,0,0,Australia,Berlin,Gaming,Debit Card,Mobile,41,670,1.8,1480.64,3.93,139,22,14.7,15.6,0,0,0,0,None,Non-fraud,Domestic,Day,Weekday,No Recent PIN Change
TXN0000879015,CUST00010968,2023-04-13,16:26:00,16,0,0,India,Delhi,ATM Withdrawal,Credit Card,Mobile,42,703,5.7,1940.49,110.25,155,22,1.6,0.78,0,0,0,0,None,Non-fraud,Domestic,Day,Weekday,No Recent PIN Change
TXN0000562035,CUST00186391,2023-04-04,23:35:00,23,0,1,France,Paris,Gaming,Mobile Payment,ATM,59,534,1.5,8005.35,46.51,145,19,52.4,9.57,0,0,0,0,None,Non-fraud,Domestic,Night,Weekday,No Recent PIN Change
TXN0000616107,CUST00002999,2021-04-24,17:24:00,17,1,0,Australia,Vancouver,Fuel,Debit Card,Tablet,56,606,2.3,11145.52,49.88,147,28,2,25.2,0,0,0,0,None,Non-fraud,Domestic,Day,Weekend,No Recent PIN Change
TXN0000472889,CUST00021996,2023-11-13,15:23:00,15,0,0,India,Munich,ATM Withdrawal,Credit Card,Mobile,53,660,21.5,6586.17,26.79,142,13,2.6,5.2,1,0,0,0,None,Non-fraud,International,Day,Weekday,No Recent PIN Change
TXN0000909060,CUST00147263,2020-04-03,08:42:00,8,0,0,Japan,Los Angeles,Education,Credit Card,Mobile,39,642,1.9,5375.28,65.14,155,22,2.6,0.81,0,0,0,0,None,Non-fraud,Domestic,Day,Weekday,No Recent PIN Change
TXN0000749178,CUST00059519,2020-05-23,05:07:00,5,1,1,Germany,Tokyo,Clothing,Debit Card,Mobile,75,577,6.9,1762.74,111.3,162,29,17.3,10.69,0,0,0,0,None,Non-fraud,Domestic,Night,Weekend,No Recent PIN Change
TXN0000625037,CUST00126803,2021-08-17,17:56:00,17,0,0,USA,New York,Clothing,Bank Transfer,ATM,21,621,10,3749.52,81.11,152,21,17.7,4.24,0,1,0,0,None,Non-fraud,Domestic,Day,Weekday,No Recent PIN Change
TXN0000050631,CUST00099282,2024-12-24,23:03:00,23,0,1,USA,Melbourne,Utilities,Debit Card,ATM,33,560,4.5,11417.06,10.03,155,26,30.2,15.73,0,0,0,0,None,Non-fraud,Domestic,Night,Weekday,No Recent PIN Change
TXN0000033369,CUST00056437,2022-03-19,02:02:00,2,1,1,USA,Berlin,Utilities,Credit Card,Mobile,44,811,7.9,40937.52,16.92,140,17,10.6,2.36,0,0,1,0,None,Non-fraud,Domestic,Night,Weekend,Recent PIN Change
TXN0000624957,CUST00119871,2020-12-29,16:15:00,16,0,0,India,Osaka,Utilities,Credit Card,Mobile,28,613,4.4,49602.68,38.04,137,23,11.8,3.68,0,0,0,0,None,Non-fraud,Domestic,Day,Weekday,No Recent PIN Change
TXN0000311431,CUST00169344,2021-12-31,22:18:00,22,0,1,Germany,Tokyo,Grocery,Bank Transfer,ATM,64,727,0.2,25829.76,89.81,162,17,32.9,18.27,0,0,1,0,None,Non-fraud,Domestic,Night,Weekday,Recent PIN Change
TXN0000795398,CUST00001780,2022-11-20,17:55:00,17,1,0,USA,New York,Education,Credit Card,Mobile,27,593,5,5808.96,27.41,154,19,12,21.26,0,0,0,0,None,Non-fraud,Domestic,Day,Weekend,No Recent PIN Change
TXN0000628220,CUST00140450,2022-01-16,06:54:00,6,1,1,USA,Paris,Clothing,Bank Transfer,Mobile,59,751,2.5,12774.43,31.01,153,22,33.8,7.92,0,0,0,0,None,Non-fraud,Domestic,Night,Weekend,No Recent PIN Change
TXN0000263606,CUST00169498,2022-02-01,10:51:00,10,0,0,India,Rio,Healthcare,Bank Transfer,Mobile,35,650,2.5,8069.6,115.06,129,21,16,0.71,1,2,0,0,None,Non-fraud,International,Day,Weekday,No Recent PIN Change
TXN0000085898,CUST00100653,2022-05-11,21:03:00,21,0,0,UK,São Paulo,Gaming,Credit Card,Mobile,68,631,8.2,2941.48,54.39,140,15,74.8,34.62,0,0,0,0,None,Non-fraud,Domestic,Day,Weekday,No Recent PIN Change
TXN0000020515,CUST00096488,2024-10-10,11:32:00,11,0,0,Australia,Manchester,Entertainment,Credit Card,ATM,40,680,4,2369.03,28.86,141,12,1.8,0.55,0,0,0,0,None,Non-fraud,Domestic,Day,Weekday,No Recent PIN Change
TXN0000326159,CUST00109954,2020-11-16,13:41:00,13,0,0,USA,London,Grocery,Cheque,Mobile,28,810,9.1,32598.34,194.2,167,12,7,19.6,0,0,0,0,None,Non-fraud,Domestic,Day,Weekday,No Recent PIN Change
TXN0000210337,CUST00103029,2021-02-21,22:38:00,22,1,1,Germany,London,Healthcare,Cheque,Mobile,43,744,0.3,9478.25,66.24,150,20,2.8,7.38,0,0,0,0,None,Non-fraud,Domestic,Night,Weekend,No Recent PIN Change
TXN0000557474,CUST00010258,2022-11-01,09:58:00,9,0,0,Japan,Rio,Entertainment,Credit Card,Desktop,39,603,7.3,8594.9,61.3,158,17,5.2,21.53,0,0,0,0,None,Non-fraud,Domestic,Day,Weekday,No Recent PIN Change
TXN0000063510,CUST00116959,2021-02-08,13:15:00,13,0,0,USA,Toronto,Online Shopping,Credit Card,ATM,42,609,1.4,4486.34,117.19,139,19,25.8,3.93,0,0,0,0,None,Non-fraud,Domestic,Day,Weekday,No Recent PIN Change
TXN0000227823,CUST00143545,2021-09-05,15:42:00,15,1,0,UK,Melbourne,Education,Mobile Payment,Mobile,28,719,3.1,9054.39,17.98,177,20,4,19.91,0,1,1,0,None,Non-fraud,Domestic,Day,Weekend,Recent PIN Change
TXN0000057880,CUST00129707,2022-02-19,08:55:00,8,1,0,Germany,Vancouver,Travel,Debit Card,Mobile,35,755,6,2315.81,1141.53,151,22,88.2,4.15,0,0,0,0,None,Non-fraud,Domestic,Day,Weekend,No Recent PIN Change
TXN0000311449,CUST00092050,2023-04-04,16:43:00,16,0,0,Brazil,Mumbai,Entertainment,Crypto,Mobile,71,661,9.1,5155.52,44.04,152,28,15.4,11.36,0,0,0,0,None,Non-fraud,Domestic,Day,Weekday,No Recent PIN Change
TXN0000530127,CUST00081431,2021-03-05,12:49:00,12,0,0,Brazil,Delhi,Grocery,Mobile Payment,Mobile,61,647,4.2,2420.11,13.2,158,25,17.8,16.81,0,0,0,0,None,Non-fraud,Domestic,Day,Weekday,No Recent PIN Change
TXN0000622847,CUST00142933,2024-11-02,11:28:00,11,1,0,Brazil,Lyon,Travel,Credit Card,Mobile,34,618,5.6,2416.96,665,150,18,14.3,4.35,0,0,0,0,None,Non-fraud,Domestic,Day,Weekend,No Recent PIN Change
TXN0000840806,CUST00010974,2023-06-28,07:19:00,7,0,0,Australia,New York,ATM Withdrawal,Credit Card,Desktop,60,720,13.7,23987.96,40.85,143,21,21.3,2.04,1,1,0,0,None,Non-fraud,International,Day,Weekday,No Recent PIN Change
TXN0000640041,CUST00176198,2024-06-12,23:19:00,23,0,1,Germany,São Paulo,Jewelry,Cheque,Desktop,19,687,5.4,29285.31,862.53,153,21,25.5,7.81,0,0,0,0,None,Non-fraud,Domestic,Night,Weekday,No Recent PIN Change
TXN0000372464,CUST00014049,2021-09-02,08:48:00,8,0,0,USA,Guadalajara,Jewelry,Mobile Payment,Mobile,46,643,2.1,44892.6,67.05,135,20,6.7,22.06,0,2,1,0,None,Non-fraud,Domestic,Day,Weekday,Recent PIN Change
TXN0000859519,CUST00072895,2024-05-24,10:47:00,10,0,0,India,Guadalajara,Jewelry,Debit Card,Desktop,40,670,11,15117.83,2120.43,137,26,32.8,10.23,0,0,0,0,None,Non-fraud,Domestic,Day,Weekday,No Recent PIN Change
TXN0000344508,CUST00150090,2021-07-22,05:10:00,5,0,1,UK,Manchester,ATM Withdrawal,Bank Transfer,Mobile,39,668,6.4,1197.13,16.32,121,23,24.6,23.74,0,0,0,0,None,Non-fraud,Domestic,Night,Weekday,No Recent PIN Change
TXN0000774432,CUST00060102,2022-02-08,03:06:00,3,0,1,USA,Tokyo,Entertainment,Bank Transfer,Desktop,45,700,0.4,23940.01,105.86,158,9,4.3,2.06,0,0,0,0,None,Non-fraud,Domestic,Night,Weekday,No Recent PIN Change
TXN0000345777,CUST00025514,2022-04-18,23:17:00,23,0,1,USA,Rio,Grocery,Debit Card,Mobile,37,653,2.3,50520.49,27.74,162,31,0.4,26.23,0,0,0,0,None,Non-fraud,Domestic,Night,Weekday,No Recent PIN Change
TXN0000306363,CUST00177895,2021-01-30,19:37:00,19,1,0,UK,Melbourne,Online Shopping,Debit Card,Desktop,40,649,2.7,2366.65,24.6,155,13,4.6,20.15,0,0,0,0,None,Non-fraud,Domestic,Day,Weekend,No Recent PIN Change
TXN0000474171,CUST00086791,2021-12-10,10:22:00,10,0,0,USA,New York,Utilities,Credit Card,Mobile,33,664,4.3,60469.81,126.29,134,23,29,38.57,0,0,0,0,None,Non-fraud,Domestic,Day,Weekday,No Recent PIN Change
TXN0000082771,CUST00176740,2024-01-28,12:46:00,12,1,0,UK,Berlin,Education,Mobile Payment,ATM,27,667,1.4,8664.19,15.75,121,20,46.3,11.84,0,0,0,0,None,Non-fraud,Domestic,Day,Weekend,No Recent PIN Change
TXN0000021368,CUST00083558,2023-08-20,07:06:00,7,1,0,Japan,Manchester,Crypto Exchange,Debit Card,Mobile,34,603,5,5126.88,52.5,145,27,9.3,13.32,0,0,0,0,None,Non-fraud,Domestic,Day,Weekend,No Recent PIN Change
TXN0000123675,CUST00122979,2024-05-22,02:14:00,2,0,1,India,London,Online Shopping,Bank Transfer,ATM,67,739,10.8,47303.98,63.52,167,17,17.9,12.29,0,0,0,0,None,Non-fraud,Domestic,Night,Weekday,No Recent PIN Change
TXN0000070634,CUST00060087,2022-05-15,12:50:00,12,1,0,India,Toronto,Healthcare,Mobile Payment,Mobile,49,621,1.9,18051.05,82.84,148,20,1.7,0.43,0,0,0,0,None,Non-fraud,Domestic,Day,Weekend,No Recent PIN Change
TXN0000519131,CUST00055957,2024-10-30,23:06:00,23,0,1,Mexico,Mexico City,ATM Withdrawal,Mobile Payment,ATM,75,690,2.1,3870.27,206.26,163,24,8.6,0.61,0,0,0,0,None,Non-fraud,Domestic,Night,Weekday,No Recent PIN Change
TXN0000994969,CUST00125497,2022-09-08,00:38:00,0,0,1,Japan,Melbourne,Travel,Bank Transfer,Desktop,21,850,14.3,63597.55,154.87,166,24,5.9,37.27,0,0,0,0,None,Non-fraud,Domestic,Night,Weekday,No Recent PIN Change
TXN0000100940,CUST00121340,2022-04-25,01:58:00,1,0,1,India,Paris,Healthcare,Credit Card,Mobile,18,577,3.7,1461.73,13.81,158,15,25.4,14.16,1,0,0,0,None,Non-fraud,International,Night,Weekday,No Recent PIN Change
TXN0000344254,CUST00169879,2024-07-10,00:12:00,0,0,1,Germany,Melbourne,Electronics,Bank Transfer,Mobile,59,791,0.1,1256.46,213.73,129,21,46.3,1.08,0,0,0,0,None,Non-fraud,Domestic,Night,Weekday,No Recent PIN Change
TXN0000777621,CUST00082681,2024-02-06,04:27:00,4,0,1,USA,Rio,Jewelry,Mobile Payment,Desktop,43,702,16.6,6903.8,827.49,164,22,29.7,3.89,0,1,0,0,None,Non-fraud,Domestic,Night,Weekday,No Recent PIN Change
TXN0000899905,CUST00149507,2021-09-14,06:54:00,6,0,1,USA,New York,Grocery,Mobile Payment,ATM,25,752,2,11755.3,113.18,147,20,16.1,1.78,0,0,0,0,None,Non-fraud,Domestic,Night,Weekday,No Recent PIN Change
TXN0000885301,CUST00045045,2021-10-29,06:42:00,6,0,1,India,São Paulo,Jewelry,Bank Transfer,ATM,46,515,3.6,12561.89,159.53,140,15,57.5,6.17,0,0,0,0,None,Non-fraud,Domestic,Night,Weekday,No Recent PIN Change
TXN0000677812,CUST00078633,2022-12-05,07:58:00,7,0,0,India,São Paulo,Gaming,Bank Transfer,Desktop,35,792,15.1,6002.93,76.67,175,17,9.7,30.87,0,0,0,0,None,Non-fraud,Domestic,Day,Weekday,No Recent PIN Change
TXN0000410198,CUST00059922,2021-03-28,09:49:00,9,1,0,Germany,Delhi,Travel,Bank Transfer,POS Terminal,75,760,4.1,4614.1,423.11,165,23,13.5,7.93,0,0,0,0,None,Non-fraud,Domestic,Day,Weekend,No Recent PIN Change
TXN0000228533,CUST00148757,2020-06-27,08:19:00,8,1,0,Australia,Manchester,Gaming,Debit Card,Desktop,51,722,1,11121.09,44.66,141,23,36.8,15.36,0,0,0,0,None,Non-fraud,Domestic,Day,Weekend,No Recent PIN Change
TXN0000748270,CUST00059553,2020-01-31,11:25:00,11,0,0,Japan,London,Clothing,Debit Card,Desktop,62,696,11.8,3847.71,77.6,149,23,5.8,9.73,0,0,0,0,None,Non-fraud,Domestic,Day,Weekday,No Recent PIN Change
TXN0000849151,CUST00146444,2020-01-31,02:16:00,2,0,1,UK,São Paulo,Online Shopping,Bank Transfer,Desktop,60,674,17.5,2049.87,12.98,166,22,4.7,3.86,0,0,0,0,None,Non-fraud,Domestic,Night,Weekday,No Recent PIN Change
TXN0000145660,CUST00041476,2023-03-05,22:50:00,22,1,1,USA,Vancouver,Online Shopping,Debit Card,Desktop,56,503,1.8,1477.35,19.18,152,18,34.7,6.22,0,0,0,0,None,Non-fraud,Domestic,Night,Weekend,No Recent PIN Change
TXN0000980741,CUST00028399,2021-01-07,01:00:00,1,0,1,France,London,Grocery,Credit Card,Tablet,21,726,1.4,931.58,126.64,160,17,8.4,0.41,0,0,0,0,None,Non-fraud,Domestic,Night,Weekday,No Recent PIN Change
TXN0000178576,CUST00029578,2024-10-08,19:52:00,19,0,0,USA,Mexico City,Electronics,Credit Card,ATM,62,612,0.5,16603.61,162.35,162,28,12.4,18.4,1,0,1,0,None,Non-fraud,International,Day,Weekday,Recent PIN Change
TXN0000863770,CUST00044506,2021-05-17,02:13:00,2,0,1,Canada,Berlin,Gaming,Credit Card,Desktop,38,583,12.1,20534.34,16.88,148,17,33,1.03,0,3,0,0,None,Non-fraud,Domestic,Night,Weekday,No Recent PIN Change
TXN0000907593,CUST00158254,2022-09-06,17:25:00,17,0,0,UK,Tokyo,Crypto Exchange,Bank Transfer,Tablet,50,787,2.7,940.2,10.7,166,19,10.8,0.52,0,2,0,0,None,Non-fraud,Domestic,Day,Weekday,No Recent PIN Change
TXN0000949064,CUST00008368,2022-01-16,17:36:00,17,1,0,Brazil,Manchester,ATM Withdrawal,Debit Card,Tablet,63,763,3.5,3841.5,102.01,145,19,12.8,20.18,0,0,1,0,None,Non-fraud,Domestic,Day,Weekend,Recent PIN Change
TXN0000265614,CUST00076104,2020-01-20,23:58:00,23,0,1,India,Tokyo,Gaming,Credit Card,Tablet,38,587,3.3,18246.29,190.08,137,20,25.6,1.96,0,0,0,0,None,Non-fraud,Domestic,Night,Weekday,No Recent PIN Change
TXN0000381370,CUST00070722,2020-04-27,21:05:00,21,0,0,India,Toronto,Electronics,Debit Card,Mobile,30,627,18.1,2265.25,383.63,152,23,35.5,11.03,0,0,0,0,None,Non-fraud,Domestic,Day,Weekday,No Recent PIN Change
TXN0000776448,CUST00155027,2021-10-13,15:35:00,15,0,0,Brazil,Delhi,ATM Withdrawal,Bank Transfer,Mobile,41,736,0.9,6204.8,49.27,164,16,0.5,31.35,0,0,0,0,None,Non-fraud,Domestic,Day,Weekday,No Recent PIN Change
TXN0000785463,CUST00025450,2024-08-09,21:43:00,21,0,0,Germany,Rio,Crypto Exchange,Credit Card,Desktop,33,615,1,1268.42,406.66,145,24,5.3,1.27,0,0,0,0,None,Non-fraud,Domestic,Day,Weekday,No Recent PIN Change
TXN0000834513,CUST00117474,2024-12-22,18:38:00,18,1,0,UK,Rio,Utilities,Mobile Payment,ATM,55,676,10.1,36765.75,106.55,137,18,24.4,17.57,0,0,0,0,None,Non-fraud,Domestic,Day,Weekend,No Recent PIN Change
TXN0000460896,CUST00008218,2023-07-10,09:38:00,9,0,0,Australia,Los Angeles,Entertainment,Bank Transfer,ATM,53,587,7.3,22090.85,50.89,138,10,29,7.09,1,0,0,0,None,Non-fraud,International,Day,Weekday,No Recent PIN Change
TXN0000299650,CUST00052872,2024-04-11,15:06:00,15,0,0,Canada,London,ATM Withdrawal,Mobile Payment,ATM,18,721,2.8,16881.58,107.59,158,24,31.1,13.14,0,0,0,0,None,Non-fraud,Domestic,Day,Weekday,No Recent PIN Change
TXN0000043441,CUST00071774,2021-10-21,02:05:00,2,0,1,Germany,Melbourne,Gaming,Credit Card,Desktop,48,686,1.4,498.78,36.47,158,12,17.4,6.44,0,1,0,0,None,Non-fraud,Domestic,Night,Weekday,No Recent PIN Change
TXN0000790082,CUST00066333,2021-01-01,12:27:00,12,0,0,India,São Paulo,Travel,Debit Card,ATM,42,734,5.5,7835.66,93.74,136,23,1,2.32,0,2,0,0,None,Non-fraud,Domestic,Day,Weekday,No Recent PIN Change
TXN0000337195,CUST00150448,2022-04-21,19:24:00,19,0,0,USA,Los Angeles,Fuel,Credit Card,Mobile,42,741,4,1183.44,21.93,146,19,14.7,27.25,0,0,0,0,None,Non-fraud,Domestic,Day,Weekday,No Recent PIN Change
TXN0000970989,CUST00005288,2024-04-27,22:21:00,22,1,1,France,Los Angeles,Jewelry,Debit Card,POS Terminal,31,737,3.1,5363.5,585.42,129,19,12.2,10.7,0,0,0,0,None,Non-fraud,Domestic,Night,Weekend,No Recent PIN Change
TXN0000944311,CUST00040149,2023-07-01,20:35:00,20,1,0,Brazil,Munich,Electronics,Bank Transfer,Mobile,54,658,7,44757.78,1017.78,173,20,6.4,15.75,0,0,0,0,None,Non-fraud,Domestic,Day,Weekend,No Recent PIN Change
TXN0000103153,CUST00087594,2020-01-21,02:55:00,2,0,1,Germany,Osaka,Utilities,Credit Card,Mobile,54,850,5.8,2212.88,57.49,159,31,33.1,6.68,0,0,0,0,None,Non-fraud,Domestic,Night,Weekday,No Recent PIN Change
TXN0000357956,CUST00150313,2024-01-10,07:05:00,7,0,0,Brazil,Berlin,Online Shopping,Bank Transfer,Mobile,48,668,0.7,3664.74,74.19,139,13,47.3,53.7,0,0,0,0,None,Non-fraud,Domestic,Day,Weekday,No Recent PIN Change
TXN0000179097,CUST00161260,2021-12-01,01:52:00,1,0,1,India,Osaka,Fuel,Debit Card,POS Terminal,46,639,1.7,5767.64,114.56,130,20,67.7,0.06,1,0,0,0,None,Non-fraud,International,Night,Weekday,No Recent PIN Change
TXN0000080875,CUST00101461,2024-02-26,03:54:00,3,0,1,India,New York,Online Shopping,Credit Card,POS Terminal,51,618,7,3559.32,42.92,162,18,5.1,9.19,0,1,0,0,None,Non-fraud,Domestic,Night,Weekday,No Recent PIN Change
TXN0000049187,CUST00072036,2022-05-22,13:54:00,13,1,0,Mexico,New York,Healthcare,Mobile Payment,Tablet,45,757,0.1,3178.58,23.68,156,19,28.2,0.4,0,0,0,0,None,Non-fraud,Domestic,Day,Weekend,No Recent PIN Change
TXN0000634622,CUST00010961,2023-06-06,12:58:00,12,0,0,India,London,Healthcare,Credit Card,Mobile,68,627,2,495.42,13.58,143,27,70.1,17.43,1,0,0,0,None,Non-fraud,International,Day,Weekday,No Recent PIN Change
TXN0000671174,CUST00128630,2024-08-05,23:27:00,23,0,1,USA,Melbourne,Fuel,Bank Transfer,Mobile,25,720,7.4,3636.48,12.44,138,28,42.6,15.62,0,0,0,0,None,Non-fraud,Domestic,Night,Weekday,No Recent PIN Change
TXN0000648705,CUST00077807,2021-08-07,13:38:00,13,1,0,France,Osaka,Jewelry,Mobile Payment,Desktop,18,809,3.8,6540.25,79.47,138,27,10.4,0.58,0,0,0,0,None,Non-fraud,Domestic,Day,Weekend,No Recent PIN Change
TXN0000212033,CUST00015187,2022-09-29,11:25:00,11,0,0,USA,Rio,Fuel,Crypto,Mobile,72,732,6.1,10083.42,27.31,173,22,3.2,3.79,0,0,0,0,None,Non-fraud,Domestic,Day,Weekday,No Recent PIN Change
TXN0000269682,CUST00009269,2020-07-01,03:51:00,3,0,1,UK,Melbourne,Grocery,Debit Card,Mobile,38,581,5.5,3300.55,174.53,154,21,3.1,1.34,0,0,0,0,None,Non-fraud,Domestic,Night,Weekday,No Recent PIN Change
TXN0000259771,CUST00113542,2020-02-03,10:35:00,10,0,0,USA,Melbourne,Utilities,Debit Card,POS Terminal,45,713,6.5,3407.01,42.76,155,13,24.6,13.31,0,2,0,0,None,Non-fraud,Domestic,Day,Weekday,No Recent PIN Change
TXN0000563689,CUST00098182,2024-02-14,07:19:00,7,0,0,India,Toronto,Utilities,Cheque,ATM,18,508,4.3,1661.95,40.52,159,22,4.4,19.79,0,0,0,0,None,Non-fraud,Domestic,Day,Weekday,No Recent PIN Change
TXN0000515878,CUST00194299,2024-09-17,00:09:00,0,0,1,Australia,New York,Online Shopping,Credit Card,Mobile,36,740,5.3,11465.24,84.28,127,27,25.2,3.44,0,0,0,0,None,Non-fraud,Domestic,Night,Weekday,No Recent PIN Change
TXN0000635891,CUST00150831,2022-01-20,03:04:00,3,0,1,India,Los Angeles,Electronics,Bank Transfer,Mobile,18,704,9,9488.99,586.2,145,19,20.7,0.12,0,0,0,0,None,Non-fraud,Domestic,Night,Weekday,No Recent PIN Change
TXN0000989980,CUST00163858,2024-11-02,17:36:00,17,1,0,Brazil,Delhi,Healthcare,Bank Transfer,Desktop,58,609,5.6,7247.81,87.11,155,26,6.1,9.76,0,0,0,0,None,Non-fraud,Domestic,Day,Weekend,No Recent PIN Change
TXN0000533577,CUST00143144,2023-03-08,21:22:00,21,0,0,Brazil,Lyon,Restaurant,Debit Card,Desktop,36,569,1.9,1146.03,113.45,147,23,19.8,15.13,0,0,0,0,None,Non-fraud,Domestic,Day,Weekday,No Recent PIN Change
TXN0000680659,CUST00125127,2021-05-25,23:33:00,23,0,1,Australia,Los Angeles,Gaming,Credit Card,Desktop,45,624,1.7,32353.59,269.7,142,15,7.7,43.25,0,0,0,0,None,Non-fraud,Domestic,Night,Weekday,No Recent PIN Change
TXN0000750795,CUST00051699,2022-09-29,11:50:00,11,0,0,Japan,Tokyo,Jewelry,Debit Card,Desktop,56,733,6.1,11091.04,488.06,156,16,4.8,17.16,0,0,0,0,None,Non-fraud,Domestic,Day,Weekday,No Recent PIN Change
TXN0000815593,CUST00124638,2023-06-07,02:37:00,2,0,1,Australia,Mexico City,ATM Withdrawal,Bank Transfer,Desktop,55,675,0.3,14679.55,16.41,163,23,26.1,7.33,0,0,0,0,None,Non-fraud,Domestic,Night,Weekday,No Recent PIN Change
TXN0000169454,CUST00145312,2020-08-23,10:26:00,10,1,0,Canada,Guadalajara,Crypto Exchange,Debit Card,Desktop,45,617,1,6021.52,147.3,150,23,28.2,8.55,0,0,0,0,None,Non-fraud,Domestic,Day,Weekend,No Recent PIN Change
TXN0000832609,CUST00008879,2020-08-09,09:21:00,9,1,0,UK,Sydney,Jewelry,Debit Card,Desktop,39,549,5.5,31031.9,262.06,169,18,10.2,51.82,0,0,0,0,None,Non-fraud,Domestic,Day,Weekend,No Recent PIN Change
TXN0000950739,CUST00184781,2020-02-01,13:46:00,13,1,0,USA,Manchester,Travel,Bank Transfer,ATM,51,624,7.9,9113.71,310.96,158,15,12.7,1.38,0,0,0,0,None,Non-fraud,Domestic,Day,Weekend,No Recent PIN Change
TXN0000403262,CUST00101265,2020-04-16,21:36:00,21,0,0,Australia,São Paulo,Electronics,Bank Transfer,Mobile,61,722,3.3,11228.98,518.34,144,24,21.2,0.06,1,0,0,0,None,Non-fraud,International,Day,Weekday,No Recent PIN Change
TXN0000672165,CUST00078189,2020-02-18,08:53:00,8,0,0,Germany,Lyon,ATM Withdrawal,Bank Transfer,Mobile,68,636,1.1,2840.23,8.39,171,27,6.1,18.31,0,0,0,0,None,Non-fraud,Domestic,Day,Weekday,No Recent PIN Change
TXN0000285337,CUST00072868,2023-07-13,02:53:00,2,0,1,USA,Osaka,Crypto Exchange,Credit Card,Desktop,41,698,1.5,1414.03,32.06,143,12,7.5,0.02,0,0,0,0,None,Non-fraud,Domestic,Night,Weekday,No Recent PIN Change
TXN0000116401,CUST00196334,2021-05-18,14:13:00,14,0,0,Brazil,Lyon,Clothing,Debit Card,Mobile,50,721,0.2,73194.86,10.33,143,11,12.3,2.37,0,0,0,0,None,Non-fraud,Domestic,Day,Weekday,No Recent PIN Change
TXN0000004904,CUST00172678,2024-07-12,07:08:00,7,0,0,USA,Toronto,Online Shopping,Credit Card,ATM,81,649,3.9,24951.41,46.28,141,28,4.8,18.83,0,0,0,0,None,Non-fraud,Domestic,Day,Weekday,No Recent PIN Change
TXN0000325997,CUST00003860,2021-11-23,11:37:00,11,0,0,France,Paris,Healthcare,Credit Card,ATM,50,697,17.5,2338.56,625.77,160,22,12.5,1.1,0,0,0,0,None,Non-fraud,Domestic,Day,Weekday,No Recent PIN Change
TXN0000138158,CUST00149117,2021-07-22,16:09:00,16,0,0,USA,Tokyo,Utilities,Credit Card,Mobile,24,735,4.9,1654.1,43.92,153,29,82.5,1.51,0,0,0,0,None,Non-fraud,Domestic,Day,Weekday,No Recent PIN Change
TXN0000766572,CUST00169730,2022-03-25,16:39:00,16,0,0,Japan,Sydney,Healthcare,Bank Transfer,ATM,54,644,10.6,3260.2,25.08,149,20,20.4,10.63,0,0,0,0,None,Non-fraud,Domestic,Day,Weekday,No Recent PIN Change
TXN0000193214,CUST00052103,2023-02-21,02:35:00,2,0,1,Australia,Osaka,ATM Withdrawal,Credit Card,Tablet,66,742,8.4,5951.95,136.77,147,18,18.6,12.18,0,0,0,0,None,Non-fraud,Domestic,Night,Weekday,No Recent PIN Change
TXN0000372210,CUST00060026,2021-02-12,20:41:00,20,0,0,Germany,New York,Jewelry,Credit Card,ATM,52,569,6.6,782.32,6124.9,151,23,12.8,13.52,0,2,0,0,None,Non-fraud,Domestic,Day,Weekday,No Recent PIN Change
TXN0000983557,CUST00063918,2021-07-14,11:46:00,11,0,0,USA,Vancouver,Online Shopping,Debit Card,Mobile,49,742,8.7,56960.91,39.71,138,24,89.2,2.58,0,1,0,0,None,Non-fraud,Domestic,Day,Weekday,No Recent PIN Change
TXN0000728778,CUST00089455,2021-12-28,21:18:00,21,0,0,Australia,Paris,Electronics,Credit Card,Mobile,39,602,0.3,1380.4,462.75,150,19,38.3,27.53,0,1,0,0,None,Non-fraud,Domestic,Day,Weekday,No Recent PIN Change
TXN0000925539,CUST00077588,2020-07-31,04:32:00,4,0,1,Japan,Vancouver,Travel,Bank Transfer,POS Terminal,35,546,6.2,2357.71,1335.43,168,25,20.7,1.93,0,2,0,0,None,Non-fraud,Domestic,Night,Weekday,No Recent PIN Change
TXN0000491342,CUST00070439,2023-01-04,21:12:00,21,0,0,France,New York,Gaming,Credit Card,Mobile,56,633,1,62806.49,4.61,145,17,15,6.04,0,1,0,0,None,Non-fraud,Domestic,Day,Weekday,No Recent PIN Change
TXN0000219890,CUST00051050,2021-03-17,18:51:00,18,0,0,USA,Los Angeles,Entertainment,Credit Card,Mobile,48,528,0.2,21858.9,107.39,157,22,10.1,8.01,0,0,0,0,None,Non-fraud,Domestic,Day,Weekday,No Recent PIN Change
TXN0000816592,CUST00188530,2020-09-28,06:37:00,6,0,1,Brazil,Berlin,Healthcare,Debit Card,POS Terminal,47,850,3.2,19691.36,97.58,144,18,39.8,29.75,0,0,0,0,None,Non-fraud,Domestic,Night,Weekday,No Recent PIN Change
TXN0000680988,CUST00165217,2023-03-03,17:26:00,17,0,0,UK,Mexico City,ATM Withdrawal,Credit Card,Desktop,25,766,6.5,1215.68,84.72,143,16,23.9,9.73,0,0,0,0,None,Non-fraud,Domestic,Day,Weekday,No Recent PIN Change
TXN0000510928,CUST00006657,2020-12-05,11:12:00,11,1,0,Canada,Mexico City,Fuel,Mobile Payment,Mobile,44,606,1.6,15841.61,75.61,153,20,18.9,16.3,0,0,0,0,None,Non-fraud,Domestic,Day,Weekend,No Recent PIN Change
TXN0000418751,CUST00037996,2022-12-14,08:47:00,8,0,0,USA,London,Online Shopping,Mobile Payment,Mobile,32,552,4.5,2238.02,21.48,146,19,6.7,8.95,0,0,0,0,None,Non-fraud,Domestic,Day,Weekday,No Recent PIN Change
TXN0000047129,CUST00187831,2022-06-09,03:31:00,3,0,1,USA,Melbourne,Entertainment,Debit Card,Mobile,50,667,1.6,5776.28,24.02,138,26,14.4,72.54,0,0,0,0,None,Non-fraud,Domestic,Night,Weekday,No Recent PIN Change
TXN0000695590,CUST00166098,2024-11-14,18:10:00,18,0,0,UK,Paris,Clothing,Cheque,Mobile,19,737,9.4,4844.92,40.63,169,22,11.2,15.82,1,0,0,0,None,Non-fraud,International,Day,Weekday,No Recent PIN Change
TXN0000298316,CUST00116874,2020-04-19,06:30:00,6,1,1,USA,Tokyo,Jewelry,Debit Card,ATM,44,644,6.3,5839.38,1519.96,161,11,15.1,0.47,0,0,0,0,None,Non-fraud,Domestic,Night,Weekend,No Recent PIN Change
TXN0000810843,CUST00003411,2024-06-05,07:55:00,7,0,0,India,Paris,Clothing,Bank Transfer,Mobile,37,621,20.8,14065.58,22.42,154,19,3.8,7.95,0,0,0,0,None,Non-fraud,Domestic,Day,Weekday,No Recent PIN Change
TXN0000125932,CUST00027612,2023-08-06,05:41:00,5,1,1,India,Toronto,Grocery,Debit Card,Desktop,54,717,0.1,8742.88,16.35,162,15,16.8,0.94,0,0,0,0,None,Non-fraud,Domestic,Night,Weekend,No Recent PIN Change
TXN0000883789,CUST00009454,2020-09-22,01:19:00,1,0,1,Australia,Sydney,Education,Credit Card,Mobile,42,568,3.2,14598.09,8.62,143,21,30.6,6.47,1,0,0,0,None,Non-fraud,International,Night,Weekday,No Recent PIN Change
TXN0000404338,CUST00069975,2022-09-04,23:06:00,23,1,1,India,Tokyo,Restaurant,Bank Transfer,Mobile,40,604,3.6,4235.57,60.28,154,28,10.1,3.16,0,0,0,0,None,Non-fraud,Domestic,Night,Weekend,No Recent PIN Change
TXN0000643484,CUST00113022,2021-03-19,16:36:00,16,0,0,Germany,Melbourne,Fuel,Debit Card,Desktop,37,725,7.6,7656.77,122.76,149,23,9.1,2.76,0,0,0,0,None,Non-fraud,Domestic,Day,Weekday,No Recent PIN Change
TXN0000700170,CUST00059575,2022-09-25,07:45:00,7,1,0,India,Los Angeles,Entertainment,Mobile Payment,Mobile,72,792,1.6,10785.86,23.05,150,27,12,7.24,0,0,1,0,None,Non-fraud,Domestic,Day,Weekend,Recent PIN Change
TXN0000365981,CUST00046512,2023-08-06,18:43:00,18,1,0,Japan,Rio,Entertainment,Debit Card,Mobile,51,772,5.5,10858.08,98.99,157,17,7.8,5.08,0,0,0,0,None,Non-fraud,Domestic,Day,Weekend,No Recent PIN Change
TXN0000830067,CUST00069029,2020-03-07,23:43:00,23,1,1,Germany,Berlin,Online Shopping,Credit Card,Desktop,18,752,17.3,15696.24,8.05,150,22,5.7,5.93,0,0,0,0,None,Non-fraud,Domestic,Night,Weekend,No Recent PIN Change
TXN0000753044,CUST00185771,2024-09-01,00:45:00,0,1,1,USA,Manchester,Online Shopping,Debit Card,Mobile,18,816,0.2,21522,74.27,150,23,11.1,6.07,1,0,0,0,None,Non-fraud,International,Night,Weekend,No Recent PIN Change
TXN0000916094,CUST00166814,2021-03-25,20:53:00,20,0,0,India,Melbourne,Entertainment,Debit Card,Desktop,18,694,0.6,1971.97,65.01,157,18,38.5,11.73,0,2,0,0,None,Non-fraud,Domestic,Day,Weekday,No Recent PIN Change
TXN0000269540,CUST00008696,2020-04-13,09:14:00,9,0,0,Japan,Delhi,ATM Withdrawal,Credit Card,Desktop,32,479,2.4,22047.94,302.09,103,30,4.8,58.7,0,0,0,0,None,Non-fraud,Domestic,Day,Weekday,No Recent PIN Change
TXN0000803865,CUST00166876,2020-03-01,14:54:00,14,1,0,Brazil,Mexico City,Online Shopping,Bank Transfer,Desktop,18,693,0.5,21512.32,18.81,153,24,44.4,3.58,0,0,0,0,None,Non-fraud,Domestic,Day,Weekend,No Recent PIN Change
TXN0000938585,CUST00103195,2024-11-15,01:40:00,1,0,1,Mexico,Guadalajara,Grocery,Bank Transfer,POS Terminal,42,850,3.7,1982.84,24.34,167,27,15.7,21.02,0,0,0,0,None,Non-fraud,Domestic,Night,Weekday,No Recent PIN Change
TXN0000347876,CUST00131351,2021-08-15,16:39:00,16,1,0,France,Munich,Entertainment,Debit Card,POS Terminal,21,719,8,18886.85,31.05,141,18,11,0.49,0,0,0,0,None,Non-fraud,Domestic,Day,Weekend,No Recent PIN Change
TXN0000480673,CUST00019765,2020-09-20,14:36:00,14,1,0,Brazil,Delhi,Education,Bank Transfer,ATM,32,679,0.1,36241.05,2.78,131,9,15,12.35,0,0,0,0,None,Non-fraud,Domestic,Day,Weekend,No Recent PIN Change
TXN0000530985,CUST00024209,2021-09-10,01:20:00,1,0,1,India,London,Restaurant,Mobile Payment,Mobile,63,790,2.5,10520.16,16.2,135,30,1.3,1.45,0,0,1,0,None,Non-fraud,Domestic,Night,Weekday,Recent PIN Change
TXN0000685836,CUST00105531,2020-01-10,06:25:00,6,0,1,Australia,Osaka,Electronics,Crypto,Mobile,33,697,1.9,7389.62,575.5,144,23,40.6,11.37,1,0,0,0,None,Non-fraud,International,Night,Weekday,No Recent PIN Change
TXN0000409643,CUST00088310,2024-07-05,10:12:00,10,0,0,USA,Paris,Healthcare,Debit Card,Tablet,46,668,0.8,12550.6,34.92,147,13,0.3,4.06,1,0,0,0,None,Non-fraud,International,Day,Weekday,No Recent PIN Change
TXN0000237341,CUST00189434,2021-08-16,01:08:00,1,0,1,USA,Lyon,Education,Credit Card,Mobile,25,765,7.2,79240.06,147.79,156,20,0.7,5.91,0,0,0,0,None,Non-fraud,Domestic,Night,Weekday,No Recent PIN Change
TXN0000604208,CUST00070479,2021-01-01,04:44:00,4,0,1,Brazil,Sydney,Fuel,Debit Card,Tablet,54,742,3.8,3983.13,371.78,151,17,10.3,12.92,0,2,0,0,None,Non-fraud,Domestic,Night,Weekday,No Recent PIN Change
TXN0000972490,CUST00021503,2020-02-12,02:58:00,2,0,1,Brazil,Toronto,Electronics,Debit Card,Mobile,41,724,5.6,18254.72,70.43,151,32,20.5,4.91,1,0,0,0,None,Non-fraud,International,Night,Weekday,No Recent PIN Change
TXN0000380812,CUST00170137,2021-02-25,12:50:00,12,0,0,USA,Vancouver,Utilities,Debit Card,Tablet,46,716,1.2,434.72,125.24,152,20,58.4,28.23,0,0,0,0,None,Non-fraud,Domestic,Day,Weekday,No Recent PIN Change
TXN0000056418,CUST00178602,2023-08-29,01:45:00,1,0,1,UK,Paris,Fuel,Credit Card,ATM,32,794,4.5,4195.03,48.84,164,20,9.5,9.69,0,0,0,0,None,Non-fraud,Domestic,Night,Weekday,No Recent PIN Change
TXN0000441697,CUST00012934,2024-09-09,06:14:00,6,0,1,Canada,Manchester,ATM Withdrawal,Crypto,Mobile,55,643,6.4,38995.94,26.59,153,27,18.3,13.28,0,0,0,0,None,Non-fraud,Domestic,Night,Weekday,No Recent PIN Change
TXN0000773623,CUST00047393,2022-11-28,07:49:00,7,0,0,Brazil,New York,Travel,Debit Card,Mobile,39,606,2.7,10126.25,1285.65,160,17,25.7,6.52,0,0,0,0,None,Non-fraud,Domestic,Day,Weekday,No Recent PIN Change
TXN0000323583,CUST00150391,2022-10-04,20:31:00,20,0,0,USA,Sydney,Crypto Exchange,Mobile Payment,Desktop,33,702,1.2,1050.14,82.85,148,34,17.4,3.33,0,1,0,0,None,Non-fraud,Domestic,Day,Weekday,No Recent PIN Change
TXN0000387217,CUST00180065,2023-08-09,08:39:00,8,0,0,USA,Mexico City,Gaming,Debit Card,Desktop,38,618,4.8,33544.62,94.85,121,18,34.3,6.46,1,1,0,0,None,Non-fraud,International,Day,Weekday,No Recent PIN Change
TXN0000975423,CUST00150260,2021-10-25,18:35:00,18,0,0,Germany,London,Healthcare,Debit Card,Desktop,46,758,3.4,23002.85,191.72,145,20,12.9,4.49,0,0,0,0,None,Non-fraud,Domestic,Day,Weekday,No Recent PIN Change
TXN0000146991,CUST00143182,2022-03-14,18:21:00,18,0,0,USA,New York,Education,Credit Card,Desktop,39,833,5,3270.02,82.53,153,23,60.8,18.62,1,0,0,0,None,Non-fraud,International,Day,Weekday,No Recent PIN Change
TXN0000300731,CUST00120974,2021-02-22,00:20:00,0,0,1,Brazil,Melbourne,Online Shopping,Credit Card,Mobile,47,693,5,23734.51,21.33,140,15,9,17.39,0,0,0,0,None,Non-fraud,Domestic,Night,Weekday,No Recent PIN Change
TXN0000210217,CUST00186679,2023-07-23,10:26:00,10,1,0,Japan,Melbourne,Gaming,Credit Card,ATM,70,644,2.8,14557.21,55.46,149,14,49.6,12.82,0,0,0,0,None,Non-fraud,Domestic,Day,Weekend,No Recent PIN Change
TXN0000810763,CUST00186477,2024-04-22,05:10:00,5,0,1,USA,Delhi,Restaurant,Credit Card,Mobile,24,817,5.2,25149.11,8.45,147,19,31.3,2.92,0,0,0,0,None,Non-fraud,Domestic,Night,Weekday,No Recent PIN Change
TXN0000749360,CUST00081490,2023-11-24,03:21:00,3,0,1,UK,Mexico City,Crypto Exchange,Debit Card,Tablet,27,709,6.4,4888.77,59.83,121,26,29.9,1.17,0,0,0,0,None,Non-fraud,Domestic,Night,Weekday,No Recent PIN Change
TXN0000195696,CUST00073467,2022-09-13,15:41:00,15,0,0,Germany,Lyon,Fuel,Debit Card,Desktop,35,742,5.6,1412.31,32.27,134,27,31.5,4.72,0,0,0,0,None,Non-fraud,Domestic,Day,Weekday,No Recent PIN Change
TXN0000858534,CUST00026809,2021-08-05,03:07:00,3,0,1,USA,Mexico City,Travel,Debit Card,Mobile,43,555,0.5,3222.92,278.77,133,22,14,66.13,0,1,0,0,None,Non-fraud,Domestic,Night,Weekday,No Recent PIN Change
TXN0000422866,CUST00126843,2020-02-06,00:22:00,0,0,1,USA,Delhi,Electronics,Credit Card,Mobile,26,724,4.4,25316.83,689.52,132,21,120.7,0.32,0,0,1,0,None,Non-fraud,Domestic,Night,Weekday,Recent PIN Change
TXN0000138166,CUST00108655,2022-04-20,08:31:00,8,0,0,Australia,Vancouver,Electronics,Debit Card,Tablet,43,671,1.9,4990.92,383.39,148,14,4.4,6.14,0,0,0,0,None,Non-fraud,Domestic,Day,Weekday,No Recent PIN Change
TXN0000956085,CUST00140578,2023-08-10,11:20:00,11,0,0,France,Mexico City,Travel,Credit Card,ATM,20,405,0.4,3042.03,611.21,148,13,22.1,7.57,0,0,0,0,None,Non-fraud,Domestic,Day,Weekday,No Recent PIN Change
TXN0000260283,CUST00139359,2023-05-28,12:58:00,12,1,0,Brazil,Sydney,Electronics,Debit Card,Desktop,27,611,0.2,2578.38,125.12,144,13,31.4,5.43,0,0,0,0,None,Non-fraud,Domestic,Day,Weekend,No Recent PIN Change
TXN0000904957,CUST00190151,2021-06-02,07:07:00,7,0,0,USA,Mexico City,Restaurant,Debit Card,Mobile,55,694,6,62176.6,40.05,180,25,12.8,7.46,1,0,0,0,None,Non-fraud,International,Day,Weekday,No Recent PIN Change
TXN0000406841,CUST00194626,2021-01-30,00:24:00,0,1,1,Brazil,Melbourne,Crypto Exchange,Credit Card,POS Terminal,33,672,5.7,2601.33,17.76,139,21,0.8,9.66,0,0,0,0,None,Non-fraud,Domestic,Night,Weekend,No Recent PIN Change
TXN0000095544,CUST00120610,2023-07-14,16:01:00,16,0,0,India,Delhi,Electronics,Debit Card,Tablet,52,749,2.6,22295.61,771.44,154,28,1.3,2.83,0,0,0,0,None,Non-fraud,Domestic,Day,Weekday,No Recent PIN Change
TXN0000510910,CUST00020810,2020-08-23,10:26:00,10,1,0,India,Delhi,Jewelry,Bank Transfer,Tablet,49,714,0.9,50964.97,909.79,173,18,16.5,18.22,0,0,0,0,None,Non-fraud,Domestic,Day,Weekend,No Recent PIN Change
TXN0000336355,CUST00157485,2024-04-06,20:59:00,20,1,0,USA,Manchester,Restaurant,Credit Card,POS Terminal,24,775,7.7,19994.52,16.9,157,20,6.9,1.59,1,0,0,0,None,Non-fraud,International,Day,Weekend,No Recent PIN Change
TXN0000437278,CUST00101238,2023-04-01,23:47:00,23,1,1,USA,Los Angeles,Utilities,Debit Card,POS Terminal,26,691,2.7,9624.77,117.45,135,16,13.7,3.74,0,0,0,0,None,Non-fraud,Domestic,Night,Weekend,No Recent PIN Change
TXN0000474823,CUST00170235,2022-08-05,02:06:00,2,0,1,Germany,Munich,Fuel,Mobile Payment,POS Terminal,66,712,6.5,15781.2,42.07,161,21,1.1,3.12,0,0,0,0,None,Non-fraud,Domestic,Night,Weekday,No Recent PIN Change
TXN0000744391,CUST00184777,2021-12-15,01:02:00,1,0,1,USA,Sydney,Electronics,Debit Card,Mobile,49,669,9.3,110342.26,2749.21,132,25,27.7,23.02,0,0,0,0,None,Non-fraud,Domestic,Night,Weekday,No Recent PIN Change
TXN0000292563,CUST00039563,2022-07-17,22:42:00,22,1,1,USA,Rio,Fuel,Bank Transfer,Mobile,52,648,7,1246.83,67.04,162,20,4,5.76,0,0,0,0,None,Non-fraud,Domestic,Night,Weekend,No Recent PIN Change
TXN0000468381,CUST00178442,2020-01-26,18:42:00,18,1,0,USA,New York,Education,Credit Card,Tablet,46,682,5.3,42734.92,200.73,144,17,29.2,26.28,1,0,0,0,None,Non-fraud,International,Day,Weekend,No Recent PIN Change
TXN0000514603,CUST00002556,2023-04-22,16:51:00,16,1,0,USA,Lyon,Gaming,Credit Card,Mobile,64,705,1.8,9965.43,91.04,162,18,1.4,12.22,1,0,0,0,None,Non-fraud,International,Day,Weekend,No Recent PIN Change
TXN0000402221,CUST00056788,2024-06-13,03:40:00,3,0,1,Brazil,Sydney,Gaming,Bank Transfer,Mobile,41,684,3.7,7623.43,42.44,145,20,11.7,0.28,0,0,0,0,None,Non-fraud,Domestic,Night,Weekday,No Recent PIN Change
TXN0000997899,CUST00065374,2021-01-29,10:23:00,10,0,0,USA,Melbourne,Utilities,Credit Card,Desktop,41,586,4.6,2119.67,39.84,171,18,55.6,0.91,0,1,0,0,None,Non-fraud,Domestic,Day,Weekday,No Recent PIN Change
TXN0000144558,CUST00061124,2023-04-13,17:14:00,17,0,0,France,Mexico City,Gaming,Debit Card,Mobile,41,713,7.2,7950.75,80.21,132,21,49.6,3.18,1,5,0,0,None,Non-fraud,International,Day,Weekday,No Recent PIN Change
TXN0000063650,CUST00098722,2021-09-19,00:32:00,0,1,1,USA,Vancouver,Crypto Exchange,Debit Card,Desktop,18,804,2.4,6501.18,336.26,150,18,20.4,4.81,0,0,0,0,None,Non-fraud,Domestic,Night,Weekend,No Recent PIN Change
TXN0000733134,CUST00178677,2022-05-30,10:41:00,10,0,0,India,Tokyo,Online Shopping,Credit Card,Tablet,27,718,0.5,1405.74,23.71,134,13,31.5,5.33,0,0,0,0,None,Non-fraud,Domestic,Day,Weekday,No Recent PIN Change
TXN0000267423,CUST00036030,2021-04-27,05:21:00,5,0,1,UK,Melbourne,Education,Debit Card,ATM,43,718,12,4495.77,17.8,161,25,3.2,1.09,0,0,0,0,None,Non-fraud,Domestic,Night,Weekday,No Recent PIN Change
TXN0000905791,CUST00110681,2022-08-02,23:38:00,23,0,1,USA,Mexico City,Education,Crypto,POS Terminal,53,669,1.7,67408.18,38.25,134,19,2.7,2.74,0,0,0,0,None,Non-fraud,Domestic,Night,Weekday,No Recent PIN Change
TXN0000995498,CUST00060526,2024-12-20,01:44:00,1,0,1,USA,Guadalajara,Entertainment,Bank Transfer,Desktop,44,783,2.1,2548.44,12.42,151,25,24.8,2.43,0,0,0,0,None,Non-fraud,Domestic,Night,Weekday,No Recent PIN Change
TXN0000472182,CUST00114548,2021-06-01,20:24:00,20,0,0,India,Paris,Crypto Exchange,Credit Card,Tablet,55,789,7.6,6776,216.13,159,20,1.4,16.23,0,1,0,0,None,Non-fraud,Domestic,Day,Weekday,No Recent PIN Change
TXN0000673891,CUST00158009,2020-03-29,07:49:00,7,1,0,USA,Lyon,Fuel,Credit Card,Mobile,40,482,1.9,6151.84,36.7,145,16,15,4.66,0,0,0,0,None,Non-fraud,Domestic,Day,Weekend,No Recent PIN Change
TXN0000699009,CUST00012930,2020-10-01,05:14:00,5,0,1,Mexico,Los Angeles,Education,Debit Card,Mobile,73,690,3.8,7730.33,13.36,153,19,67.1,30.15,0,0,0,0,None,Non-fraud,Domestic,Night,Weekday,No Recent PIN Change
TXN0000427061,CUST00021880,2020-12-09,21:09:00,21,0,0,India,Berlin,Travel,Bank Transfer,Desktop,73,707,17.4,8490.64,88.53,157,22,37.8,6.29,0,0,0,0,None,Non-fraud,Domestic,Day,Weekday,No Recent PIN Change
TXN0000358801,CUST00199889,2021-06-15,17:08:00,17,0,0,Brazil,Manchester,Crypto Exchange,Credit Card,Mobile,38,808,3.9,1765.43,37.13,148,23,3.4,13.78,0,0,0,0,None,Non-fraud,Domestic,Day,Weekday,No Recent PIN Change
TXN0000244111,CUST00060793,2021-10-03,03:08:00,3,1,1,Brazil,Guadalajara,Utilities,Crypto,Mobile,28,558,0.7,3834.44,46.71,164,19,4.9,8.01,0,0,0,0,None,Non-fraud,Domestic,Night,Weekend,No Recent PIN Change
TXN0000435780,CUST00107789,2024-08-09,12:06:00,12,0,0,India,Manchester,Electronics,Crypto,Mobile,41,698,1.2,30927.57,204.74,125,27,1.6,2.74,0,0,0,0,None,Non-fraud,Domestic,Day,Weekday,No Recent PIN Change
TXN0000110087,CUST00116126,2022-09-21,09:12:00,9,0,0,Brazil,São Paulo,Healthcare,Debit Card,ATM,52,695,0.1,3882.56,266.53,148,16,3.6,5.27,0,0,0,0,None,Non-fraud,Domestic,Day,Weekday,No Recent PIN Change
TXN0000221973,CUST00104990,2023-01-10,01:04:00,1,0,1,Mexico,Berlin,Education,Debit Card,Mobile,50,649,1.7,8865.76,99.67,156,15,71.7,38.19,0,1,0,0,None,Non-fraud,Domestic,Night,Weekday,No Recent PIN Change
TXN0000863656,CUST00172062,2024-12-16,22:15:00,22,0,1,Germany,Delhi,Grocery,Debit Card,Desktop,32,755,3.9,2779.74,73.27,141,19,3.3,0.63,1,0,0,0,None,Non-fraud,International,Night,Weekday,No Recent PIN Change
TXN0000465774,CUST00029574,2021-05-22,11:37:00,11,1,0,UK,Melbourne,Online Shopping,Credit Card,Mobile,55,722,3,6742.03,76.22,151,18,22.4,37.71,0,0,0,0,None,Non-fraud,Domestic,Day,Weekend,No Recent PIN Change
TXN0000755280,CUST00175797,2021-09-10,18:33:00,18,0,0,India,Osaka,ATM Withdrawal,Debit Card,Desktop,35,746,2.5,45008.92,106.12,155,26,7.7,2.7,0,0,0,0,None,Non-fraud,Domestic,Day,Weekday,No Recent PIN Change
TXN0000038187,CUST00032136,2022-05-02,16:32:00,16,0,0,USA,Paris,Fuel,Credit Card,Mobile,64,609,6.6,2741.22,55.27,140,18,73.8,1.41,0,0,0,0,None,Non-fraud,Domestic,Day,Weekday,No Recent PIN Change
TXN0000497431,CUST00031084,2020-12-23,02:03:00,2,0,1,India,Munich,Travel,Credit Card,Tablet,60,758,3.7,7148.77,129.36,155,26,20.4,5.43,0,0,0,0,None,Non-fraud,Domestic,Night,Weekday,No Recent PIN Change
TXN0000087027,CUST00047224,2024-11-29,23:36:00,23,0,1,USA,São Paulo,Utilities,Credit Card,Desktop,37,745,0.3,12876.99,3.06,158,24,19.1,5.88,0,0,0,0,None,Non-fraud,Domestic,Night,Weekday,No Recent PIN Change
TXN0000009728,CUST00116083,2024-11-17,01:42:00,1,1,1,Germany,Melbourne,ATM Withdrawal,Debit Card,POS Terminal,39,731,0.8,10270.56,47.23,139,8,5.9,5.67,1,2,0,0,None,Non-fraud,International,Night,Weekend,No Recent PIN Change
TXN0000109793,CUST00011605,2024-08-05,00:58:00,0,0,1,Germany,New York,Entertainment,Debit Card,Tablet,40,654,1.1,6464,107.86,146,25,9.6,3.7,0,0,0,0,None,Non-fraud,Domestic,Night,Weekday,No Recent PIN Change
TXN0000649110,CUST00134090,2023-01-28,14:19:00,14,1,0,USA,Lyon,Restaurant,Credit Card,Mobile,23,650,5,5073.83,48.18,151,21,14.3,10.61,0,3,0,0,None,Non-fraud,Domestic,Day,Weekend,No Recent PIN Change
TXN0000919905,CUST00049329,2022-09-23,06:53:00,6,0,1,UK,Munich,Gaming,Debit Card,Desktop,63,657,8.1,5721.98,20.48,156,19,32.7,6.54,0,0,0,0,None,Non-fraud,Domestic,Night,Weekday,No Recent PIN Change
TXN0000892342,CUST00130832,2023-11-29,17:21:00,17,0,0,Canada,Manchester,Healthcare,Credit Card,Mobile,44,681,11.5,11634.11,122.92,152,25,30.7,2.69,0,1,0,0,None,Non-fraud,Domestic,Day,Weekday,No Recent PIN Change
TXN0000529450,CUST00068633,2021-04-22,02:54:00,2,0,1,Canada,Vancouver,Restaurant,Debit Card,Desktop,30,739,3.2,8437.32,22.4,154,29,5,7.78,0,0,0,0,None,Non-fraud,Domestic,Night,Weekday,No Recent PIN Change
TXN0000164751,CUST00108877,2020-01-03,20:51:00,20,0,0,India,São Paulo,Gaming,Cheque,Desktop,51,757,0.9,3422.77,180.14,155,18,26.6,2.27,0,0,0,0,None,Non-fraud,Domestic,Day,Weekday,No Recent PIN Change
TXN0000376563,CUST00105153,2024-02-13,10:11:00,10,0,0,Japan,Tokyo,Restaurant,Credit Card,Mobile,40,628,4.6,15975.79,36.31,156,23,11.6,11.48,0,0,0,0,None,Non-fraud,Domestic,Day,Weekday,No Recent PIN Change
TXN0000729943,CUST00063937,2024-05-12,07:48:00,7,1,0,USA,Vancouver,Gaming,Debit Card,Desktop,40,537,8.9,16747.33,66.9,138,18,62.3,19.2,0,0,0,0,None,Non-fraud,Domestic,Day,Weekend,No Recent PIN Change
TXN0000883125,CUST00068128,2020-12-24,08:19:00,8,0,0,France,Mexico City,Fuel,Credit Card,Desktop,49,665,10.8,70992.1,75.9,145,26,15.2,14.34,0,1,0,0,None,Non-fraud,Domestic,Day,Weekday,No Recent PIN Change
TXN0000026662,CUST00138025,2023-06-17,22:37:00,22,1,1,Brazil,Vancouver,Entertainment,Debit Card,ATM,40,683,3.8,24397.19,37.71,143,17,8.9,3.89,0,0,0,0,None,Non-fraud,Domestic,Night,Weekend,No Recent PIN Change
TXN0000284789,CUST00017184,2024-12-03,02:40:00,2,0,1,Japan,Manchester,Gaming,Debit Card,Desktop,39,576,0.3,5760.45,610.29,155,16,9.9,23,1,0,0,0,None,Non-fraud,International,Night,Weekday,No Recent PIN Change
TXN0000951636,CUST00114022,2021-02-17,15:55:00,15,0,0,UK,Mumbai,Fuel,Credit Card,Desktop,39,714,1.8,9276,37.68,164,25,5.7,5.55,0,0,0,0,None,Non-fraud,Domestic,Day,Weekday,No Recent PIN Change
TXN0000546169,CUST00101397,2023-11-04,20:07:00,20,1,0,Mexico,Paris,Healthcare,Debit Card,Mobile,29,566,8.9,18892.82,111.11,148,19,2.5,3.22,0,0,0,0,None,Non-fraud,Domestic,Day,Weekend,No Recent PIN Change
TXN0000954306,CUST00187865,2022-08-24,01:21:00,1,0,1,USA,Lyon,Healthcare,Mobile Payment,POS Terminal,59,597,7,7108.97,159.06,141,16,0.8,11.27,0,0,0,0,None,Non-fraud,Domestic,Night,Weekday,No Recent PIN Change
TXN0000319841,CUST00085146,2024-08-17,00:17:00,0,1,1,France,Tokyo,Healthcare,Mobile Payment,ATM,18,767,13.9,5861.11,36.64,147,26,23.3,1.85,0,0,0,0,None,Non-fraud,Domestic,Night,Weekend,No Recent PIN Change
TXN0000001594,CUST00074911,2020-05-24,01:14:00,1,1,1,India,Tokyo,Grocery,Bank Transfer,Mobile,25,672,1,126573.33,167.25,125,25,19.1,6.82,0,0,0,0,None,Non-fraud,Domestic,Night,Weekend,No Recent PIN Change
TXN0000754458,CUST00078333,2022-07-10,01:05:00,1,1,1,Mexico,Paris,ATM Withdrawal,Bank Transfer,Mobile,34,782,4.5,101763.33,47.86,174,18,23.8,18.16,0,0,0,0,None,Non-fraud,Domestic,Night,Weekend,No Recent PIN Change
TXN0000619162,CUST00011765,2022-11-08,08:58:00,8,0,0,Japan,Rio,Gaming,Debit Card,Desktop,33,548,0.5,4724.7,20.87,145,19,18.5,1.06,0,0,0,0,None,Non-fraud,Domestic,Day,Weekday,No Recent PIN Change
TXN0000438067,CUST00106780,2022-01-05,00:43:00,0,0,1,USA,São Paulo,Restaurant,Credit Card,Tablet,35,620,8.9,2360.53,38.22,146,20,16,1.37,0,0,0,0,None,Non-fraud,Domestic,Night,Weekday,No Recent PIN Change
TXN0000276532,CUST00138109,2021-12-03,03:33:00,3,0,1,Japan,Manchester,Grocery,Credit Card,Mobile,52,716,3.2,2253.06,41.71,139,27,1.7,11.56,0,3,0,0,None,Non-fraud,Domestic,Night,Weekday,No Recent PIN Change
TXN0000485681,CUST00049012,2022-03-25,17:13:00,17,0,0,Australia,London,Travel,Bank Transfer,ATM,47,630,13.1,20335.4,237.78,160,20,6.8,7.36,0,0,0,0,None,Non-fraud,Domestic,Day,Weekday,No Recent PIN Change
TXN0000981519,CUST00153676,2021-10-14,12:41:00,12,0,0,India,Manchester,Electronics,Credit Card,Desktop,18,788,1.3,27932.19,568.74,174,20,4,0.45,0,0,0,0,None,Non-fraud,Domestic,Day,Weekday,No Recent PIN Change
TXN0000249357,CUST00173675,2021-08-25,07:13:00,7,0,0,Japan,London,Grocery,Cheque,Mobile,36,669,0.5,6200.99,31.32,136,21,21.2,16.44,0,2,0,0,None,Non-fraud,Domestic,Day,Weekday,No Recent PIN Change
TXN0000175231,CUST00067974,2022-04-09,06:09:00,6,1,1,Mexico,São Paulo,Clothing,Bank Transfer,Mobile,36,705,5.3,40713.88,37.36,157,20,32.3,5.89,0,0,0,0,None,Non-fraud,Domestic,Night,Weekend,No Recent PIN Change
TXN0000004796,CUST00085179,2023-11-23,14:55:00,14,0,0,Canada,Los Angeles,Healthcare,Bank Transfer,Desktop,46,776,8.7,12598.8,41.77,127,31,7.5,6.88,0,0,0,0,None,Non-fraud,Domestic,Day,Weekday,No Recent PIN Change
TXN0000898349,CUST00137640,2024-01-11,21:45:00,21,0,0,USA,Los Angeles,Online Shopping,Debit Card,Tablet,43,740,1.9,46601.86,39.8,147,18,8.7,14.97,0,0,0,0,None,Non-fraud,Domestic,Day,Weekday,No Recent PIN Change
TXN0000780432,CUST00066245,2023-11-14,12:02:00,12,0,0,India,Sydney,Healthcare,Credit Card,Mobile,33,595,4.6,12647.66,129.3,136,21,7.9,7.75,1,0,0,0,None,Non-fraud,International,Day,Weekday,No Recent PIN Change
TXN0000004983,CUST00051832,2022-04-19,03:44:00,3,0,1,Canada,Berlin,Electronics,Credit Card,Desktop,54,675,0.8,9112.21,690.48,148,15,17.1,10.49,0,0,0,0,None,Non-fraud,Domestic,Night,Weekday,No Recent PIN Change
TXN0000311263,CUST00182564,2024-08-18,16:57:00,16,1,0,USA,São Paulo,Restaurant,Credit Card,Tablet,40,678,0.1,14901.03,38.85,155,22,68.1,1.05,0,0,0,0,None,Non-fraud,Domestic,Day,Weekend,No Recent PIN Change
TXN0000686058,CUST00099448,2022-03-18,03:06:00,3,0,1,India,Osaka,Education,Mobile Payment,Mobile,29,575,0.6,5830.93,354.09,166,20,0.5,3.23,0,0,0,0,None,Non-fraud,Domestic,Night,Weekday,No Recent PIN Change
TXN0000360891,CUST00009069,2023-06-09,19:36:00,19,0,0,Japan,Berlin,Jewelry,Bank Transfer,Mobile,43,756,8.5,3036.45,502.51,161,18,13.5,3.83,0,0,0,0,None,Non-fraud,Domestic,Day,Weekday,No Recent PIN Change
TXN0000501995,CUST00033857,2024-12-21,19:46:00,19,1,0,USA,London,Grocery,Mobile Payment,Mobile,36,611,0.6,2817.36,24.29,136,16,5.2,4.14,0,0,0,0,None,Non-fraud,Domestic,Day,Weekend,No Recent PIN Change
TXN0000079402,CUST00152315,2023-10-31,01:12:00,1,0,1,Australia,Paris,Electronics,Debit Card,Desktop,38,627,3.1,5461.24,3024.2,151,27,3.2,15.67,0,0,0,0,None,Non-fraud,Domestic,Night,Weekday,No Recent PIN Change
TXN0000930443,CUST00114679,2020-02-01,21:57:00,21,1,0,Canada,New York,Online Shopping,Bank Transfer,Desktop,40,652,4.4,5811.8,52.23,158,21,21.2,24.76,0,0,0,0,None,Non-fraud,Domestic,Day,Weekend,No Recent PIN Change
TXN0000669793,CUST00199620,2024-09-10,04:46:00,4,0,1,Japan,Vancouver,Crypto Exchange,Credit Card,Mobile,40,747,1,5122.55,78.69,169,14,55.9,23.2,0,0,1,0,None,Non-fraud,Domestic,Night,Weekday,Recent PIN Change
TXN0000541700,CUST00155999,2020-12-10,07:47:00,7,0,0,Canada,Mexico City,Gaming,Debit Card,Mobile,23,664,3.1,10650.59,93.06,144,28,7.5,0.07,0,0,0,0,None,Non-fraud,Domestic,Day,Weekday,No Recent PIN Change
TXN0000572450,CUST00047267,2023-03-14,13:46:00,13,0,0,Japan,Vancouver,Utilities,Debit Card,Mobile,51,810,5.9,13349.78,37.48,140,16,6.9,4.55,1,0,0,0,None,Non-fraud,International,Day,Weekday,No Recent PIN Change
TXN0000028254,CUST00160738,2024-08-26,23:55:00,23,0,1,USA,New York,Restaurant,Crypto,POS Terminal,53,597,6.4,10891.23,34.05,171,18,12,9.5,0,0,0,0,None,Non-fraud,Domestic,Night,Weekday,No Recent PIN Change
TXN0000541777,CUST00103742,2020-01-18,12:21:00,12,1,0,India,Osaka,Gaming,Credit Card,Mobile,30,718,0.4,7387.4,97.25,144,18,25.2,19.44,0,0,1,0,None,Non-fraud,Domestic,Day,Weekend,Recent PIN Change
TXN0000056876,CUST00185989,2024-08-28,13:43:00,13,0,0,India,Los Angeles,ATM Withdrawal,Debit Card,ATM,31,840,1.6,16984.83,42.79,132,24,22,1.44,0,0,0,0,None,Non-fraud,Domestic,Day,Weekday,No Recent PIN Change
TXN0000461602,CUST00037466,2020-11-18,23:24:00,23,0,1,Mexico,Mumbai,Online Shopping,Debit Card,Tablet,39,701,15,19901.22,60.09,153,15,34.1,11.52,0,0,0,0,None,Non-fraud,Domestic,Night,Weekday,No Recent PIN Change
TXN0000864573,CUST00084158,2023-08-15,11:50:00,11,0,0,Brazil,Tokyo,Restaurant,Debit Card,Mobile,18,696,0.1,2805.69,19.07,151,23,21.2,10.71,0,0,0,0,None,Non-fraud,Domestic,Day,Weekday,No Recent PIN Change
TXN0000209300,CUST00151544,2023-12-25,03:15:00,3,0,1,Brazil,London,ATM Withdrawal,Credit Card,POS Terminal,31,591,25,13745.76,10.79,167,22,3.3,3.4,0,0,0,0,None,Non-fraud,Domestic,Night,Weekday,No Recent PIN Change
TXN0000826673,CUST00162352,2020-03-11,23:50:00,23,0,1,Japan,Manchester,Entertainment,Bank Transfer,ATM,59,718,0.5,6099.2,32.2,160,19,11.5,13.76,0,0,0,0,None,Non-fraud,Domestic,Night,Weekday,No Recent PIN Change
TXN0000453826,CUST00171043,2023-06-09,09:05:00,9,0,0,USA,Guadalajara,Online Shopping,Bank Transfer,Mobile,53,706,0.1,9420.27,45.79,137,19,75.2,21.4,1,0,0,0,None,Non-fraud,International,Day,Weekday,No Recent PIN Change
TXN0000866508,CUST00156222,2022-06-14,16:51:00,16,0,0,USA,Toronto,Grocery,Mobile Payment,Mobile,49,641,3.6,17165.68,16.56,167,19,14.8,16.05,0,2,0,0,None,Non-fraud,Domestic,Day,Weekday,No Recent PIN Change
TXN0000583326,CUST00187077,2022-03-07,03:35:00,3,0,1,USA,Vancouver,Clothing,Credit Card,Tablet,31,651,1,2647.71,85.69,150,17,19.1,8.83,0,0,0,0,None,Non-fraud,Domestic,Night,Weekday,No Recent PIN Change
TXN0000852003,CUST00067311,2020-08-31,18:04:00,18,0,0,Mexico,Toronto,Restaurant,Credit Card,Desktop,30,679,23.1,1389.5,39.54,159,27,56.4,0.95,0,0,0,0,None,Non-fraud,Domestic,Day,Weekday,No Recent PIN Change
TXN0000642420,CUST00138656,2022-01-02,10:56:00,10,1,0,India,Berlin,ATM Withdrawal,Credit Card,ATM,18,568,2.5,19256.04,24.74,165,26,1.6,24.44,0,2,0,0,None,Non-fraud,Domestic,Day,Weekend,No Recent PIN Change
TXN0000996561,CUST00092925,2024-11-16,00:48:00,0,1,1,Canada,Rio,Grocery,Crypto,Mobile,37,572,16.8,1652.64,13.65,153,15,16.3,8.25,0,0,0,0,None,Non-fraud,Domestic,Night,Weekend,No Recent PIN Change
TXN0000766392,CUST00045802,2021-10-02,16:32:00,16,1,0,USA,Mumbai,Entertainment,Credit Card,ATM,47,700,0.7,15150.59,184.95,163,17,14.1,8.67,0,2,0,0,None,Non-fraud,Domestic,Day,Weekend,No Recent PIN Change
TXN0000483425,CUST00167199,2021-07-19,13:36:00,13,0,0,Brazil,São Paulo,Electronics,Credit Card,Mobile,50,683,2.1,2973.21,601.78,143,26,2.4,7.2,0,1,0,0,None,Non-fraud,Domestic,Day,Weekday,No Recent PIN Change
TXN0000046334,CUST00183483,2024-05-11,17:27:00,17,1,0,USA,Paris,Crypto Exchange,Credit Card,Mobile,39,627,1.3,39549.93,127.42,147,23,3.4,11.39,0,0,0,0,None,Non-fraud,Domestic,Day,Weekend,No Recent PIN Change
TXN0000464408,CUST00003140,2023-01-15,08:53:00,8,1,0,Mexico,São Paulo,Utilities,Bank Transfer,Tablet,47,699,3,7161.84,14.83,148,15,39.4,2.78,0,0,0,0,None,Non-fraud,Domestic,Day,Weekend,No Recent PIN Change
TXN0000634065,CUST00121796,2024-11-26,13:49:00,13,0,0,UK,Munich,Clothing,Debit Card,Mobile,23,709,4.3,8318.43,70.31,143,15,4.6,7.73,0,0,0,0,None,Non-fraud,Domestic,Day,Weekday,No Recent PIN Change
TXN0000355522,CUST00131411,2020-07-19,00:04:00,0,1,1,Japan,Manchester,Utilities,Bank Transfer,Mobile,72,637,4.2,48676.63,39.43,155,13,12.5,28.03,0,0,0,0,None,Non-fraud,Domestic,Night,Weekend,No Recent PIN Change
TXN0000246880,CUST00031094,2021-02-03,05:19:00,5,0,1,USA,Delhi,Electronics,Credit Card,Desktop,34,787,1.5,2215.54,838.4,150,23,14.3,3.74,0,0,0,0,None,Non-fraud,Domestic,Night,Weekday,No Recent PIN Change
TXN0000021585,CUST00007313,2021-05-24,11:30:00,11,0,0,UK,Rio,Fuel,Credit Card,Desktop,42,671,7.6,4736.77,171.32,153,14,10.6,13.33,0,0,0,0,None,Non-fraud,Domestic,Day,Weekday,No Recent PIN Change
TXN0000554427,CUST00016145,2021-01-12,21:50:00,21,0,0,USA,Berlin,Entertainment,Mobile Payment,Mobile,34,588,1.4,1097.85,58.57,139,18,11,0.64,0,0,0,0,None,Non-fraud,Domestic,Day,Weekday,No Recent PIN Change
TXN0000143904,CUST00176699,2023-02-05,11:14:00,11,1,0,USA,New York,Clothing,Debit Card,POS Terminal,60,572,22.4,3428.86,74.36,140,20,58.1,3.07,1,4,1,0,None,Non-fraud,International,Day,Weekend,Recent PIN Change
TXN0000952759,CUST00025251,2021-12-06,18:23:00,18,0,0,Japan,Berlin,Online Shopping,Credit Card,Tablet,48,638,5,21658.11,30.28,146,21,7.7,30.99,0,0,0,0,None,Non-fraud,Domestic,Day,Weekday,No Recent PIN Change
TXN0000955409,CUST00041510,2022-04-11,20:56:00,20,0,0,UK,Tokyo,Online Shopping,Credit Card,Mobile,52,504,0.3,1090.4,154.19,124,17,1.3,2.8,0,0,0,0,None,Non-fraud,Domestic,Day,Weekday,No Recent PIN Change
TXN0000396766,CUST00151359,2023-07-07,07:56:00,7,0,0,USA,Paris,Jewelry,Bank Transfer,ATM,45,805,0.1,6495.95,592.17,161,20,125.1,7.17,0,3,1,0,None,Non-fraud,Domestic,Day,Weekday,Recent PIN Change
TXN0000039665,CUST00125734,2020-10-23,21:03:00,21,0,0,USA,Toronto,ATM Withdrawal,Credit Card,POS Terminal,56,623,0.4,3954.12,82.79,164,13,11.2,30.72,0,2,0,0,None,Non-fraud,Domestic,Day,Weekday,No Recent PIN Change
TXN0000947420,CUST00184864,2021-02-24,04:19:00,4,0,1,Australia,London,Utilities,Bank Transfer,Desktop,36,643,14,5967.37,12.52,141,24,15.7,24.61,1,0,0,0,None,Non-fraud,International,Night,Weekday,No Recent PIN Change
TXN0000145391,CUST00133866,2021-06-10,09:28:00,9,0,0,India,Berlin,Healthcare,Debit Card,Mobile,57,629,0.4,16922.82,145.38,145,18,30.8,2.62,0,2,0,0,None,Non-fraud,Domestic,Day,Weekday,No Recent PIN Change
TXN0000120397,CUST00165642,2023-12-13,11:13:00,11,0,0,India,Vancouver,Education,Credit Card,Mobile,29,850,5.3,33250.79,27.62,137,16,26.3,0.98,0,3,0,0,None,Non-fraud,Domestic,Day,Weekday,No Recent PIN Change
TXN0000771447,CUST00039874,2021-11-05,21:56:00,21,0,0,Mexico,Lyon,Clothing,Debit Card,Mobile,50,666,12.8,4723.89,27.69,160,23,8.5,2.03,1,1,0,0,None,Non-fraud,International,Day,Weekday,No Recent PIN Change
TXN0000920085,CUST00000596,2022-10-13,15:29:00,15,0,0,Brazil,Toronto,Restaurant,Mobile Payment,Mobile,35,664,3,1621.22,109.13,139,20,27,2.52,0,0,0,0,None,Non-fraud,Domestic,Day,Weekday,No Recent PIN Change
TXN0000694462,CUST00105501,2022-07-19,02:08:00,2,0,1,Mexico,Mexico City,Online Shopping,Credit Card,Mobile,21,600,2.3,85585.61,5.69,161,16,6.8,3.1,0,0,0,0,None,Non-fraud,Domestic,Night,Weekday,No Recent PIN Change
TXN0000633428,CUST00157899,2023-01-22,02:48:00,2,1,1,Canada,London,Education,Bank Transfer,Mobile,35,680,3.5,2071.77,43.51,140,16,18.5,4.06,0,0,0,0,None,Non-fraud,Domestic,Night,Weekend,No Recent PIN Change
TXN0000327707,CUST00051741,2020-03-21,12:50:00,12,1,0,Canada,Lyon,ATM Withdrawal,Credit Card,POS Terminal,43,667,1.2,34669.45,38.43,156,17,1.2,0.23,0,1,0,0,None,Non-fraud,Domestic,Day,Weekend,No Recent PIN Change
TXN0000257529,CUST00010466,2021-04-30,10:29:00,10,0,0,UK,Munich,Gaming,Mobile Payment,Mobile,53,697,13.4,6596.89,149.09,132,21,30.4,5.81,0,1,0,0,None,Non-fraud,Domestic,Day,Weekday,No Recent PIN Change
TXN0000168866,CUST00014767,2024-01-23,13:02:00,13,0,0,Mexico,Mumbai,Travel,Debit Card,Mobile,55,799,0.1,7938.79,767.95,153,15,30.9,8.25,0,1,0,0,None,Non-fraud,Domestic,Day,Weekday,No Recent PIN Change
TXN0000424500,CUST00040636,2020-05-05,14:21:00,14,0,0,India,Manchester,Restaurant,Credit Card,Mobile,42,652,6.2,10524.37,180.64,132,23,68.2,45.88,0,0,0,0,None,Non-fraud,Domestic,Day,Weekday,No Recent PIN Change
TXN0000894203,CUST00096152,2022-11-17,19:10:00,19,0,0,UK,Mumbai,Electronics,Credit Card,Mobile,55,850,2.7,15495.1,415.7,136,13,9.6,7.85,0,0,0,0,None,Non-fraud,Domestic,Day,Weekday,No Recent PIN Change
TXN0000557996,CUST00126862,2024-03-14,15:29:00,15,0,0,USA,Lyon,Crypto Exchange,Bank Transfer,Desktop,44,530,0.2,7136.12,15.02,134,23,9.8,1.24,0,0,0,0,None,Non-fraud,Domestic,Day,Weekday,No Recent PIN Change
TXN0000018781,CUST00163395,2021-06-26,17:35:00,17,1,0,India,New York,Utilities,Mobile Payment,Mobile,57,760,5.5,12325.71,50.88,155,23,43.2,8.45,0,1,0,0,None,Non-fraud,Domestic,Day,Weekend,No Recent PIN Change
TXN0000285233,CUST00114728,2024-02-09,01:49:00,1,0,1,Canada,Manchester,Utilities,Debit Card,Mobile,34,796,3.3,5758.82,86.52,156,25,20.7,33.1,0,0,1,0,None,Non-fraud,Domestic,Night,Weekday,Recent PIN Change
TXN0000523645,CUST00068167,2020-04-06,16:50:00,16,0,0,Brazil,Sydney,Grocery,Cheque,Mobile,21,810,2.7,3957.39,316.56,159,20,0.6,11.75,0,0,0,0,None,Non-fraud,Domestic,Day,Weekday,No Recent PIN Change
TXN0000081172,CUST00031828,2022-04-30,11:18:00,11,1,0,Canada,Guadalajara,Crypto Exchange,Debit Card,Tablet,55,619,4.6,7425.52,55.67,160,19,5.3,13.03,0,0,0,0,None,Non-fraud,Domestic,Day,Weekend,No Recent PIN Change
TXN0000105925,CUST00066069,2020-08-18,05:38:00,5,0,1,Canada,Toronto,Healthcare,Credit Card,Desktop,54,728,0.1,23271.83,18.4,160,16,90.6,28.9,0,0,0,0,None,Non-fraud,Domestic,Night,Weekday,No Recent PIN Change
TXN0000671189,CUST00185755,2024-03-19,04:58:00,4,0,1,USA,Mumbai,Utilities,Bank Transfer,POS Terminal,18,695,0.9,3255.31,66.72,150,16,6,13.57,0,0,0,0,None,Non-fraud,Domestic,Night,Weekday,No Recent PIN Change
TXN0000464281,CUST00021281,2023-03-14,06:30:00,6,0,1,Japan,Delhi,Travel,Credit Card,ATM,53,465,7.4,5089.81,90.37,163,17,0.9,11.12,0,0,0,0,None,Non-fraud,Domestic,Night,Weekday,No Recent PIN Change
TXN0000529454,CUST00059387,2022-09-08,17:08:00,17,0,0,UK,Mumbai,Electronics,Debit Card,POS Terminal,55,671,5.1,838.48,723.71,139,19,19.3,3.52,0,0,0,0,None,Non-fraud,Domestic,Day,Weekday,No Recent PIN Change
TXN0000549583,CUST00151070,2024-04-30,14:30:00,14,0,0,India,Berlin,Crypto Exchange,Bank Transfer,Mobile,38,684,8.8,62351.06,133.56,145,23,30.9,15.63,0,0,0,0,None,Non-fraud,Domestic,Day,Weekday,No Recent PIN Change
TXN0000287615,CUST00157022,2021-03-11,18:49:00,18,0,0,India,Munich,Fuel,Bank Transfer,Mobile,36,591,9.8,1529.18,46.9,144,18,4.4,14.39,0,0,0,0,None,Non-fraud,Domestic,Day,Weekday,No Recent PIN Change
TXN0000575712,CUST00162612,2022-11-21,23:14:00,23,0,1,USA,Mumbai,Education,Debit Card,Mobile,48,771,5.6,4582.76,453.21,145,21,21,0.86,1,0,0,0,None,Non-fraud,International,Night,Weekday,No Recent PIN Change
TXN0000639886,CUST00097440,2022-06-19,08:47:00,8,1,0,Germany,Guadalajara,Utilities,Crypto,Mobile,54,619,17.5,893.48,35.62,162,26,5.4,4.8,0,3,0,0,None,Non-fraud,Domestic,Day,Weekend,No Recent PIN Change
TXN0000801061,CUST00061119,2022-05-21,17:12:00,17,1,0,USA,Munich,Crypto Exchange,Debit Card,Mobile,43,585,0.2,5603.72,23.33,168,20,37.9,3.27,0,4,0,0,None,Non-fraud,Domestic,Day,Weekend,No Recent PIN Change
TXN0000885184,CUST00112764,2022-03-10,15:54:00,15,0,0,USA,Manchester,Electronics,Credit Card,Mobile,48,613,6,2640.34,507.84,141,22,8.4,8.92,1,0,1,0,None,Non-fraud,International,Day,Weekday,Recent PIN Change
TXN0000234386,CUST00105402,2023-08-03,23:39:00,23,0,1,India,Munich,Online Shopping,Credit Card,Desktop,57,686,0.8,1451.31,8.46,122,21,26.5,10.72,0,0,0,0,None,Non-fraud,Domestic,Night,Weekday,No Recent PIN Change
TXN0000471588,CUST00190313,2020-07-31,11:43:00,11,0,0,USA,Tokyo,Grocery,Debit Card,Mobile,40,635,1.3,972.11,16.48,138,20,1.4,5.61,1,0,0,0,None,Non-fraud,International,Day,Weekday,No Recent PIN Change
TXN0000523264,CUST00162769,2023-10-12,06:42:00,6,0,1,Germany,Rio,Gaming,Bank Transfer,Tablet,20,707,0.6,32333.93,28.43,145,22,7.7,1.58,1,0,0,0,None,Non-fraud,International,Night,Weekday,No Recent PIN Change
TXN0000317815,CUST00036696,2021-08-06,23:17:00,23,0,1,USA,London,Grocery,Bank Transfer,Mobile,61,652,9,32426.93,738.58,159,14,8.3,5.35,0,0,0,0,None,Non-fraud,Domestic,Night,Weekday,No Recent PIN Change
TXN0000521081,CUST00053371,2022-07-14,05:04:00,5,0,1,Germany,Tokyo,Crypto Exchange,Debit Card,ATM,50,550,22.6,8944.18,86.09,142,22,60.9,2.23,0,0,1,0,None,Non-fraud,Domestic,Night,Weekday,Recent PIN Change
TXN0000270605,CUST00121361,2020-09-26,02:16:00,2,1,1,UK,Mumbai,Gaming,Credit Card,Tablet,60,535,7.5,5893.17,16.39,142,21,9.8,2.21,0,0,0,0,None,Non-fraud,Domestic,Night,Weekend,No Recent PIN Change
TXN0000698764,CUST00179355,2020-07-09,03:47:00,3,0,1,USA,Berlin,ATM Withdrawal,Mobile Payment,Mobile,55,705,1.5,1951.86,104,148,12,5.4,0.43,0,0,0,0,None,Non-fraud,Domestic,Night,Weekday,No Recent PIN Change
TXN0000456169,CUST00161997,2021-09-22,16:45:00,16,0,0,France,Manchester,Restaurant,Crypto,Mobile,41,822,3.9,1500.26,24.2,144,21,10.1,3.96,0,0,0,0,None,Non-fraud,Domestic,Day,Weekday,No Recent PIN Change
TXN0000552242,CUST00034774,2023-10-31,12:57:00,12,0,0,India,Sydney,Jewelry,Debit Card,Tablet,41,634,0.1,8625.83,251.48,160,20,9.8,25.1,0,0,0,0,None,Non-fraud,Domestic,Day,Weekday,No Recent PIN Change
TXN0000591895,CUST00026983,2020-03-30,20:06:00,20,0,0,Australia,London,Grocery,Credit Card,Desktop,33,639,5.6,1966.25,174.41,143,20,5.7,13.89,0,0,0,0,None,Non-fraud,Domestic,Day,Weekday,No Recent PIN Change
TXN0000646595,CUST00135164,2021-09-01,00:05:00,0,0,1,USA,Delhi,Fuel,Bank Transfer,Tablet,27,835,6.3,8982.25,56.88,182,18,44.3,1.78,1,1,0,0,None,Non-fraud,International,Night,Weekday,No Recent PIN Change
TXN0000141546,CUST00046864,2020-03-22,08:49:00,8,1,0,France,São Paulo,Education,Credit Card,Tablet,18,592,1.4,1907.27,258.84,152,13,8.8,9.46,0,4,0,0,None,Non-fraud,Domestic,Day,Weekend,No Recent PIN Change
TXN0000880013,CUST00012706,2020-06-11,04:50:00,4,0,1,Australia,Sydney,Fuel,Credit Card,Mobile,56,626,6.7,2339.64,44.95,156,24,20.3,20.91,0,0,0,0,None,Non-fraud,Domestic,Night,Weekday,No Recent PIN Change
TXN0000524100,CUST00109799,2020-09-24,13:12:00,13,0,0,USA,Toronto,Electronics,Debit Card,Mobile,37,586,1.1,1847.23,1240.59,160,22,7.4,29.84,1,0,0,0,None,Non-fraud,International,Day,Weekday,No Recent PIN Change
TXN0000193070,CUST00002074,2024-07-24,02:48:00,2,0,1,USA,London,Grocery,Bank Transfer,Mobile,35,816,5,25494.93,68.9,151,13,24.7,4.53,1,1,0,0,None,Non-fraud,International,Night,Weekday,No Recent PIN Change
TXN0000638582,CUST00075402,2024-02-14,15:03:00,15,0,0,USA,Toronto,Entertainment,Debit Card,Desktop,50,506,3,10846.22,25.14,157,24,20.3,15.69,0,0,0,0,None,Non-fraud,Domestic,Day,Weekday,No Recent PIN Change
TXN0000527007,CUST00136438,2021-06-24,14:51:00,14,0,0,Japan,Delhi,Jewelry,Debit Card,Desktop,49,645,1,4968.25,870.22,148,17,24.2,2.86,0,0,0,0,None,Non-fraud,Domestic,Day,Weekday,No Recent PIN Change
TXN0000635429,CUST00189530,2020-02-17,16:51:00,16,0,0,France,Berlin,Healthcare,Debit Card,Desktop,55,740,7.3,155584.45,163.49,152,22,37.7,0.28,0,0,0,0,None,Non-fraud,Domestic,Day,Weekday,No Recent PIN Change
TXN0000476775,CUST00198109,2020-05-05,01:59:00,1,0,1,USA,Mexico City,Entertainment,Debit Card,ATM,24,754,2.9,21917.73,33.77,145,24,3,0.36,0,0,0,0,None,Non-fraud,Domestic,Night,Weekday,No Recent PIN Change
TXN0000348403,CUST00154494,2023-10-26,03:24:00,3,0,1,USA,Vancouver,Travel,Bank Transfer,Desktop,42,693,2.3,3214.9,235.39,153,19,11.4,31.32,0,0,0,0,None,Non-fraud,Domestic,Night,Weekday,No Recent PIN Change
TXN0000241966,CUST00035169,2021-06-18,07:06:00,7,0,0,Brazil,Lyon,Education,Credit Card,Mobile,55,698,9.7,11816.18,23.83,156,13,32.5,6.68,0,1,0,0,None,Non-fraud,Domestic,Day,Weekday,No Recent PIN Change
TXN0000028981,CUST00056069,2020-07-19,10:40:00,10,1,0,USA,New York,Online Shopping,Debit Card,Desktop,48,704,6.4,1232.28,29.08,141,24,20.5,5.44,0,0,1,0,None,Non-fraud,Domestic,Day,Weekend,Recent PIN Change
TXN0000635643,CUST00129084,2024-08-17,14:54:00,14,1,0,Japan,London,Gaming,Credit Card,Mobile,36,742,0.5,21839.23,78.95,163,19,20.6,2.55,0,0,0,0,None,Non-fraud,Domestic,Day,Weekend,No Recent PIN Change
TXN0000648144,CUST00168761,2024-06-21,16:25:00,16,0,0,Germany,Toronto,Online Shopping,Credit Card,Mobile,28,826,0.2,45301.54,62.48,141,18,2.5,0.37,1,0,0,0,None,Non-fraud,International,Day,Weekday,No Recent PIN Change
TXN0000992281,CUST00145134,2023-07-23,03:06:00,3,1,1,Canada,Delhi,Crypto Exchange,Credit Card,Tablet,40,611,2.9,3038.05,46.32,143,22,13.2,84,1,0,1,0,None,Non-fraud,International,Night,Weekend,Recent PIN Change
TXN0000982039,CUST00062110,2024-12-14,07:05:00,7,1,0,USA,São Paulo,Healthcare,Credit Card,ATM,24,608,2.5,3524.69,34.26,161,15,28.7,2.94,0,0,0,0,None,Non-fraud,Domestic,Day,Weekend,No Recent PIN Change
TXN0000141686,CUST00149041,2021-09-24,12:14:00,12,0,0,USA,Melbourne,Jewelry,Debit Card,ATM,62,678,5.9,3714.59,211.74,144,19,1.7,22.73,0,0,0,0,None,Non-fraud,Domestic,Day,Weekday,No Recent PIN Change
TXN0000413563,CUST00181696,2024-02-04,00:33:00,0,1,1,Germany,Guadalajara,Entertainment,Crypto,ATM,31,597,6.4,18821.48,77.72,170,16,49.4,26.15,0,0,0,0,None,Non-fraud,Domestic,Night,Weekend,No Recent PIN Change
TXN0000698060,CUST00021758,2024-03-25,21:01:00,21,0,0,Brazil,New York,Electronics,Crypto,Mobile,64,672,2.8,6267.67,252.97,137,20,47.2,3.72,0,0,0,0,None,Non-fraud,Domestic,Day,Weekday,No Recent PIN Change
TXN0000168158,CUST00063417,2022-10-29,00:09:00,0,1,1,Brazil,Manchester,Utilities,Bank Transfer,Tablet,45,662,3.8,4378.81,151.2,120,14,44.4,18.53,0,4,0,0,None,Non-fraud,Domestic,Night,Weekend,No Recent PIN Change
TXN0000447382,CUST00003455,2020-09-22,12:51:00,12,0,0,USA,São Paulo,Travel,Credit Card,Mobile,44,478,1.7,11130.83,391.37,128,29,38,4.9,0,2,0,0,None,Non-fraud,Domestic,Day,Weekday,No Recent PIN Change
TXN0000980948,CUST00030790,2023-06-19,15:42:00,15,0,0,UK,Munich,Education,Credit Card,Mobile,37,663,15.1,14231.69,139.79,155,19,1.2,38.5,0,0,0,0,None,Non-fraud,Domestic,Day,Weekday,No Recent PIN Change
TXN0000840628,CUST00039732,2022-05-24,04:42:00,4,0,1,USA,Mexico City,Electronics,Crypto,POS Terminal,27,733,0.7,4476.66,95.84,145,21,18,7.52,0,0,0,0,None,Non-fraud,Domestic,Night,Weekday,No Recent PIN Change
TXN0000310472,CUST00088456,2021-09-16,18:33:00,18,0,0,India,São Paulo,Utilities,Mobile Payment,Mobile,64,702,9.4,11665.36,291.07,143,11,26,2.94,0,0,0,0,None,Non-fraud,Domestic,Day,Weekday,No Recent PIN Change
TXN0000088099,CUST00128642,2021-06-15,22:30:00,22,0,1,USA,Mexico City,Entertainment,Mobile Payment,Desktop,35,665,2,6793.81,19.2,162,28,11,3.38,0,0,0,0,None,Non-fraud,Domestic,Night,Weekday,No Recent PIN Change
TXN0000599645,CUST00135416,2023-06-04,10:31:00,10,1,0,USA,Delhi,ATM Withdrawal,Credit Card,Mobile,37,581,2.2,318.95,7.09,147,23,9.6,11.28,0,2,0,0,None,Non-fraud,Domestic,Day,Weekend,No Recent PIN Change
TXN0000486085,CUST00180975,2024-10-10,08:02:00,8,0,0,USA,Rio,Gaming,Debit Card,Mobile,45,704,12,10765.8,124.61,146,27,3,18.21,0,0,0,0,None,Non-fraud,Domestic,Day,Weekday,No Recent PIN Change
TXN0000237036,CUST00183679,2022-11-04,09:47:00,9,0,0,Australia,Guadalajara,Electronics,Bank Transfer,Mobile,43,709,9.3,5096.73,469.64,136,19,9.6,16.44,0,0,0,0,None,Non-fraud,Domestic,Day,Weekday,No Recent PIN Change
TXN0000535011,CUST00185841,2020-04-22,14:18:00,14,0,0,UK,Guadalajara,Electronics,Debit Card,Mobile,21,671,0.8,3443.44,119.68,153,17,0.9,0.11,0,0,0,0,None,Non-fraud,Domestic,Day,Weekday,No Recent PIN Change
TXN0000806641,CUST00097859,2021-01-08,04:44:00,4,0,1,India,Munich,Utilities,Debit Card,Desktop,37,618,0.9,2701.52,18.42,153,20,30.2,4.7,0,0,0,0,None,Non-fraud,Domestic,Night,Weekday,No Recent PIN Change
TXN0000399320,CUST00093145,2020-10-20,02:40:00,2,0,1,USA,Munich,Gaming,Bank Transfer,Mobile,51,632,3.1,2750.71,29.69,127,14,3.2,18.25,0,0,0,0,None,Non-fraud,Domestic,Night,Weekday,No Recent PIN Change
TXN0000704437,CUST00018524,2022-04-27,19:22:00,19,0,0,Brazil,Vancouver,Clothing,Bank Transfer,Mobile,60,636,5.6,6535.12,163.72,148,17,12.6,1.16,0,0,0,0,None,Non-fraud,Domestic,Day,Weekday,No Recent PIN Change
TXN0000654499,CUST00020785,2021-08-05,21:56:00,21,0,0,USA,Mumbai,Utilities,Credit Card,Desktop,51,579,1.1,487.25,26.97,131,16,6.1,0.09,1,0,0,0,None,Non-fraud,International,Day,Weekday,No Recent PIN Change
TXN0000292831,CUST00027508,2022-07-11,21:42:00,21,0,0,USA,Berlin,Restaurant,Credit Card,Mobile,59,558,5.4,13075.31,160.86,151,21,37.4,8.49,0,1,0,0,None,Non-fraud,Domestic,Day,Weekday,No Recent PIN Change
TXN0000582808,CUST00190109,2023-08-12,08:13:00,8,1,0,USA,Munich,Grocery,Mobile Payment,Mobile,42,589,1.7,502.95,145.8,126,17,33.4,0.27,0,0,0,0,None,Non-fraud,Domestic,Day,Weekend,No Recent PIN Change
TXN0000196175,CUST00002534,2024-03-12,12:17:00,12,0,0,Brazil,Tokyo,Entertainment,Credit Card,Mobile,20,697,0.8,10954.07,141.51,125,21,2.6,1.86,0,0,0,0,None,Non-fraud,Domestic,Day,Weekday,No Recent PIN Change
TXN0000096558,CUST00069826,2020-09-24,14:31:00,14,0,0,Australia,Vancouver,Grocery,Debit Card,Mobile,28,625,0.2,7508.98,50.71,148,20,7.6,0.53,0,1,0,0,None,Non-fraud,Domestic,Day,Weekday,No Recent PIN Change
TXN0000493148,CUST00020795,2024-09-09,00:05:00,0,0,1,UK,Osaka,Healthcare,Debit Card,Mobile,48,676,10.9,5779.62,44.11,135,21,37.9,2.17,0,0,0,0,None,Non-fraud,Domestic,Night,Weekday,No Recent PIN Change
TXN0000873737,CUST00168973,2024-10-27,17:57:00,17,1,0,Japan,Melbourne,Clothing,Credit Card,Mobile,45,530,0.8,3371.11,46.51,134,18,36.5,14.05,0,0,0,0,None,Non-fraud,Domestic,Day,Weekend,No Recent PIN Change
TXN0000128491,CUST00170683,2020-04-26,00:01:00,0,1,1,Brazil,Mumbai,Education,Debit Card,Desktop,51,626,0.3,4291.39,63.41,130,18,12.5,12.55,0,0,0,0,None,Non-fraud,Domestic,Night,Weekend,No Recent PIN Change
TXN0000379963,CUST00042775,2023-05-09,07:16:00,7,0,0,Mexico,Tokyo,Restaurant,Credit Card,Desktop,66,714,2.7,4087.94,54.65,138,22,85,18.75,0,0,0,0,None,Non-fraud,Domestic,Day,Weekday,No Recent PIN Change
TXN0000020483,CUST00182130,2024-03-24,08:36:00,8,1,0,Australia,Toronto,Fuel,Credit Card,Desktop,26,788,4,6637.19,74.19,172,31,6.6,0.5,1,0,0,0,None,Non-fraud,International,Day,Weekend,No Recent PIN Change
TXN0000932396,CUST00161702,2021-09-03,09:14:00,9,0,0,UK,Mumbai,Utilities,Crypto,Tablet,30,627,0.3,33795.84,150.65,133,25,32.3,26.75,0,0,0,0,None,Non-fraud,Domestic,Day,Weekday,No Recent PIN Change
TXN0000856191,CUST00032617,2023-10-27,01:37:00,1,0,1,India,Manchester,Education,Debit Card,ATM,60,584,0.8,14925.78,144.74,172,19,1.6,17.51,0,2,0,0,None,Non-fraud,Domestic,Night,Weekday,No Recent PIN Change
TXN0000381999,CUST00117994,2022-03-26,02:22:00,2,1,1,USA,Guadalajara,Jewelry,Credit Card,Desktop,59,717,6,7187.36,834.3,125,22,42,6.97,0,0,0,0,None,Non-fraud,Domestic,Night,Weekend,No Recent PIN Change
TXN0000678129,CUST00138607,2020-07-13,14:29:00,14,0,0,Canada,Toronto,ATM Withdrawal,Debit Card,Mobile,53,783,1.9,9489.22,7.02,140,25,31.5,0.01,0,0,0,0,None,Non-fraud,Domestic,Day,Weekday,No Recent PIN Change
TXN0000460709,CUST00182370,2021-01-13,19:08:00,19,0,0,Germany,Toronto,Fuel,Debit Card,ATM,22,757,17.7,869.86,102.71,148,25,63.8,13.42,0,0,0,0,None,Non-fraud,Domestic,Day,Weekday,No Recent PIN Change
TXN0000782522,CUST00083307,2023-06-13,13:46:00,13,0,0,USA,Manchester,Entertainment,Credit Card,Mobile,42,679,2.4,16736.06,53.02,127,20,11.1,13.03,0,0,0,0,None,Non-fraud,Domestic,Day,Weekday,No Recent PIN Change
TXN0000193616,CUST00065323,2021-10-07,12:30:00,12,0,0,India,Lyon,Fuel,Debit Card,ATM,23,675,2.5,1356.62,35.37,155,25,27.8,31.69,0,0,0,0,None,Non-fraud,Domestic,Day,Weekday,No Recent PIN Change
TXN0000513010,CUST00122880,2023-12-29,09:17:00,9,0,0,USA,Los Angeles,ATM Withdrawal,Bank Transfer,Desktop,50,626,1.4,2038.97,6.62,133,17,2.1,7.75,0,1,0,0,None,Non-fraud,Domestic,Day,Weekday,No Recent PIN Change
TXN0000923968,CUST00093094,2023-02-23,18:56:00,18,0,0,USA,Berlin,Education,Debit Card,Mobile,60,767,1.4,2948.49,14.04,162,11,4.9,16.56,0,2,0,0,None,Non-fraud,Domestic,Day,Weekday,No Recent PIN Change
TXN0000656049,CUST00162260,2023-12-04,13:41:00,13,0,0,USA,Delhi,Utilities,Credit Card,Tablet,48,630,0.5,33554.57,7.71,152,21,16.9,0.13,0,4,0,0,None,Non-fraud,Domestic,Day,Weekday,No Recent PIN Change
TXN0000038502,CUST00083061,2023-07-02,18:49:00,18,1,0,USA,Paris,Fuel,Credit Card,Mobile,38,513,13.2,52801.2,22.6,157,14,18.4,14.08,1,0,0,0,None,Non-fraud,International,Day,Weekend,No Recent PIN Change
TXN0000107016,CUST00066331,2024-03-31,07:16:00,7,1,0,India,Lyon,Travel,Credit Card,Mobile,29,783,6.1,8655.32,285.44,165,19,12,25.88,0,0,1,0,None,Non-fraud,Domestic,Day,Weekend,Recent PIN Change
TXN0000217027,CUST00190017,2024-03-15,00:07:00,0,0,1,Japan,Berlin,Education,Bank Transfer,Desktop,37,691,7.9,5376.71,52.22,120,16,20.6,0.78,0,0,0,0,None,Non-fraud,Domestic,Night,Weekday,No Recent PIN Change
TXN0000662462,CUST00155218,2020-03-28,08:18:00,8,1,0,Japan,Manchester,Restaurant,Mobile Payment,Mobile,54,728,0.2,15882.15,20.06,152,13,8.5,22.21,1,0,0,0,None,Non-fraud,International,Day,Weekend,No Recent PIN Change
TXN0000316118,CUST00097122,2023-03-08,11:56:00,11,0,0,Canada,Tokyo,Healthcare,Debit Card,ATM,35,553,12.9,4122.15,81.15,154,24,0.6,19.88,0,0,0,0,None,Non-fraud,Domestic,Day,Weekday,No Recent PIN Change
TXN0000586089,CUST00069226,2024-01-17,16:02:00,16,0,0,UK,Berlin,Restaurant,Bank Transfer,POS Terminal,39,530,8.5,8143.9,99.92,145,20,1,8.63,0,0,0,0,None,Non-fraud,Domestic,Day,Weekday,No Recent PIN Change
TXN0000188519,CUST00190325,2024-02-05,12:28:00,12,0,0,Germany,Los Angeles,Online Shopping,Bank Transfer,POS Terminal,39,613,4.2,20535.72,59.73,158,11,46.4,3.55,1,0,0,0,None,Non-fraud,International,Day,Weekday,No Recent PIN Change
TXN0000452336,CUST00139314,2021-08-18,08:56:00,8,0,0,USA,Lyon,Utilities,Debit Card,Mobile,48,779,3.8,27356.32,99.48,145,25,3.4,4.1,0,0,1,0,None,Non-fraud,Domestic,Day,Weekday,Recent PIN Change
TXN0000074662,CUST00079169,2024-12-06,00:54:00,0,0,1,USA,Melbourne,Entertainment,Credit Card,Mobile,47,681,6.7,11388.12,7.45,157,23,24.2,1,0,1,0,0,None,Non-fraud,Domestic,Night,Weekday,No Recent PIN Change
TXN0000764048,CUST00134480,2023-10-29,10:47:00,10,1,0,USA,Vancouver,Clothing,Debit Card,Mobile,72,819,3.9,8862.86,103.61,137,26,5.1,16.8,0,0,0,0,None,Non-fraud,Domestic,Day,Weekend,No Recent PIN Change
TXN0000346235,CUST00184369,2020-02-22,12:58:00,12,1,0,USA,Los Angeles,Restaurant,Debit Card,Desktop,40,706,9.2,3854.08,1496.27,151,22,17.8,5.86,0,0,0,0,None,Non-fraud,Domestic,Day,Weekend,No Recent PIN Change
TXN0000543033,CUST00168783,2022-11-02,16:11:00,16,0,0,UK,Delhi,Clothing,Debit Card,ATM,31,680,6.6,6195.64,88.7,144,15,4.6,7.39,0,0,0,0,None,Non-fraud,Domestic,Day,Weekday,No Recent PIN Change
TXN0000245363,CUST00010258,2024-07-22,06:52:00,6,0,1,Canada,Vancouver,Fuel,Credit Card,Tablet,48,723,3.5,1577.98,38.31,156,26,0.9,1.37,0,0,0,0,None,Non-fraud,Domestic,Night,Weekday,No Recent PIN Change
TXN0000643614,CUST00164753,2020-10-04,06:06:00,6,1,1,Canada,Manchester,Education,Credit Card,POS Terminal,49,722,2.7,7694.92,44.48,163,28,14.9,0.93,0,0,0,0,None,Non-fraud,Domestic,Night,Weekend,No Recent PIN Change
TXN0000086298,CUST00095205,2020-09-15,04:36:00,4,0,1,Germany,Delhi,Education,Mobile Payment,Mobile,26,586,4.2,7337.07,52.87,148,21,1.8,12.52,1,0,0,0,None,Non-fraud,International,Night,Weekday,No Recent PIN Change
TXN0000812794,CUST00123349,2021-02-28,20:22:00,20,1,0,Canada,Toronto,Online Shopping,Credit Card,Mobile,44,685,1.6,2803.43,9.44,128,18,24.1,4.65,0,0,0,0,None,Non-fraud,Domestic,Day,Weekend,No Recent PIN Change
TXN0000719486,CUST00077584,2024-07-27,09:53:00,9,1,0,USA,Munich,Grocery,Credit Card,ATM,38,615,3.2,5035.01,45.71,128,24,25.5,50.17,0,0,0,0,None,Non-fraud,Domestic,Day,Weekend,No Recent PIN Change
TXN0000396232,CUST00000182,2024-04-26,19:01:00,19,0,0,Brazil,Berlin,ATM Withdrawal,Debit Card,Mobile,49,779,3,591.34,35.02,151,22,3.7,4.6,0,2,1,0,None,Non-fraud,Domestic,Day,Weekday,Recent PIN Change
TXN0000633832,CUST00006239,2023-05-23,14:52:00,14,0,0,UK,New York,Crypto Exchange,Credit Card,Mobile,63,606,0.8,37165.1,143.89,155,27,10.4,20.64,0,1,0,0,None,Non-fraud,Domestic,Day,Weekday,No Recent PIN Change
TXN0000177586,CUST00027593,2024-02-11,22:21:00,22,1,1,Brazil,Berlin,Healthcare,Bank Transfer,ATM,34,734,2.8,4648.97,43.62,123,19,75.1,24.56,0,1,0,0,None,Non-fraud,Domestic,Night,Weekend,No Recent PIN Change
TXN0000405697,CUST00115407,2020-12-20,18:55:00,18,1,0,Canada,Mumbai,Restaurant,Mobile Payment,Mobile,27,684,2.1,28909.02,23.07,136,22,1.3,12.87,0,0,0,0,None,Non-fraud,Domestic,Day,Weekend,No Recent PIN Change
TXN0000541206,CUST00197428,2020-03-27,22:30:00,22,0,1,USA,Vancouver,Clothing,Credit Card,Mobile,55,722,2.4,5622.51,5.84,166,21,2.1,3.82,0,0,1,0,None,Non-fraud,Domestic,Night,Weekday,Recent PIN Change
TXN0000043631,CUST00175759,2023-09-19,19:19:00,19,0,0,UK,Mumbai,Utilities,Debit Card,Tablet,35,735,0.5,7752.49,24.66,167,16,6.6,18.97,0,0,0,0,None,Non-fraud,Domestic,Day,Weekday,No Recent PIN Change
TXN0000765209,CUST00103032,2023-12-06,13:44:00,13,0,0,India,Osaka,Clothing,Cheque,Mobile,47,628,5.5,38920.27,221.67,155,20,27.5,4.27,0,0,0,0,None,Non-fraud,Domestic,Day,Weekday,No Recent PIN Change
TXN0000857215,CUST00067617,2024-05-03,09:04:00,9,0,0,Germany,Mumbai,Education,Mobile Payment,Mobile,37,626,2.3,7649.85,8.99,146,33,4.1,6.04,0,0,0,0,None,Non-fraud,Domestic,Day,Weekday,No Recent PIN Change
TXN0000305991,CUST00107476,2021-02-23,21:52:00,21,0,0,France,Melbourne,Online Shopping,Debit Card,Desktop,52,671,0.7,1980.17,52.23,140,16,3.1,8.73,0,0,0,0,None,Non-fraud,Domestic,Day,Weekday,No Recent PIN Change
TXN0000226809,CUST00132504,2021-08-03,21:34:00,21,0,0,UK,London,Fuel,Credit Card,Mobile,57,591,6.3,960.19,82.98,150,17,2.4,1.79,0,0,0,0,None,Non-fraud,Domestic,Day,Weekday,No Recent PIN Change
TXN0000418200,CUST00163129,2020-03-22,14:46:00,14,1,0,Brazil,Berlin,Restaurant,Bank Transfer,Mobile,43,832,3,92226.37,107.8,153,23,1.5,17.18,0,0,0,0,None,Non-fraud,Domestic,Day,Weekend,No Recent PIN Change
TXN0000421639,CUST00010226,2024-11-21,17:49:00,17,0,0,Canada,Mumbai,Grocery,Credit Card,POS Terminal,40,641,1,2874.84,62.2,157,25,13.9,0.88,0,3,0,0,None,Non-fraud,Domestic,Day,Weekday,No Recent PIN Change
TXN0000425139,CUST00015677,2024-06-20,13:52:00,13,0,0,UK,Vancouver,Online Shopping,Bank Transfer,Tablet,38,704,2,14796.61,77.64,179,19,4.2,4.37,0,0,0,0,None,Non-fraud,Domestic,Day,Weekday,No Recent PIN Change
TXN0000112683,CUST00088503,2021-07-20,03:20:00,3,0,1,Mexico,Delhi,Crypto Exchange,Bank Transfer,Desktop,49,718,6.3,7124.14,83.4,138,22,15.2,0.03,1,0,0,0,None,Non-fraud,International,Night,Weekday,No Recent PIN Change
TXN0000499458,CUST00044961,2023-06-15,00:02:00,0,0,1,Canada,Manchester,Healthcare,Credit Card,Mobile,40,699,3.3,1622.17,20.74,139,19,10.1,27.46,0,0,0,0,None,Non-fraud,Domestic,Night,Weekday,No Recent PIN Change
TXN0000605515,CUST00098532,2024-10-14,22:54:00,22,0,1,USA,Los Angeles,Grocery,Credit Card,Mobile,64,724,0.3,4335.5,50.78,143,19,5.2,10.87,0,0,0,0,None,Non-fraud,Domestic,Night,Weekday,No Recent PIN Change
TXN0000051658,CUST00078906,2022-12-17,17:54:00,17,1,0,Australia,Lyon,Entertainment,Bank Transfer,Desktop,51,709,3.7,27984.99,156.95,153,18,17.5,13.07,0,0,0,0,None,Non-fraud,Domestic,Day,Weekend,No Recent PIN Change
TXN0000938550,CUST00091016,2024-02-02,08:16:00,8,0,0,Mexico,Osaka,Online Shopping,Bank Transfer,ATM,67,661,2.2,21695.65,45.49,183,28,9.4,21.4,0,1,0,0,None,Non-fraud,Domestic,Day,Weekday,No Recent PIN Change
TXN0000065092,CUST00016322,2020-08-25,02:41:00,2,0,1,USA,Vancouver,Entertainment,Debit Card,Mobile,39,586,3.1,15188.91,26.91,148,19,37.1,1.28,0,0,0,0,None,Non-fraud,Domestic,Night,Weekday,No Recent PIN Change
TXN0000184418,CUST00176161,2021-06-13,23:17:00,23,1,1,USA,Berlin,Education,Credit Card,Mobile,30,836,9.6,42212.41,81.93,150,30,3.1,6.05,0,0,0,0,None,Non-fraud,Domestic,Night,Weekend,No Recent PIN Change
TXN0000126619,CUST00166859,2023-09-10,00:59:00,0,1,1,UK,Vancouver,Grocery,Mobile Payment,Tablet,32,684,0.1,9012.48,71.89,162,17,50.3,0.68,0,0,0,0,None,Non-fraud,Domestic,Night,Weekend,No Recent PIN Change
TXN0000235115,CUST00196326,2024-07-16,14:51:00,14,0,0,USA,São Paulo,Jewelry,Debit Card,Mobile,21,760,2.4,4988.78,866.34,145,22,18,27.77,0,0,0,0,None,Non-fraud,Domestic,Day,Weekday,No Recent PIN Change
TXN0000224900,CUST00152270,2024-05-11,23:26:00,23,1,1,India,Berlin,Restaurant,Mobile Payment,Mobile,49,635,2.9,3707.26,134.49,149,14,1.7,2.82,0,1,0,0,None,Non-fraud,Domestic,Night,Weekend,No Recent PIN Change
TXN0000828238,CUST00182455,2023-12-07,11:10:00,11,0,0,Germany,Toronto,Utilities,Credit Card,Mobile,59,742,22,25023.96,95.31,162,17,44.4,7.71,0,0,0,0,None,Non-fraud,Domestic,Day,Weekday,No Recent PIN Change
TXN0000386225,CUST00016873,2024-09-10,22:56:00,22,0,1,Mexico,Guadalajara,Jewelry,Debit Card,Mobile,54,629,2.1,3736.54,324.19,155,18,23.6,3.73,0,0,1,0,None,Non-fraud,Domestic,Night,Weekday,Recent PIN Change
TXN0000152023,CUST00126842,2021-01-02,00:37:00,0,1,1,Brazil,New York,Grocery,Mobile Payment,Mobile,39,665,0.1,1878.52,27.96,137,14,10.6,3.28,0,0,0,0,None,Non-fraud,Domestic,Night,Weekend,No Recent PIN Change
TXN0000437905,CUST00139024,2023-01-17,18:58:00,18,0,0,India,São Paulo,ATM Withdrawal,Mobile Payment,Tablet,31,632,4.7,8386.92,30.54,164,22,8,16.53,0,3,0,0,None,Non-fraud,Domestic,Day,Weekday,No Recent PIN Change
TXN0000905905,CUST00107184,2024-03-02,03:42:00,3,1,1,USA,Paris,Gaming,Debit Card,Mobile,65,737,2.8,53269.42,183.68,159,20,1.9,8.72,0,0,0,0,None,Non-fraud,Domestic,Night,Weekend,No Recent PIN Change
TXN0000871983,CUST00079072,2020-09-03,02:48:00,2,0,1,USA,Berlin,Online Shopping,Credit Card,Mobile,59,807,1.3,2580.04,76.91,147,18,11.4,5.35,0,0,0,0,None,Non-fraud,Domestic,Night,Weekday,No Recent PIN Change
TXN0000455372,CUST00139448,2022-11-23,12:27:00,12,0,0,Mexico,Rio,Electronics,Credit Card,Mobile,26,690,0.2,8554.97,132.57,143,16,8.6,14.72,0,0,0,0,None,Non-fraud,Domestic,Day,Weekday,No Recent PIN Change
TXN0000455573,CUST00043095,2020-04-23,18:41:00,18,0,0,USA,Tokyo,Restaurant,Bank Transfer,Mobile,24,710,6,5256.75,36.21,112,28,16.9,23.72,0,0,0,0,None,Non-fraud,Domestic,Day,Weekday,No Recent PIN Change
TXN0000537858,CUST00016623,2023-07-24,12:28:00,12,0,0,Mexico,Vancouver,Fuel,Bank Transfer,Mobile,44,725,1.2,2791.55,154.23,151,16,13.3,19.8,0,0,0,0,None,Non-fraud,Domestic,Day,Weekday,No Recent PIN Change
TXN0000297282,CUST00146812,2024-01-22,22:41:00,22,0,1,Brazil,Melbourne,Education,Debit Card,POS Terminal,50,798,5.5,4849.51,21.75,152,15,6.3,8.98,0,3,0,0,None,Non-fraud,Domestic,Night,Weekday,No Recent PIN Change
TXN0000850542,CUST00076187,2021-04-05,04:02:00,4,0,1,Japan,Guadalajara,ATM Withdrawal,Credit Card,Mobile,34,719,3.8,2977.58,23.2,160,17,106.7,6.09,0,1,0,0,None,Non-fraud,Domestic,Night,Weekday,No Recent PIN Change
TXN0000028125,CUST00145683,2022-10-11,21:35:00,21,0,0,France,Manchester,Crypto Exchange,Credit Card,POS Terminal,47,666,4.2,24703.53,126,142,12,12.4,24.86,0,1,0,0,None,Non-fraud,Domestic,Day,Weekday,No Recent PIN Change
TXN0000621188,CUST00106756,2022-06-06,03:54:00,3,0,1,USA,Vancouver,Crypto Exchange,Credit Card,Mobile,35,755,0.3,2807.54,73.6,160,20,0.8,5.65,0,0,0,0,None,Non-fraud,Domestic,Night,Weekday,No Recent PIN Change
TXN0000652573,CUST00034794,2020-03-20,23:51:00,23,0,1,UK,London,Clothing,Credit Card,ATM,38,678,3.6,19030.71,13.52,143,28,5.3,6.2,0,0,0,0,None,Non-fraud,Domestic,Night,Weekday,No Recent PIN Change
TXN0000806738,CUST00090263,2024-03-09,16:03:00,16,1,0,USA,Rio,Travel,Bank Transfer,Mobile,51,775,4.5,16997.04,1183.24,135,14,42.4,7.95,0,1,0,0,None,Non-fraud,Domestic,Day,Weekend,No Recent PIN Change
TXN0000495232,CUST00068245,2021-03-11,15:15:00,15,0,0,Brazil,London,Gaming,Debit Card,POS Terminal,38,603,1.4,11643.96,666.2,130,16,10.8,8.62,0,0,1,0,None,Non-fraud,Domestic,Day,Weekday,Recent PIN Change
TXN0000457758,CUST00073566,2023-06-01,15:12:00,15,0,0,USA,São Paulo,Gaming,Debit Card,POS Terminal,18,591,7.6,3393.46,26.46,142,16,39.5,23.87,1,0,0,0,None,Non-fraud,International,Day,Weekday,No Recent PIN Change
TXN0000479963,CUST00147867,2024-06-04,20:00:00,20,0,0,USA,Vancouver,Utilities,Debit Card,POS Terminal,56,577,1.3,4990.68,62.16,142,20,35.7,0.88,0,1,0,0,None,Non-fraud,Domestic,Day,Weekday,No Recent PIN Change
TXN0000927646,CUST00049858,2021-02-02,15:45:00,15,0,0,Brazil,New York,Travel,Credit Card,POS Terminal,62,720,16.3,14426.27,95.53,163,21,22.3,19.97,0,0,1,0,None,Non-fraud,Domestic,Day,Weekday,Recent PIN Change
TXN0000614317,CUST00144531,2023-04-26,12:52:00,12,0,0,USA,Sydney,Jewelry,Debit Card,Desktop,28,642,0.4,5094.67,64.74,172,21,1.2,3.25,1,0,0,0,None,Non-fraud,International,Day,Weekday,No Recent PIN Change
TXN0000708379,CUST00158630,2024-04-23,21:25:00,21,0,0,Brazil,Lyon,Utilities,Credit Card,Tablet,55,594,17.3,14988.11,45.64,133,18,48.1,8.14,0,1,0,0,None,Non-fraud,Domestic,Day,Weekday,No Recent PIN Change
TXN0000499968,CUST00190382,2021-10-09,05:08:00,5,1,1,Brazil,Rio,ATM Withdrawal,Debit Card,ATM,39,725,1.2,42600.64,61.94,128,23,4.4,0.24,0,0,1,0,None,Non-fraud,Domestic,Night,Weekend,Recent PIN Change
TXN0000016759,CUST00117375,2020-09-30,10:07:00,10,0,0,USA,Melbourne,Restaurant,Debit Card,Mobile,57,526,3.2,9240.07,35.7,146,20,17.5,36.4,0,0,0,0,None,Non-fraud,Domestic,Day,Weekday,No Recent PIN Change
TXN0000143670,CUST00127417,2022-08-10,00:50:00,0,0,1,France,Tokyo,Travel,Debit Card,ATM,43,669,6.9,98674.46,267.35,147,22,55.5,32.59,0,0,0,0,None,Non-fraud,Domestic,Night,Weekday,No Recent PIN Change
TXN0000297206,CUST00144587,2024-08-11,22:58:00,22,1,1,India,Delhi,Clothing,Debit Card,Mobile,35,746,6.4,15650.93,98.05,148,19,5,2.59,0,0,0,0,None,Non-fraud,Domestic,Night,Weekend,No Recent PIN Change
TXN0000513499,CUST00123159,2023-03-01,07:34:00,7,0,0,USA,Paris,Grocery,Credit Card,Desktop,62,665,1.4,27034.4,10.65,181,21,0.9,29.99,0,0,0,0,None,Non-fraud,Domestic,Day,Weekday,No Recent PIN Change
TXN0000549251,CUST00120946,2024-08-23,14:49:00,14,0,0,USA,London,Jewelry,Bank Transfer,Mobile,28,654,0.8,13522.95,391.04,167,21,55.6,16.55,0,0,0,0,None,Non-fraud,Domestic,Day,Weekday,No Recent PIN Change
TXN0000523642,CUST00156894,2022-04-14,00:18:00,0,0,1,USA,Berlin,Education,Debit Card,Tablet,39,624,2.8,11096.23,50.64,150,16,38.4,4.65,0,0,0,0,None,Non-fraud,Domestic,Night,Weekday,No Recent PIN Change
TXN0000374362,CUST00049594,2020-07-26,02:01:00,2,1,1,Brazil,Mexico City,Crypto Exchange,Credit Card,Mobile,18,780,0.5,8566.96,125.06,150,16,53.2,1.16,0,2,0,0,None,Non-fraud,Domestic,Night,Weekend,No Recent PIN Change
TXN0000044046,CUST00005887,2020-12-23,15:11:00,15,0,0,India,Mumbai,Education,Debit Card,Desktop,25,683,0.1,12912.38,61.59,170,24,29.2,2.28,0,0,0,0,None,Non-fraud,Domestic,Day,Weekday,No Recent PIN Change
TXN0000153252,CUST00180850,2022-06-29,04:18:00,4,0,1,UK,Paris,Education,Bank Transfer,Desktop,27,714,3.9,10664.34,64.54,151,26,21.7,21.97,0,1,0,0,None,Non-fraud,Domestic,Night,Weekday,No Recent PIN Change
TXN0000337443,CUST00100792,2020-02-22,01:05:00,1,1,1,USA,Sydney,Utilities,Credit Card,Mobile,32,600,0.2,19222.41,45.34,168,24,81.4,0.86,0,0,0,0,None,Non-fraud,Domestic,Night,Weekend,No Recent PIN Change
TXN0000564404,CUST00130663,2023-03-11,01:27:00,1,1,1,USA,New York,Restaurant,Crypto,Mobile,37,668,4,63585.74,214.89,151,30,5.7,8.41,0,0,0,0,None,Non-fraud,Domestic,Night,Weekend,No Recent PIN Change
TXN0000262610,CUST00079335,2020-04-01,08:05:00,8,0,0,Japan,Mexico City,Electronics,Credit Card,POS Terminal,38,699,1.1,5356.44,349.69,171,20,4.1,0.27,0,0,0,0,None,Non-fraud,Domestic,Day,Weekday,No Recent PIN Change
TXN0000179810,CUST00085757,2022-01-28,01:01:00,1,0,1,USA,Vancouver,Restaurant,Debit Card,Tablet,34,605,6.4,63591.83,133.58,151,15,5.6,5.76,0,0,0,0,None,Non-fraud,Domestic,Night,Weekday,No Recent PIN Change
TXN0000385296,CUST00107843,2023-07-18,20:56:00,20,0,0,Germany,Mexico City,Gaming,Credit Card,Desktop,56,434,1.7,4492.73,19.43,136,33,24.6,14.14,0,0,0,0,None,Non-fraud,Domestic,Day,Weekday,No Recent PIN Change
TXN0000885665,CUST00032536,2020-06-23,06:04:00,6,0,1,Australia,Paris,Utilities,Credit Card,Desktop,50,757,1.7,8663.12,41.95,155,22,35,1.75,0,0,0,0,None,Non-fraud,Domestic,Night,Weekday,No Recent PIN Change
TXN0000984738,CUST00155627,2020-01-19,17:58:00,17,1,0,USA,London,Gaming,Bank Transfer,ATM,46,735,3.4,38716.34,149.87,157,18,4.6,1.29,0,0,0,0,None,Non-fraud,Domestic,Day,Weekend,No Recent PIN Change
TXN0000562662,CUST00126687,2021-05-18,03:50:00,3,0,1,Japan,Sydney,Electronics,Bank Transfer,Mobile,46,661,6.8,46285.95,56.49,139,19,20.3,21.95,1,2,1,0,None,Non-fraud,International,Night,Weekday,Recent PIN Change
TXN0000165356,CUST00089381,2021-06-21,17:19:00,17,0,0,Australia,Mexico City,Utilities,Bank Transfer,POS Terminal,53,644,6,3084.7,46.41,155,18,25.9,20.63,1,3,0,0,None,Non-fraud,International,Day,Weekday,No Recent PIN Change
TXN0000894091,CUST00103606,2024-09-09,12:12:00,12,0,0,Germany,Manchester,ATM Withdrawal,Mobile Payment,Desktop,37,652,0.1,3643.33,164.87,186,20,15.1,5.02,0,0,0,0,None,Non-fraud,Domestic,Day,Weekday,No Recent PIN Change
TXN0000396575,CUST00021901,2020-09-15,04:02:00,4,0,1,USA,Vancouver,Travel,Credit Card,Mobile,44,683,6.2,2805.42,233.97,148,19,1.5,26.66,0,0,0,0,None,Non-fraud,Domestic,Night,Weekday,No Recent PIN Change
TXN0000623597,CUST00102096,2021-07-09,04:17:00,4,0,1,USA,Delhi,Restaurant,Debit Card,Mobile,45,609,1.1,2451.13,564.25,146,25,7.4,10.82,0,0,1,0,None,Non-fraud,Domestic,Night,Weekday,Recent PIN Change
TXN0000218914,CUST00099030,2021-09-03,03:29:00,3,0,1,Brazil,Melbourne,ATM Withdrawal,Bank Transfer,Mobile,31,741,7.6,19770.03,18.81,142,16,32.9,5.43,0,0,1,0,None,Non-fraud,Domestic,Night,Weekday,Recent PIN Change
TXN0000870169,CUST00033967,2021-05-09,14:40:00,14,1,0,Brazil,São Paulo,Restaurant,Bank Transfer,Desktop,62,690,3.1,14556.38,31.09,147,29,46.3,5.45,1,0,0,0,None,Non-fraud,International,Day,Weekend,No Recent PIN Change
TXN0000207930,CUST00072607,2020-07-04,18:24:00,18,1,0,France,Vancouver,Grocery,Debit Card,Mobile,47,719,16.2,5648.47,96.5,140,21,27.9,1.27,0,0,0,0,None,Non-fraud,Domestic,Day,Weekend,No Recent PIN Change
TXN0000243181,CUST00098192,2022-04-10,06:30:00,6,1,1,USA,Mumbai,Gaming,Debit Card,POS Terminal,51,591,4.1,4373.4,24.7,157,21,20.4,5.98,0,2,1,0,None,Non-fraud,Domestic,Night,Weekend,Recent PIN Change
TXN0000542128,CUST00073196,2020-08-12,11:19:00,11,0,0,USA,Berlin,Grocery,Credit Card,Desktop,32,669,0.8,4001.57,819.85,140,21,0.5,0.93,0,0,0,0,None,Non-fraud,Domestic,Day,Weekday,No Recent PIN Change
TXN0000471879,CUST00047390,2023-05-26,02:17:00,2,0,1,Australia,Rio,Education,Debit Card,Mobile,35,777,0.6,5440.13,43.5,120,9,7.4,4.6,0,0,0,0,None,Non-fraud,Domestic,Night,Weekday,No Recent PIN Change
TXN0000828835,CUST00124056,2020-02-08,12:23:00,12,1,0,Japan,Lyon,Travel,Credit Card,Mobile,38,629,30,2367.84,291.94,148,17,46.2,1.49,0,0,0,0,None,Non-fraud,Domestic,Day,Weekend,No Recent PIN Change
TXN0000938045,CUST00124604,2021-10-16,19:23:00,19,1,0,USA,Rio,Restaurant,Credit Card,Mobile,36,655,2,6147.48,57.42,157,17,47.3,10.68,0,0,1,0,None,Non-fraud,Domestic,Day,Weekend,Recent PIN Change
TXN0000547139,CUST00055255,2020-10-21,11:30:00,11,0,0,USA,London,Entertainment,Credit Card,Desktop,41,749,9.6,963.03,70.05,144,23,25.2,31.58,0,2,0,0,None,Non-fraud,Domestic,Day,Weekday,No Recent PIN Change
TXN0000696611,CUST00168973,2020-09-03,19:04:00,19,0,0,Brazil,Rio,Education,Credit Card,ATM,23,518,2.1,11060.59,24.21,156,14,38.2,3.19,0,4,0,0,None,Non-fraud,Domestic,Day,Weekday,No Recent PIN Change
TXN0000917554,CUST00163905,2022-02-13,18:21:00,18,1,0,France,Rio,Utilities,Crypto,ATM,60,676,7.4,2460.35,40.61,129,16,5.4,1.68,0,0,0,0,None,Non-fraud,Domestic,Day,Weekend,No Recent PIN Change
TXN0000730635,CUST00058216,2024-02-22,00:24:00,0,0,1,Germany,Tokyo,Gaming,Credit Card,Mobile,55,687,4,5215.93,28.8,145,16,15.3,5.84,0,0,0,0,None,Non-fraud,Domestic,Night,Weekday,No Recent PIN Change
TXN0000040820,CUST00157121,2023-08-29,16:20:00,16,0,0,USA,Mexico City,Electronics,Bank Transfer,Mobile,45,697,2.6,7285.8,255.95,162,10,33.1,18.73,0,0,1,0,None,Non-fraud,Domestic,Day,Weekday,Recent PIN Change
TXN0000766125,CUST00031341,2024-02-26,14:56:00,14,0,0,Germany,Melbourne,Utilities,Credit Card,Desktop,27,557,0.4,1179.38,369.67,154,20,6.4,12.19,0,0,0,0,None,Non-fraud,Domestic,Day,Weekday,No Recent PIN Change
TXN0000395594,CUST00144488,2024-09-04,17:54:00,17,0,0,Canada,Los Angeles,ATM Withdrawal,Credit Card,Mobile,31,639,6.6,6824.52,73.1,141,9,1.5,0.65,0,0,0,0,None,Non-fraud,Domestic,Day,Weekday,No Recent PIN Change
TXN0000229557,CUST00077165,2023-08-06,04:23:00,4,1,1,Japan,Lyon,Education,Bank Transfer,ATM,34,708,1.9,2374.46,61.61,144,24,24,22.92,0,0,0,0,None,Non-fraud,Domestic,Night,Weekend,No Recent PIN Change
TXN0000577380,CUST00026724,2020-06-21,15:22:00,15,1,0,France,New York,Electronics,Debit Card,Tablet,56,789,0.1,2042.92,269.5,171,21,20.6,5.74,0,1,0,0,None,Non-fraud,Domestic,Day,Weekend,No Recent PIN Change
TXN0000654991,CUST00085498,2022-11-05,18:43:00,18,1,0,USA,Toronto,Clothing,Credit Card,POS Terminal,35,664,5.2,3151.8,35.88,136,18,18.8,4.21,0,1,0,0,None,Non-fraud,Domestic,Day,Weekend,No Recent PIN Change
TXN0000296681,CUST00131959,2024-08-23,14:34:00,14,0,0,France,Mumbai,Travel,Crypto,Desktop,46,698,5.5,1418.45,648,150,31,65.1,7.81,0,1,0,0,None,Non-fraud,Domestic,Day,Weekday,No Recent PIN Change
TXN0000696733,CUST00056386,2021-01-14,05:50:00,5,0,1,India,Mumbai,ATM Withdrawal,Mobile Payment,ATM,36,762,10.2,2644.09,58.44,163,19,2.2,1.32,0,1,0,0,None,Non-fraud,Domestic,Night,Weekday,No Recent PIN Change
TXN0000189036,CUST00039521,2024-07-31,23:20:00,23,0,1,USA,São Paulo,Gaming,Bank Transfer,Desktop,21,525,1,5260.74,70.57,132,15,70,8.36,0,0,0,0,None,Non-fraud,Domestic,Night,Weekday,No Recent PIN Change
TXN0000104769,CUST00001538,2024-05-11,04:53:00,4,1,1,Germany,Melbourne,Utilities,Bank Transfer,Mobile,72,774,8,9615.8,92.71,127,25,3.8,8.37,0,0,0,0,None,Non-fraud,Domestic,Night,Weekend,No Recent PIN Change
TXN0000416215,CUST00170400,2023-05-07,06:38:00,6,1,1,USA,São Paulo,Gaming,Debit Card,Mobile,51,635,9.1,52400.54,71.39,164,19,13,7.12,0,0,1,0,None,Non-fraud,Domestic,Night,Weekend,Recent PIN Change
TXN0000155594,CUST00032115,2020-04-21,22:11:00,22,0,1,Canada,Sydney,Online Shopping,Debit Card,Tablet,20,667,5.7,14910.78,20.75,172,24,34.7,5.62,0,0,0,0,None,Non-fraud,Domestic,Night,Weekday,No Recent PIN Change
TXN0000456264,CUST00184562,2024-11-24,11:19:00,11,1,0,Mexico,Mumbai,Education,Mobile Payment,Mobile,18,685,1.8,5710.93,24.37,143,27,39.4,21.27,0,0,0,0,None,Non-fraud,Domestic,Day,Weekend,No Recent PIN Change
TXN0000875203,CUST00157595,2024-08-03,04:36:00,4,1,1,Canada,Lyon,Gaming,Debit Card,Tablet,42,618,1.5,4777.48,31.95,162,21,7,23.6,0,0,0,0,None,Non-fraud,Domestic,Night,Weekend,No Recent PIN Change
TXN0000079557,CUST00058815,2022-11-22,13:00:00,13,0,0,India,Mumbai,Grocery,Debit Card,Mobile,24,675,8.4,1506.97,95.71,162,17,23,5.34,0,0,0,0,None,Non-fraud,Domestic,Day,Weekday,No Recent PIN Change
TXN0000837086,CUST00178018,2021-11-08,22:28:00,22,0,1,Japan,Melbourne,Healthcare,Debit Card,Mobile,51,668,1.9,3650.79,289.32,163,20,19.3,11.5,1,0,0,0,None,Non-fraud,International,Night,Weekday,No Recent PIN Change
TXN0000067530,CUST00186551,2020-11-11,15:31:00,15,0,0,USA,Sydney,Entertainment,Mobile Payment,Desktop,80,637,2.2,553.2,21.28,137,15,0.8,1.43,0,1,0,0,None,Non-fraud,Domestic,Day,Weekday,No Recent PIN Change
TXN0000605338,CUST00087567,2024-04-03,04:35:00,4,0,1,India,Toronto,Restaurant,Debit Card,Mobile,61,850,8.2,3032.24,48.2,157,23,29.2,14.43,0,0,0,0,None,Non-fraud,Domestic,Night,Weekday,No Recent PIN Change
TXN0000455470,CUST00126085,2024-11-28,06:57:00,6,0,1,USA,Munich,Restaurant,Debit Card,Mobile,47,619,0.7,6416.11,101.09,155,16,8.7,5.74,0,0,0,0,None,Non-fraud,Domestic,Night,Weekday,No Recent PIN Change
TXN0000801621,CUST00090110,2023-05-11,15:09:00,15,0,0,Mexico,Manchester,Education,Mobile Payment,Desktop,31,698,1.8,40199.88,28.81,140,20,21.2,7.21,0,0,0,0,None,Non-fraud,Domestic,Day,Weekday,No Recent PIN Change
TXN0000459436,CUST00057713,2020-10-16,03:56:00,3,0,1,UK,São Paulo,Travel,Credit Card,Desktop,57,544,10.8,622.89,125.22,143,19,13.8,2.13,0,0,1,0,None,Non-fraud,Domestic,Night,Weekday,Recent PIN Change
TXN0000891678,CUST00090814,2020-06-27,19:17:00,19,1,0,UK,Manchester,ATM Withdrawal,Debit Card,Mobile,36,706,2.1,16247.89,10.05,126,15,3.5,2.33,0,0,0,0,None,Non-fraud,Domestic,Day,Weekend,No Recent PIN Change
TXN0000676899,CUST00133796,2022-06-17,19:24:00,19,0,0,Japan,Melbourne,Gaming,Credit Card,Mobile,18,756,6.6,2464.97,22.61,145,17,25.5,11.62,0,0,0,0,None,Non-fraud,Domestic,Day,Weekday,No Recent PIN Change
TXN0000088545,CUST00092420,2023-02-15,00:55:00,0,0,1,Germany,Sydney,Fuel,Debit Card,Mobile,57,632,3.3,16766.06,28.43,125,12,33.5,8.13,0,0,0,0,None,Non-fraud,Domestic,Night,Weekday,No Recent PIN Change
TXN0000939933,CUST00097908,2021-05-13,11:04:00,11,0,0,Australia,Toronto,Fuel,Credit Card,Tablet,73,850,0.7,5936.88,40.24,172,27,7.8,2.69,1,1,0,0,None,Non-fraud,International,Day,Weekday,No Recent PIN Change
TXN0000798859,CUST00036160,2022-09-10,03:47:00,3,1,1,Mexico,Tokyo,Fuel,Mobile Payment,Mobile,44,633,3.4,42657.08,33.15,144,16,27,0.34,0,0,0,0,None,Non-fraud,Domestic,Night,Weekend,No Recent PIN Change
TXN0000452686,CUST00122623,2024-09-09,02:07:00,2,0,1,India,Delhi,Restaurant,Debit Card,Desktop,18,731,4.2,10341.71,11.4,153,17,15.8,6.58,0,0,0,0,None,Non-fraud,Domestic,Night,Weekday,No Recent PIN Change
TXN0000752613,CUST00152979,2022-10-05,13:11:00,13,0,0,Brazil,New York,Restaurant,Bank Transfer,Mobile,19,573,2.4,6252.75,60.45,148,21,39.5,0.5,0,0,0,0,None,Non-fraud,Domestic,Day,Weekday,No Recent PIN Change
TXN0000576098,CUST00120485,2020-04-01,06:00:00,6,0,1,India,Rio,Grocery,Mobile Payment,Tablet,18,631,0.7,1389.23,42.75,152,14,22.3,8.14,0,3,0,0,None,Non-fraud,Domestic,Night,Weekday,No Recent PIN Change
TXN0000397647,CUST00157132,2022-08-08,20:12:00,20,0,0,Mexico,Lyon,Fuel,Debit Card,ATM,53,676,4.1,5456.39,98.5,156,10,6.3,25.31,0,0,0,0,None,Non-fraud,Domestic,Day,Weekday,No Recent PIN Change
TXN0000178073,CUST00165473,2021-03-08,18:23:00,18,0,0,Germany,Berlin,Restaurant,Debit Card,Mobile,37,788,4.1,4125.9,110.44,145,17,22,2.39,0,0,0,0,None,Non-fraud,Domestic,Day,Weekday,No Recent PIN Change
TXN0000727529,CUST00125017,2022-11-07,10:48:00,10,0,0,Germany,Sydney,Gaming,Credit Card,Desktop,58,715,0.4,5918,178.31,162,25,36.1,0.71,0,0,0,0,None,Non-fraud,Domestic,Day,Weekday,No Recent PIN Change
TXN0000959887,CUST00125180,2022-05-17,05:54:00,5,0,1,Brazil,London,Healthcare,Credit Card,Mobile,50,714,0.6,2935.43,133.78,134,9,17.7,5.01,0,0,0,0,None,Non-fraud,Domestic,Night,Weekday,No Recent PIN Change
TXN0000662954,CUST00153613,2020-08-30,02:03:00,2,1,1,India,Munich,Gaming,Bank Transfer,POS Terminal,49,586,5.5,2253.39,26.47,151,17,9.4,14.05,0,0,0,0,None,Non-fraud,Domestic,Night,Weekend,No Recent PIN Change
TXN0000772598,CUST00093361,2023-07-25,22:46:00,22,0,1,Canada,Manchester,Gaming,Credit Card,Desktop,67,786,0.7,24351.01,62.42,162,24,3.9,7.05,0,0,0,0,None,Non-fraud,Domestic,Night,Weekday,No Recent PIN Change
TXN0000145558,CUST00023491,2023-06-29,23:06:00,23,0,1,USA,Sydney,Jewelry,Credit Card,Mobile,59,653,5.3,4996.21,250.63,128,29,22.1,2.45,0,1,0,0,None,Non-fraud,Domestic,Night,Weekday,No Recent PIN Change
TXN0000788539,CUST00045873,2020-11-03,03:37:00,3,0,1,USA,Vancouver,Gaming,Credit Card,POS Terminal,46,810,4,15977.34,33.39,148,16,12.2,17.3,0,0,0,0,None,Non-fraud,Domestic,Night,Weekday,No Recent PIN Change
TXN0000016440,CUST00099657,2020-07-29,23:41:00,23,0,1,USA,Delhi,Electronics,Bank Transfer,ATM,56,799,1.9,25898.94,572.13,146,15,6.7,6.03,0,0,0,0,None,Non-fraud,Domestic,Night,Weekday,No Recent PIN Change
TXN0000146114,CUST00173124,2020-01-25,11:45:00,11,1,0,Germany,Los Angeles,Utilities,Credit Card,Desktop,39,717,1.2,14276.07,29.08,136,21,9.6,14.55,1,4,0,0,None,Non-fraud,International,Day,Weekend,No Recent PIN Change
TXN0000087113,CUST00039699,2020-09-06,09:33:00,9,1,0,Japan,Los Angeles,Fuel,Credit Card,Mobile,18,597,15.5,2230.52,50.01,141,22,26.3,14.64,0,0,0,0,None,Non-fraud,Domestic,Day,Weekend,No Recent PIN Change
TXN0000834915,CUST00098376,2024-11-22,12:00:00,12,0,0,USA,New York,Utilities,Debit Card,Tablet,31,691,9.6,2273.38,30.71,150,26,50.2,6.4,0,0,0,0,None,Non-fraud,Domestic,Day,Weekday,No Recent PIN Change
TXN0000925287,CUST00199690,2024-12-26,08:31:00,8,0,0,USA,Los Angeles,Clothing,Mobile Payment,Desktop,46,645,4.4,9803.37,285.22,137,21,4.5,13.29,0,0,0,0,None,Non-fraud,Domestic,Day,Weekday,No Recent PIN Change
TXN0000094174,CUST00017589,2020-04-20,11:01:00,11,0,0,USA,Melbourne,Electronics,Credit Card,Desktop,41,650,12.9,6682.82,198.68,147,17,23.1,9.59,0,1,0,0,None,Non-fraud,Domestic,Day,Weekday,No Recent PIN Change
TXN0000096070,CUST00056772,2024-02-14,23:29:00,23,0,1,India,Toronto,Travel,Mobile Payment,Mobile,45,552,0.1,4155.82,85.72,143,23,15.4,15.15,0,0,0,0,None,Non-fraud,Domestic,Night,Weekday,No Recent PIN Change
TXN0000658486,CUST00182775,2020-06-21,05:37:00,5,1,1,Australia,Toronto,Travel,Bank Transfer,POS Terminal,36,768,0.1,11985.85,1129.63,158,18,5.7,6.68,1,0,0,0,None,Non-fraud,International,Night,Weekend,No Recent PIN Change
TXN0000252389,CUST00065730,2022-06-16,19:08:00,19,0,0,Brazil,Munich,Crypto Exchange,Credit Card,Mobile,58,633,6.6,4693.12,505.86,136,24,3.6,36.58,0,3,0,0,None,Non-fraud,Domestic,Day,Weekday,No Recent PIN Change
TXN0000577282,CUST00153544,2023-09-16,23:31:00,23,1,1,Japan,Delhi,Electronics,Credit Card,Mobile,27,531,0.8,29333.84,605.2,157,34,30,3.34,0,1,0,0,None,Non-fraud,Domestic,Night,Weekend,No Recent PIN Change
TXN0000597863,CUST00124119,2023-02-14,21:56:00,21,0,0,Australia,Mexico City,Education,Bank Transfer,Desktop,18,482,5.4,2603.21,70.82,156,18,0.5,21.88,0,0,1,0,None,Non-fraud,Domestic,Day,Weekday,Recent PIN Change
TXN0000150464,CUST00024135,2021-12-29,00:11:00,0,0,1,Germany,Guadalajara,Travel,Debit Card,POS Terminal,46,740,2.6,20464.83,266.05,151,14,19.4,2.03,0,0,0,0,None,Non-fraud,Domestic,Night,Weekday,No Recent PIN Change
TXN0000730906,CUST00011465,2021-09-30,06:21:00,6,0,1,India,Tokyo,Crypto Exchange,Debit Card,Mobile,38,587,5,2113.33,29.86,149,22,5.5,6.84,0,0,0,0,None,Non-fraud,Domestic,Night,Weekday,No Recent PIN Change
TXN0000294581,CUST00093589,2023-09-02,01:38:00,1,1,1,UK,New York,Travel,Debit Card,ATM,57,628,0.9,3224.24,1794.88,145,18,53.8,29.15,0,0,1,0,None,Non-fraud,Domestic,Night,Weekend,Recent PIN Change
TXN0000413066,CUST00032590,2021-04-06,07:11:00,7,0,0,Japan,Rio,ATM Withdrawal,Credit Card,Tablet,57,687,0.5,13858.12,23.19,159,20,8.5,1.08,0,0,0,0,None,Non-fraud,Domestic,Day,Weekday,No Recent PIN Change
TXN0000322429,CUST00163603,2020-03-13,08:42:00,8,0,0,Australia,Tokyo,Online Shopping,Debit Card,POS Terminal,29,615,2.5,13535.79,9.33,157,22,15.3,19.68,0,0,0,0,None,Non-fraud,Domestic,Day,Weekday,No Recent PIN Change
TXN0000140357,CUST00194340,2021-02-05,01:13:00,1,0,1,Australia,Los Angeles,Clothing,Credit Card,Desktop,46,533,7,57376.65,18.27,152,22,46.3,32.83,0,0,0,0,None,Non-fraud,Domestic,Night,Weekday,No Recent PIN Change
TXN0000379802,CUST00029154,2020-03-22,01:11:00,1,1,1,Mexico,Osaka,Crypto Exchange,Bank Transfer,Desktop,35,758,4.9,12691.78,28.45,154,22,5.3,30.67,1,0,0,0,None,Non-fraud,International,Night,Weekend,No Recent PIN Change
TXN0000611568,CUST00117324,2020-10-20,18:27:00,18,0,0,USA,Vancouver,Jewelry,Debit Card,Desktop,25,615,4.1,27379.91,1177.66,147,22,9,41.19,0,0,0,0,None,Non-fraud,Domestic,Day,Weekday,No Recent PIN Change
TXN0000727718,CUST00194734,2024-10-25,12:19:00,12,0,0,India,Berlin,Travel,Debit Card,Mobile,26,564,8,9791.26,152.6,135,20,2.7,19.31,0,0,0,0,None,Non-fraud,Domestic,Day,Weekday,No Recent PIN Change
TXN0000912899,CUST00152870,2021-12-01,20:45:00,20,0,0,India,Munich,Education,Credit Card,Mobile,45,645,12.5,28820.9,18.75,144,14,5.7,2.06,0,0,0,0,None,Non-fraud,Domestic,Day,Weekday,No Recent PIN Change
TXN0000307585,CUST00090275,2024-08-20,03:04:00,3,0,1,USA,London,Electronics,Cheque,Mobile,28,703,6.9,111988.24,158.02,158,24,47.5,7.3,0,0,0,0,None,Non-fraud,Domestic,Night,Weekday,No Recent PIN Change
TXN0000436876,CUST00086361,2023-01-15,21:49:00,21,1,0,France,São Paulo,Fuel,Bank Transfer,Mobile,77,822,8.9,12836.67,174.17,148,20,0.5,14.09,0,0,0,0,None,Non-fraud,Domestic,Day,Weekend,No Recent PIN Change
TXN0000428582,CUST00014610,2022-03-05,02:43:00,2,1,1,Japan,Vancouver,Entertainment,Credit Card,Tablet,34,673,3.9,26887.6,88.8,159,21,4.2,18.89,0,0,0,0,None,Non-fraud,Domestic,Night,Weekend,No Recent PIN Change
TXN0000498356,CUST00066726,2024-11-07,03:03:00,3,0,1,USA,Delhi,Grocery,Debit Card,ATM,33,698,8.5,7514.11,71.61,145,19,7.1,11.82,0,0,0,0,None,Non-fraud,Domestic,Night,Weekday,No Recent PIN Change
TXN0000111919,CUST00119539,2024-02-07,01:23:00,1,0,1,USA,Mexico City,Online Shopping,Bank Transfer,Mobile,37,696,7.9,17113.69,123.44,158,27,7.8,3.5,0,1,0,0,None,Non-fraud,Domestic,Night,Weekday,No Recent PIN Change
TXN0000612177,CUST00012424,2022-03-22,06:19:00,6,0,1,Germany,Vancouver,Electronics,Crypto,Tablet,58,610,4.8,30789.29,1057.88,154,24,11.4,3.52,1,0,1,0,None,Non-fraud,International,Night,Weekday,Recent PIN Change
TXN0000967962,CUST00123620,2024-07-22,06:00:00,6,0,1,USA,Toronto,Education,Debit Card,Tablet,50,667,2.5,42270.63,58.95,150,24,26.9,4.49,0,0,0,0,None,Non-fraud,Domestic,Night,Weekday,No Recent PIN Change
TXN0000181070,CUST00004670,2020-02-25,13:26:00,13,0,0,USA,Berlin,Restaurant,Bank Transfer,POS Terminal,41,737,6,4295.27,134.01,157,24,2.6,5.23,0,0,0,0,None,Non-fraud,Domestic,Day,Weekday,No Recent PIN Change
TXN0000857169,CUST00115810,2022-04-19,04:04:00,4,0,1,USA,Los Angeles,Clothing,Mobile Payment,ATM,66,695,11.3,7449.33,45.37,152,26,0.7,26.37,0,0,0,0,None,Non-fraud,Domestic,Night,Weekday,No Recent PIN Change
TXN0000421412,CUST00112743,2022-09-04,13:46:00,13,1,0,USA,Delhi,Restaurant,Credit Card,POS Terminal,42,728,0.1,7091.91,186.65,138,23,39.3,36.09,0,0,0,0,None,Non-fraud,Domestic,Day,Weekend,No Recent PIN Change
TXN0000224255,CUST00163740,2024-02-01,03:25:00,3,0,1,Japan,Rio,Utilities,Mobile Payment,Mobile,55,700,1.1,40075.5,84.02,143,20,9.1,19.94,0,0,0,0,None,Non-fraud,Domestic,Night,Weekday,No Recent PIN Change
TXN0000463253,CUST00184456,2024-05-06,07:32:00,7,0,0,USA,Guadalajara,Crypto Exchange,Credit Card,Desktop,36,570,18.4,3825.63,129.76,174,24,2.7,5.54,0,2,0,0,None,Non-fraud,Domestic,Day,Weekday,No Recent PIN Change
TXN0000858752,CUST00119086,2022-04-07,13:19:00,13,0,0,Japan,Berlin,Education,Debit Card,ATM,46,550,2.1,14745.4,39.57,157,17,8.7,10.42,0,0,0,0,None,Non-fraud,Domestic,Day,Weekday,No Recent PIN Change
TXN0000055658,CUST00180375,2023-10-18,16:42:00,16,0,0,Japan,Mumbai,Gaming,Debit Card,Desktop,28,742,3.4,4665.32,226.87,152,35,78,4.34,0,2,0,0,None,Non-fraud,Domestic,Day,Weekday,No Recent PIN Change
TXN0000587361,CUST00066549,2023-02-20,12:58:00,12,0,0,India,Sydney,Jewelry,Credit Card,Mobile,47,684,1.5,3398.41,157.24,146,20,0.5,0.1,1,0,0,0,None,Non-fraud,International,Day,Weekday,No Recent PIN Change
TXN0000155091,CUST00119319,2022-02-21,10:26:00,10,0,0,Canada,São Paulo,Clothing,Debit Card,Tablet,49,712,0.9,3345.26,31.73,141,12,4.8,8.79,0,0,1,0,None,Non-fraud,Domestic,Day,Weekday,Recent PIN Change
TXN0000362766,CUST00189656,2020-04-12,15:12:00,15,1,0,USA,Toronto,Fuel,Debit Card,Mobile,44,683,2.8,2422.49,84.22,154,27,3.7,19.62,0,1,0,0,None,Non-fraud,Domestic,Day,Weekend,No Recent PIN Change
TXN0000936320,CUST00124730,2024-03-14,16:25:00,16,0,0,India,Lyon,Travel,Mobile Payment,Desktop,54,624,3.6,3385.43,222.71,132,17,44.1,13.57,0,0,0,0,None,Non-fraud,Domestic,Day,Weekday,No Recent PIN Change
TXN0000898311,CUST00195207,2021-08-05,06:15:00,6,0,1,India,London,Travel,Credit Card,Mobile,46,637,6.7,1488.95,728.03,175,14,14.7,4.37,0,0,0,0,None,Non-fraud,Domestic,Night,Weekday,No Recent PIN Change
TXN0000288473,CUST00008878,2021-07-30,02:57:00,2,0,1,USA,Lyon,Grocery,Credit Card,POS Terminal,39,774,3.4,13376.93,23.73,153,23,20.1,1.38,0,0,0,0,None,Non-fraud,Domestic,Night,Weekday,No Recent PIN Change
TXN0000397426,CUST00036939,2023-12-11,14:51:00,14,0,0,USA,Tokyo,Restaurant,Credit Card,Desktop,47,675,4.1,7705.04,749.41,163,23,12.5,1.67,1,0,0,0,None,Non-fraud,International,Day,Weekday,No Recent PIN Change
TXN0000784821,CUST00089677,2021-01-21,04:27:00,4,0,1,Japan,Lyon,Travel,Crypto,Mobile,35,644,8.7,18643.42,287.48,154,12,33.4,0.13,0,0,0,0,None,Non-fraud,Domestic,Night,Weekday,No Recent PIN Change
TXN0000370118,CUST00004172,2022-07-02,04:44:00,4,1,1,Mexico,Sydney,Jewelry,Debit Card,Mobile,19,850,4.9,11015.67,375.08,135,26,16.5,12.74,0,3,0,0,None,Non-fraud,Domestic,Night,Weekend,No Recent PIN Change
TXN0000942091,CUST00053676,2022-05-08,01:41:00,1,1,1,Germany,Vancouver,Education,Credit Card,Tablet,32,739,2.7,30078.87,225.87,139,22,27.1,6.88,0,0,1,0,None,Non-fraud,Domestic,Night,Weekend,Recent PIN Change
TXN0000897233,CUST00184416,2024-06-19,06:57:00,6,0,1,USA,Los Angeles,Grocery,Credit Card,Mobile,25,631,1.3,11875.99,42.74,147,14,5.2,2.19,0,2,0,0,None,Non-fraud,Domestic,Night,Weekday,No Recent PIN Change
TXN0000214888,CUST00005975,2020-06-03,21:17:00,21,0,0,USA,Melbourne,Healthcare,Mobile Payment,POS Terminal,53,556,1.3,1711.85,11.88,177,20,73.8,1.97,0,0,0,0,None,Non-fraud,Domestic,Day,Weekday,No Recent PIN Change
TXN0000553942,CUST00142382,2024-06-19,15:11:00,15,0,0,UK,London,Travel,Debit Card,Desktop,31,621,15.2,15585.35,172.01,173,26,10.6,0.87,0,0,0,0,None,Non-fraud,Domestic,Day,Weekday,No Recent PIN Change
TXN0000436990,CUST00066803,2021-07-23,15:57:00,15,0,0,India,Berlin,Entertainment,Cheque,Mobile,44,653,1.9,18734.58,194.8,151,16,91.8,1.23,0,0,0,0,None,Non-fraud,Domestic,Day,Weekday,No Recent PIN Change
TXN0000541208,CUST00118882,2022-11-06,03:08:00,3,1,1,Brazil,Berlin,Fuel,Credit Card,Mobile,25,757,0.4,7946.01,140.92,149,23,0.4,2.69,1,0,0,0,None,Non-fraud,International,Night,Weekend,No Recent PIN Change
TXN0000928313,CUST00096347,2024-07-06,13:03:00,13,1,0,USA,Delhi,Healthcare,Debit Card,POS Terminal,23,727,1.8,4922.88,171.73,155,24,3.1,16.25,0,2,0,0,None,Non-fraud,Domestic,Day,Weekend,No Recent PIN Change
TXN0000059811,CUST00162409,2020-10-21,12:02:00,12,0,0,Canada,Toronto,Jewelry,Debit Card,ATM,24,653,0.2,44081.2,1084.2,119,20,9.6,1.94,0,0,0,0,None,Non-fraud,Domestic,Day,Weekday,No Recent PIN Change
TXN0000660263,CUST00101628,2020-10-08,09:23:00,9,0,0,Japan,Rio,Fuel,Bank Transfer,Desktop,34,576,0.6,90491.93,145.05,174,16,18.6,0.46,1,0,0,0,None,Non-fraud,International,Day,Weekday,No Recent PIN Change
TXN0000458710,CUST00127421,2020-11-25,03:18:00,3,0,1,Japan,Melbourne,Online Shopping,Mobile Payment,Mobile,25,731,0.4,16221.03,96.19,156,19,50.4,42.16,0,0,0,0,None,Non-fraud,Domestic,Night,Weekday,No Recent PIN Change
TXN0000052330,CUST00039877,2022-06-15,05:58:00,5,0,1,USA,Paris,Grocery,Debit Card,Desktop,18,684,0.6,2692.32,398.7,148,15,5.6,9.39,0,1,0,0,None,Non-fraud,Domestic,Night,Weekday,No Recent PIN Change
TXN0000446890,CUST00161384,2023-04-02,04:05:00,4,1,1,Canada,Mumbai,Healthcare,Mobile Payment,Tablet,59,596,17.4,29879.4,35.32,150,28,14.7,10.08,0,0,0,0,None,Non-fraud,Domestic,Night,Weekend,No Recent PIN Change
TXN0000851282,CUST00013303,2023-07-09,20:58:00,20,1,0,France,Tokyo,Clothing,Credit Card,Mobile,36,788,1.2,651.84,18.06,142,18,14.4,0.34,0,0,0,0,None,Non-fraud,Domestic,Day,Weekend,No Recent PIN Change
TXN0000814205,CUST00191984,2021-04-30,08:08:00,8,0,0,USA,Lyon,Clothing,Mobile Payment,Mobile,24,576,0.9,32810.47,9.85,134,21,7.2,5.6,0,5,0,0,None,Non-fraud,Domestic,Day,Weekday,No Recent PIN Change
TXN0000909952,CUST00095483,2021-09-22,05:15:00,5,0,1,Japan,Vancouver,Entertainment,Bank Transfer,Mobile,29,651,11.7,51867.53,51.88,145,15,1.7,20.23,1,0,0,0,None,Non-fraud,International,Night,Weekday,No Recent PIN Change
TXN0000818534,CUST00117246,2022-10-25,18:22:00,18,0,0,India,Sydney,Jewelry,Credit Card,Mobile,56,509,7.2,2496.48,122.1,162,14,32.8,29.83,0,0,0,0,None,Non-fraud,Domestic,Day,Weekday,No Recent PIN Change
TXN0000605313,CUST00135339,2021-08-29,18:37:00,18,1,0,India,Paris,Gaming,Credit Card,Mobile,28,584,7.6,2711.44,41.58,151,19,4.3,8.74,0,0,0,0,None,Non-fraud,Domestic,Day,Weekend,No Recent PIN Change
TXN0000563279,CUST00121858,2024-10-23,00:22:00,0,0,1,Mexico,Munich,Fuel,Bank Transfer,Mobile,58,705,4,16196.86,162.02,152,19,12.2,4.35,0,0,0,0,None,Non-fraud,Domestic,Night,Weekday,No Recent PIN Change
TXN0000953720,CUST00174711,2020-03-08,12:16:00,12,1,0,Japan,Tokyo,Grocery,Debit Card,Mobile,32,647,4.3,6222.38,30,154,25,2.2,0.68,0,0,0,0,None,Non-fraud,Domestic,Day,Weekend,No Recent PIN Change
TXN0000429325,CUST00162693,2024-01-06,02:29:00,2,1,1,USA,London,Gaming,Credit Card,Mobile,49,708,3.1,572.87,20.89,148,28,3,1.31,0,1,0,0,None,Non-fraud,Domestic,Night,Weekend,No Recent PIN Change
TXN0000406724,CUST00082963,2024-11-09,00:35:00,0,1,1,USA,Munich,Online Shopping,Mobile Payment,Mobile,54,722,3.4,838.14,132.02,150,24,35.4,5.99,0,0,0,0,None,Non-fraud,Domestic,Night,Weekend,No Recent PIN Change
TXN0000517740,CUST00168272,2022-10-12,12:02:00,12,0,0,Australia,Guadalajara,Jewelry,Bank Transfer,ATM,22,702,6.7,6614.08,405.29,139,20,31.3,3.75,1,0,0,0,None,Non-fraud,International,Day,Weekday,No Recent PIN Change
TXN0000975759,CUST00062471,2020-11-14,22:00:00,22,1,1,Australia,Vancouver,Travel,Mobile Payment,POS Terminal,29,850,2,5276.13,202.81,139,17,13.6,8.57,0,0,0,0,None,Non-fraud,Domestic,Night,Weekend,No Recent PIN Change
TXN0000582516,CUST00009699,2022-05-19,02:21:00,2,0,1,Germany,São Paulo,Entertainment,Credit Card,POS Terminal,31,673,4.2,1646.47,254.62,147,25,4.5,0.67,0,0,0,0,None,Non-fraud,Domestic,Night,Weekday,No Recent PIN Change
TXN0000327633,CUST00194580,2022-07-11,03:48:00,3,0,1,India,London,Entertainment,Bank Transfer,Desktop,55,815,3.2,6889.62,41.31,134,24,4.1,0.26,0,3,0,0,None,Non-fraud,Domestic,Night,Weekday,No Recent PIN Change
TXN0000207974,CUST00145056,2023-10-01,21:09:00,21,1,0,Mexico,London,Entertainment,Credit Card,Mobile,39,608,0.2,3502.61,218.24,148,19,7.4,0.12,0,0,0,0,None,Non-fraud,Domestic,Day,Weekend,No Recent PIN Change
TXN0000770906,CUST00170024,2020-11-26,12:46:00,12,0,0,Germany,Manchester,Education,Debit Card,Mobile,59,703,1,6817.67,147.08,161,26,43.7,3.47,0,0,0,0,None,Non-fraud,Domestic,Day,Weekday,No Recent PIN Change
TXN0000542141,CUST00036303,2024-02-03,18:12:00,18,1,0,Brazil,Toronto,Utilities,Mobile Payment,Mobile,32,651,19.6,2251.68,68.67,142,22,8.3,4.96,0,0,1,0,None,Non-fraud,Domestic,Day,Weekend,Recent PIN Change
TXN0000905242,CUST00182163,2020-08-21,20:32:00,20,0,0,Germany,Delhi,Utilities,Debit Card,Desktop,34,679,0.7,4522.07,23.5,148,29,4,59.54,0,0,0,0,None,Non-fraud,Domestic,Day,Weekday,No Recent PIN Change
TXN0000930929,CUST00111693,2023-11-08,16:18:00,16,0,0,Australia,Guadalajara,Restaurant,Mobile Payment,Mobile,43,721,15.4,19624.36,75.36,140,19,4.7,19.07,0,0,0,0,None,Non-fraud,Domestic,Day,Weekday,No Recent PIN Change
TXN0000543313,CUST00034198,2020-12-01,00:02:00,0,0,1,Mexico,Vancouver,Fuel,Mobile Payment,Mobile,55,630,21.1,1846.63,153.31,161,23,9.7,34.89,0,0,0,0,None,Non-fraud,Domestic,Night,Weekday,No Recent PIN Change
TXN0000416952,CUST00108086,2024-11-27,23:02:00,23,0,1,India,Tokyo,Gaming,Bank Transfer,Mobile,52,585,2,3167.22,193.45,157,23,36.6,2.35,1,0,0,0,None,Non-fraud,International,Night,Weekday,No Recent PIN Change
TXN0000538776,CUST00091213,2023-10-27,23:08:00,23,0,1,India,Guadalajara,Electronics,Bank Transfer,Mobile,54,655,9,1883.31,509.33,160,16,16.2,16.55,1,1,0,0,None,Non-fraud,International,Night,Weekday,No Recent PIN Change
TXN0000958174,CUST00093324,2022-10-31,17:43:00,17,0,0,India,Paris,Crypto Exchange,Cheque,Mobile,37,624,0.7,2612.57,66.71,133,22,8,1.88,1,0,0,0,None,Non-fraud,International,Day,Weekday,No Recent PIN Change
TXN0000013939,CUST00001925,2021-10-06,10:25:00,10,0,0,Mexico,Los Angeles,Restaurant,Mobile Payment,Mobile,55,846,25.9,26411.23,37.56,146,14,27.1,45.2,0,0,0,0,None,Non-fraud,Domestic,Day,Weekday,No Recent PIN Change
TXN0000168971,CUST00078275,2024-10-12,20:01:00,20,1,0,UK,London,Education,Credit Card,Mobile,41,729,0.5,23283.74,11.12,134,21,2.1,7.97,0,1,1,0,None,Non-fraud,Domestic,Day,Weekend,Recent PIN Change
TXN0000207177,CUST00049143,2021-10-11,15:44:00,15,0,0,USA,Berlin,Crypto Exchange,Bank Transfer,ATM,49,663,2.5,30997.82,93.5,151,30,0.9,6.87,0,1,0,0,None,Non-fraud,Domestic,Day,Weekday,No Recent PIN Change
TXN0000085402,CUST00037737,2024-04-14,20:36:00,20,1,0,USA,Berlin,Travel,Credit Card,Tablet,44,653,5.2,4812.59,988.76,139,20,8.5,1.9,0,1,0,0,None,Non-fraud,Domestic,Day,Weekend,No Recent PIN Change
TXN0000801761,CUST00195555,2021-12-06,09:00:00,9,0,0,India,New York,Online Shopping,Credit Card,POS Terminal,70,662,2.3,20660.18,7.97,162,20,5.6,2.39,0,0,0,0,None,Non-fraud,Domestic,Day,Weekday,No Recent PIN Change
TXN0000665856,CUST00193791,2024-05-22,00:02:00,0,0,1,Mexico,Toronto,Jewelry,Mobile Payment,Tablet,24,581,16.7,85468.99,724.03,150,23,0.6,2.01,0,0,0,0,None,Non-fraud,Domestic,Night,Weekday,No Recent PIN Change
TXN0000829547,CUST00130782,2020-02-01,08:40:00,8,1,0,UK,Guadalajara,Crypto Exchange,Credit Card,ATM,32,608,1,761.14,63.89,138,18,37.4,27.52,0,0,0,0,None,Non-fraud,Domestic,Day,Weekend,No Recent PIN Change
TXN0000847983,CUST00065828,2022-07-04,20:51:00,20,0,0,UK,Lyon,Entertainment,Debit Card,Tablet,26,660,4.3,2982.46,106.92,142,17,12.9,2.48,1,0,0,0,None,Non-fraud,International,Day,Weekday,No Recent PIN Change
TXN0000029151,CUST00021695,2023-03-05,10:11:00,10,1,0,Canada,Los Angeles,Electronics,Credit Card,Mobile,56,574,6.1,13198.26,457.71,176,21,63.3,21.31,0,0,0,0,None,Non-fraud,Domestic,Day,Weekend,No Recent PIN Change
TXN0000165029,CUST00186784,2023-10-26,07:09:00,7,0,0,USA,Guadalajara,Utilities,Credit Card,Mobile,47,722,1.6,10242.52,232.4,156,22,5.7,4.56,0,4,0,0,None,Non-fraud,Domestic,Day,Weekday,No Recent PIN Change
TXN0000000944,CUST00104681,2021-11-26,23:06:00,23,0,1,USA,Berlin,Fuel,Mobile Payment,Mobile,23,664,7.7,1491.74,100.88,142,15,7,2.72,0,0,0,0,None,Non-fraud,Domestic,Night,Weekday,No Recent PIN Change
TXN0000030021,CUST00022486,2021-12-23,16:48:00,16,0,0,USA,Tokyo,Gaming,Bank Transfer,Mobile,34,625,1,7445.29,67.09,140,14,16.7,3.87,0,0,0,0,None,Non-fraud,Domestic,Day,Weekday,No Recent PIN Change
TXN0000139609,CUST00046653,2022-03-13,13:29:00,13,1,0,Japan,Vancouver,Online Shopping,Debit Card,Mobile,54,768,3,13723.68,122.03,157,17,3.5,9.63,0,0,0,0,None,Non-fraud,Domestic,Day,Weekend,No Recent PIN Change
TXN0000653465,CUST00172193,2020-05-02,06:52:00,6,1,1,Australia,São Paulo,Travel,Crypto,POS Terminal,30,694,4,59708.46,413.09,151,21,7,1.6,0,0,0,0,None,Non-fraud,Domestic,Night,Weekend,No Recent PIN Change
TXN0000153895,CUST00104422,2021-09-17,11:15:00,11,0,0,Canada,Munich,ATM Withdrawal,Debit Card,Desktop,33,636,3.8,23510.05,8.72,129,20,3.5,0.33,0,1,0,0,None,Non-fraud,Domestic,Day,Weekday,No Recent PIN Change
TXN0000880713,CUST00077699,2020-08-11,16:09:00,16,0,0,USA,Osaka,Electronics,Debit Card,Mobile,46,702,1.7,17834.71,246.68,133,29,0.4,4.57,0,0,1,0,None,Non-fraud,Domestic,Day,Weekday,Recent PIN Change
TXN0000930578,CUST00041992,2022-01-30,15:46:00,15,1,0,Mexico,Berlin,Clothing,Credit Card,Tablet,44,731,3.2,4347.26,39.2,130,17,64.2,14.16,1,0,0,0,None,Non-fraud,International,Day,Weekend,No Recent PIN Change
TXN0000502939,CUST00088784,2020-12-07,02:59:00,2,0,1,USA,Rio,Clothing,Mobile Payment,Mobile,35,782,1.9,11323.44,83.74,157,28,51.5,7.32,0,0,0,0,None,Non-fraud,Domestic,Night,Weekday,No Recent PIN Change
TXN0000934890,CUST00017219,2020-02-26,08:36:00,8,0,0,Japan,Guadalajara,Electronics,Mobile Payment,POS Terminal,39,733,2.1,8056.43,394.93,145,19,9.8,1.17,0,0,0,0,None,Non-fraud,Domestic,Day,Weekday,No Recent PIN Change
TXN0000261586,CUST00049134,2024-10-18,20:39:00,20,0,0,USA,Manchester,Healthcare,Debit Card,Mobile,32,749,0.1,4045.26,66.87,145,21,5.7,4.02,0,0,0,0,None,Non-fraud,Domestic,Day,Weekday,No Recent PIN Change
TXN0000315652,CUST00098464,2022-10-02,01:03:00,1,1,1,USA,Toronto,Fuel,Debit Card,Desktop,62,793,4.1,1325.63,91.4,139,22,5,10.28,0,0,0,0,None,Non-fraud,Domestic,Night,Weekend,No Recent PIN Change
TXN0000227190,CUST00173843,2024-05-17,01:32:00,1,0,1,Mexico,São Paulo,Crypto Exchange,Credit Card,Mobile,49,802,20.7,1041.47,284.72,138,14,31.1,23.32,0,0,0,0,None,Non-fraud,Domestic,Night,Weekday,No Recent PIN Change
TXN0000515159,CUST00006537,2023-07-05,12:15:00,12,0,0,USA,Mexico City,Restaurant,Credit Card,Mobile,58,648,15.9,39496.41,26.37,154,21,29.7,23.84,0,0,0,0,None,Non-fraud,Domestic,Day,Weekday,No Recent PIN Change
TXN0000067751,CUST00176913,2021-08-02,06:55:00,6,0,1,Japan,Mumbai,Online Shopping,Debit Card,POS Terminal,46,763,2.2,48626.86,331.77,139,27,12.1,15.63,0,0,0,0,None,Non-fraud,Domestic,Night,Weekday,No Recent PIN Change
TXN0000283440,CUST00186853,2020-04-14,13:13:00,13,0,0,Mexico,Paris,Healthcare,Debit Card,Mobile,24,727,4.6,23268.8,49.75,165,18,38.2,2.79,0,0,0,0,None,Non-fraud,Domestic,Day,Weekday,No Recent PIN Change
TXN0000374251,CUST00071148,2021-05-07,18:11:00,18,0,0,India,Delhi,Electronics,Debit Card,Mobile,55,701,3.6,1935.31,725.14,130,13,13.4,6.55,1,0,0,0,None,Non-fraud,International,Day,Weekday,No Recent PIN Change
TXN0000854646,CUST00198407,2020-11-24,18:59:00,18,0,0,USA,Mumbai,Crypto Exchange,Credit Card,Mobile,37,611,0.4,16705.43,3.6,164,17,6.9,6.99,1,0,1,0,None,Non-fraud,International,Day,Weekday,Recent PIN Change
TXN0000921615,CUST00005216,2023-02-21,11:56:00,11,0,0,Japan,Tokyo,Gaming,Credit Card,Mobile,19,672,0.7,2011.54,103.17,155,9,6.7,2.1,1,1,0,0,None,Non-fraud,International,Day,Weekday,No Recent PIN Change
TXN0000970537,CUST00167045,2023-05-12,18:27:00,18,0,0,USA,London,Electronics,Bank Transfer,Tablet,18,693,4,19548.38,855.12,142,23,28.4,8.98,0,0,0,0,None,Non-fraud,Domestic,Day,Weekday,No Recent PIN Change
TXN0000021664,CUST00133524,2024-11-05,13:22:00,13,0,0,Japan,Los Angeles,Crypto Exchange,Debit Card,Mobile,34,667,5.9,41339.47,390.26,132,25,24.4,8.94,0,0,0,0,None,Non-fraud,Domestic,Day,Weekday,No Recent PIN Change
TXN0000986526,CUST00195945,2024-04-12,18:02:00,18,0,0,Mexico,Manchester,Grocery,Credit Card,Tablet,60,701,2.7,8342.43,135.35,141,23,26.1,6.94,0,1,0,0,None,Non-fraud,Domestic,Day,Weekday,No Recent PIN Change
TXN0000427741,CUST00131227,2024-10-23,20:47:00,20,0,0,USA,Tokyo,Online Shopping,Credit Card,Mobile,74,707,2.7,5568.1,31.53,139,18,30.1,11.61,1,1,0,0,None,Non-fraud,International,Day,Weekday,No Recent PIN Change
TXN0000131570,CUST00052409,2021-09-16,06:32:00,6,0,1,USA,Vancouver,Gaming,Credit Card,Desktop,39,719,6.2,2116.81,41.88,156,22,10.7,15.12,0,0,0,0,None,Non-fraud,Domestic,Night,Weekday,No Recent PIN Change
TXN0000961868,CUST00116927,2021-06-23,02:32:00,2,0,1,USA,Guadalajara,Education,Debit Card,Mobile,30,546,0.4,4876.54,52.78,124,15,28.3,28.56,0,2,0,0,None,Non-fraud,Domestic,Night,Weekday,No Recent PIN Change
TXN0000973111,CUST00120456,2020-09-19,22:12:00,22,1,1,France,London,Fuel,Debit Card,Mobile,65,725,0.1,3398.91,132.34,143,15,19.5,0.81,0,0,0,0,None,Non-fraud,Domestic,Night,Weekend,No Recent PIN Change
TXN0000163527,CUST00177022,2024-10-03,19:43:00,19,0,0,Germany,Munich,Jewelry,Mobile Payment,Desktop,59,693,10.2,2823.28,444.28,158,21,29.5,18,1,1,0,0,None,Non-fraud,International,Day,Weekday,No Recent PIN Change
TXN0000953604,CUST00003292,2023-06-18,03:07:00,3,1,1,India,Sydney,Clothing,Credit Card,Mobile,21,806,5.8,224203.54,9.29,165,24,17,3.39,0,0,0,0,None,Non-fraud,Domestic,Night,Weekend,No Recent PIN Change
TXN0000376909,CUST00121957,2022-07-03,03:05:00,3,1,1,USA,Osaka,Education,Credit Card,Mobile,49,684,0.8,2763.63,6.3,155,16,12.8,24.18,0,0,0,0,None,Non-fraud,Domestic,Night,Weekend,No Recent PIN Change
TXN0000173158,CUST00152921,2022-09-15,02:21:00,2,0,1,Mexico,Melbourne,Gaming,Debit Card,Mobile,38,718,2.9,6914.88,212.09,144,25,3.4,7.5,1,1,0,0,None,Non-fraud,International,Night,Weekday,No Recent PIN Change
TXN0000144437,CUST00163531,2022-11-08,17:45:00,17,0,0,UK,Mexico City,Healthcare,Cheque,ATM,44,740,2.7,6256.84,139.66,146,20,10.9,3.56,0,1,0,0,None,Non-fraud,Domestic,Day,Weekday,No Recent PIN Change
TXN0000215250,CUST00004571,2022-12-12,21:55:00,21,0,0,Japan,Vancouver,ATM Withdrawal,Bank Transfer,Desktop,18,835,6.7,3822.96,21.26,149,26,4,21.55,0,0,0,0,None,Non-fraud,Domestic,Day,Weekday,No Recent PIN Change
TXN0000598560,CUST00136231,2024-08-13,05:38:00,5,0,1,USA,Munich,Crypto Exchange,Bank Transfer,Mobile,25,762,4.3,6682.04,14.38,159,24,1.4,13.88,0,0,0,0,None,Non-fraud,Domestic,Night,Weekday,No Recent PIN Change
TXN0000928960,CUST00005916,2023-03-14,03:42:00,3,0,1,India,Melbourne,Crypto Exchange,Mobile Payment,Mobile,35,739,2.7,7275.57,11.75,142,23,55,44.77,0,0,0,0,None,Non-fraud,Domestic,Night,Weekday,No Recent PIN Change
TXN0000579243,CUST00113354,2021-09-06,07:31:00,7,0,0,Mexico,Delhi,Crypto Exchange,Debit Card,Desktop,40,581,7.6,1118.62,141.51,141,19,1.1,4.53,0,1,0,0,None,Non-fraud,Domestic,Day,Weekday,No Recent PIN Change
TXN0000477732,CUST00073604,2020-07-01,06:58:00,6,0,1,Canada,Los Angeles,Clothing,Debit Card,ATM,69,601,0.1,1740.48,149.02,154,16,3.8,2.44,0,0,0,0,None,Non-fraud,Domestic,Night,Weekday,No Recent PIN Change
TXN0000041108,CUST00149315,2024-04-16,14:42:00,14,0,0,UK,Lyon,Education,Credit Card,POS Terminal,42,732,3.7,42182.43,263.9,170,20,41.7,7.81,1,0,0,0,None,Non-fraud,International,Day,Weekday,No Recent PIN Change
TXN0000837788,CUST00051297,2021-05-07,07:34:00,7,0,0,USA,Los Angeles,Restaurant,Credit Card,Desktop,47,765,0.5,9889.51,57.58,125,23,15.9,7.35,0,0,1,0,None,Non-fraud,Domestic,Day,Weekday,Recent PIN Change
TXN0000359134,CUST00029719,2021-03-16,16:24:00,16,0,0,USA,Munich,Healthcare,Credit Card,Mobile,34,660,0.8,8270.45,20.2,192,15,17.1,30.57,1,2,0,0,None,Non-fraud,International,Day,Weekday,No Recent PIN Change
TXN0000644824,CUST00120686,2023-03-31,04:32:00,4,0,1,Brazil,São Paulo,Education,Credit Card,Mobile,58,703,7.4,18074.55,56,144,20,102.2,1.78,0,0,0,0,None,Non-fraud,Domestic,Night,Weekday,No Recent PIN Change
TXN0000078061,CUST00015820,2024-12-26,13:36:00,13,0,0,USA,Melbourne,Restaurant,Credit Card,ATM,42,557,3.3,77012.43,16.9,173,22,36.4,84.29,0,0,0,0,None,Non-fraud,Domestic,Day,Weekday,No Recent PIN Change
TXN0000681372,CUST00169360,2022-11-01,17:07:00,17,0,0,Australia,Sydney,Crypto Exchange,Debit Card,Desktop,26,716,2.8,768.55,13.04,164,26,9.5,7.53,0,0,0,0,None,Non-fraud,Domestic,Day,Weekday,No Recent PIN Change
TXN0000280474,CUST00055182,2022-09-21,10:47:00,10,0,0,Germany,Berlin,Restaurant,Mobile Payment,Mobile,36,665,1.2,26084.17,50.25,149,18,4.6,0.11,1,0,0,0,None,Non-fraud,International,Day,Weekday,No Recent PIN Change
TXN0000147524,CUST00190184,2020-07-13,07:13:00,7,0,0,Australia,Osaka,Grocery,Credit Card,Mobile,28,630,2.2,5506.7,170.65,147,18,3.2,18.42,0,0,0,0,None,Non-fraud,Domestic,Day,Weekday,No Recent PIN Change
TXN0000865133,CUST00158715,2024-06-23,11:17:00,11,1,0,India,Rio,Education,Credit Card,Desktop,28,763,1.5,5308.44,14.54,171,13,5.9,17.55,0,0,0,0,None,Non-fraud,Domestic,Day,Weekend,No Recent PIN Change
TXN0000744445,CUST00015475,2020-06-05,07:28:00,7,0,0,Japan,New York,Jewelry,Mobile Payment,ATM,50,727,7.3,53244.74,84.91,171,20,32.5,2.23,1,0,1,0,None,Non-fraud,International,Day,Weekday,Recent PIN Change
TXN0000623589,CUST00105343,2023-06-18,20:26:00,20,1,0,USA,Guadalajara,ATM Withdrawal,Bank Transfer,Desktop,18,716,30,12606.4,106.96,140,17,3.7,15.51,0,0,1,0,None,Non-fraud,Domestic,Day,Weekend,Recent PIN Change
TXN0000235258,CUST00003129,2024-05-16,10:58:00,10,0,0,USA,São Paulo,Education,Crypto,Tablet,41,698,2.1,32843.86,246.83,181,14,4.3,9.41,0,0,0,0,None,Non-fraud,Domestic,Day,Weekday,No Recent PIN Change
TXN0000925823,CUST00171268,2022-09-26,00:58:00,0,0,1,Australia,Manchester,Restaurant,Cheque,Desktop,37,693,9.4,13580.95,99.68,159,15,38,0.63,0,0,0,0,None,Non-fraud,Domestic,Night,Weekday,No Recent PIN Change
TXN0000432024,CUST00160649,2022-07-01,01:50:00,1,0,1,UK,Rio,Utilities,Crypto,Desktop,40,760,4.9,6383.26,460.67,168,16,39.4,9.41,0,0,0,0,None,Non-fraud,Domestic,Night,Weekday,No Recent PIN Change
TXN0000903545,CUST00136076,2023-10-25,14:25:00,14,0,0,Mexico,Lyon,Utilities,Credit Card,ATM,27,718,3.6,2553.57,16.18,153,22,2.2,3.86,1,0,0,0,None,Non-fraud,International,Day,Weekday,No Recent PIN Change
TXN0000746814,CUST00099813,2021-05-30,18:59:00,18,1,0,Japan,Manchester,Electronics,Credit Card,Desktop,45,656,7.6,6871.86,221.53,153,22,23.8,0.06,0,2,0,0,None,Non-fraud,Domestic,Day,Weekend,No Recent PIN Change
TXN0000266961,CUST00060383,2023-11-01,00:49:00,0,0,1,India,London,Gaming,Crypto,Mobile,72,807,5,6650.87,54.99,151,19,64.6,58.04,1,0,0,0,None,Non-fraud,International,Night,Weekday,No Recent PIN Change
TXN0000776090,CUST00081180,2023-11-21,16:54:00,16,0,0,Brazil,Rio,Online Shopping,Credit Card,ATM,61,676,2.3,10002.25,72.18,166,21,67,9.6,0,0,0,0,None,Non-fraud,Domestic,Day,Weekday,No Recent PIN Change
TXN0000825154,CUST00141859,2022-05-25,01:03:00,1,0,1,Canada,Rio,Grocery,Debit Card,Mobile,67,714,3.4,4757.61,242.42,156,18,16.2,19.23,0,0,0,0,None,Non-fraud,Domestic,Night,Weekday,No Recent PIN Change
TXN0000589981,CUST00120422,2024-12-25,15:29:00,15,0,0,USA,Los Angeles,Education,Credit Card,Desktop,23,696,1.2,942.36,28.57,154,23,26.3,1.83,0,1,0,0,None,Non-fraud,Domestic,Day,Weekday,No Recent PIN Change
TXN0000808546,CUST00104542,2020-10-05,17:09:00,17,0,0,Australia,Los Angeles,Travel,Crypto,POS Terminal,27,656,5.5,2896.45,540.33,131,20,6.7,4.28,0,1,0,0,None,Non-fraud,Domestic,Day,Weekday,No Recent PIN Change
TXN0000200519,CUST00080630,2024-05-28,12:51:00,12,0,0,Germany,London,Gaming,Credit Card,Desktop,58,741,6.1,60492.22,42.94,162,21,16.4,3.09,1,0,0,0,None,Non-fraud,International,Day,Weekday,No Recent PIN Change
TXN0000781000,CUST00017730,2022-06-07,14:48:00,14,0,0,France,Melbourne,Crypto Exchange,Credit Card,Desktop,21,842,0.1,8809.36,10.86,156,29,30.1,15.3,1,0,0,0,None,Non-fraud,International,Day,Weekday,No Recent PIN Change
TXN0000749057,CUST00187140,2020-06-16,02:09:00,2,0,1,Canada,Manchester,Restaurant,Bank Transfer,Mobile,65,628,7.9,41475.43,148.32,156,21,8.6,0.54,0,0,0,0,None,Non-fraud,Domestic,Night,Weekday,No Recent PIN Change
TXN0000751293,CUST00102984,2023-01-10,03:17:00,3,0,1,UK,New York,Utilities,Debit Card,Desktop,53,602,4,3263.34,347.06,159,15,50.8,2.67,0,0,0,0,None,Non-fraud,Domestic,Night,Weekday,No Recent PIN Change
TXN0000273418,CUST00015931,2024-08-18,04:45:00,4,1,1,USA,Osaka,Gaming,Crypto,Mobile,32,643,3.7,3968.9,8.82,127,23,7,1.11,0,0,0,0,None,Non-fraud,Domestic,Night,Weekend,No Recent PIN Change
TXN0000758992,CUST00003534,2020-10-15,00:59:00,0,0,1,USA,Los Angeles,Crypto Exchange,Bank Transfer,Mobile,33,615,0.9,39455.9,141.56,160,20,1.4,2.32,0,0,0,0,None,Non-fraud,Domestic,Night,Weekday,No Recent PIN Change
TXN0000129974,CUST00163764,2022-06-10,03:11:00,3,0,1,Brazil,Los Angeles,Utilities,Credit Card,ATM,27,794,8.4,3026,43.29,146,17,8.6,12.5,1,0,0,0,None,Non-fraud,International,Night,Weekday,No Recent PIN Change
TXN0000770046,CUST00103056,2023-08-22,21:42:00,21,0,0,Germany,Osaka,Electronics,Credit Card,ATM,64,667,0.4,19411.99,1908.97,158,17,2.7,10.55,0,0,0,0,None,Non-fraud,Domestic,Day,Weekday,No Recent PIN Change
TXN0000466294,CUST00053467,2024-02-04,08:46:00,8,1,0,Japan,New York,Grocery,Credit Card,Tablet,45,770,2.1,5276.37,147.77,160,22,11.2,21.37,1,0,1,0,None,Non-fraud,International,Day,Weekend,Recent PIN Change
TXN0000442728,CUST00060100,2021-01-05,14:24:00,14,0,0,USA,Los Angeles,Restaurant,Crypto,Mobile,32,544,0.8,3564.99,52.5,170,22,20.3,27.95,0,0,0,0,None,Non-fraud,Domestic,Day,Weekday,No Recent PIN Change
TXN0000886927,CUST00033497,2022-04-26,10:01:00,10,0,0,USA,Toronto,Fuel,Credit Card,Mobile,48,679,1.6,2814.87,62.48,160,20,1.6,8.05,0,5,0,0,None,Non-fraud,Domestic,Day,Weekday,No Recent PIN Change
TXN0000557632,CUST00185031,2020-04-22,21:07:00,21,0,0,Australia,Osaka,Gaming,Mobile Payment,Desktop,47,769,7.4,14628.68,110.84,144,21,27,4.03,0,0,0,0,None,Non-fraud,Domestic,Day,Weekday,No Recent PIN Change
TXN0000721560,CUST00027409,2024-04-29,15:24:00,15,0,0,USA,New York,Electronics,Credit Card,ATM,35,667,3.9,17422.35,642.38,160,21,12.4,23.69,0,0,0,0,None,Non-fraud,Domestic,Day,Weekday,No Recent PIN Change
TXN0000574931,CUST00121808,2020-12-11,09:58:00,9,0,0,Germany,Munich,Clothing,Bank Transfer,Mobile,55,738,2.8,12148.45,262.28,150,19,23,10.2,0,0,0,0,None,Non-fraud,Domestic,Day,Weekday,No Recent PIN Change
TXN0000801914,CUST00050838,2022-02-19,12:43:00,12,1,0,USA,São Paulo,Clothing,Mobile Payment,Mobile,56,730,1.7,707.24,283.06,159,12,10,6.53,0,0,0,0,None,Non-fraud,Domestic,Day,Weekend,No Recent PIN Change
TXN0000814852,CUST00197354,2022-12-11,09:54:00,9,1,0,Brazil,New York,Healthcare,Credit Card,Tablet,50,565,7.3,7877.33,27.15,162,17,5.6,13.13,0,0,0,0,None,Non-fraud,Domestic,Day,Weekend,No Recent PIN Change
TXN0000878068,CUST00151336,2024-09-10,14:04:00,14,0,0,Australia,Munich,Fuel,Debit Card,Mobile,34,548,0.9,1377.86,150.86,150,27,5.8,3.37,0,1,0,0,None,Non-fraud,Domestic,Day,Weekday,No Recent PIN Change
TXN0000876480,CUST00054856,2021-04-09,05:33:00,5,0,1,India,Sydney,Clothing,Credit Card,Tablet,39,695,0.1,11337.2,249.98,138,19,6.8,0.07,0,0,0,0,None,Non-fraud,Domestic,Night,Weekday,No Recent PIN Change
TXN0000574827,CUST00088415,2022-11-06,04:15:00,4,1,1,UK,Sydney,Electronics,Debit Card,Mobile,52,703,4.8,4317.67,828.67,154,19,19.2,6.47,0,0,0,0,None,Non-fraud,Domestic,Night,Weekend,No Recent PIN Change
TXN0000800543,CUST00100281,2023-04-08,10:32:00,10,1,0,UK,Munich,Healthcare,Credit Card,Desktop,45,850,7.5,52898.06,34.43,143,17,7.5,4.39,0,0,0,0,None,Non-fraud,Domestic,Day,Weekend,No Recent PIN Change
TXN0000161472,CUST00111146,2023-02-02,19:52:00,19,0,0,UK,Sydney,Fuel,Credit Card,Mobile,26,629,8.6,5078.56,129.99,154,21,4,16.35,0,0,0,0,None,Non-fraud,Domestic,Day,Weekday,No Recent PIN Change
TXN0000418608,CUST00063392,2021-06-08,18:59:00,18,0,0,Canada,Melbourne,Education,Bank Transfer,Mobile,51,639,0.7,4408.65,95.9,166,19,37.8,23.79,0,0,0,0,None,Non-fraud,Domestic,Day,Weekday,No Recent PIN Change
TXN0000690548,CUST00175314,2020-06-22,08:30:00,8,0,0,USA,Paris,Clothing,Bank Transfer,ATM,33,636,13,16953.61,359.89,141,15,25.7,13.38,0,0,0,0,None,Non-fraud,Domestic,Day,Weekday,No Recent PIN Change
TXN0000491396,CUST00187544,2020-02-23,09:20:00,9,1,0,France,Rio,Jewelry,Credit Card,Desktop,18,639,0.4,11987.36,115.76,144,16,3.5,10.59,0,0,0,0,None,Non-fraud,Domestic,Day,Weekend,No Recent PIN Change
TXN0000754455,CUST00139686,2023-12-06,05:28:00,5,0,1,USA,Mumbai,Restaurant,Credit Card,Desktop,59,648,18.7,600.85,60.94,154,15,1.5,24.68,0,1,0,0,None,Non-fraud,Domestic,Night,Weekday,No Recent PIN Change
TXN0000058496,CUST00029109,2022-01-28,03:16:00,3,0,1,Germany,Guadalajara,Fuel,Bank Transfer,Tablet,44,709,3.1,1618.75,71.73,127,13,27.3,2.76,0,2,0,0,None,Non-fraud,Domestic,Night,Weekday,No Recent PIN Change
TXN0000600299,CUST00162599,2022-09-04,13:00:00,13,1,0,Mexico,Los Angeles,Online Shopping,Debit Card,Mobile,21,709,4.6,14697.17,37.33,131,20,104.1,41.84,0,0,0,0,None,Non-fraud,Domestic,Day,Weekend,No Recent PIN Change
TXN0000498620,CUST00198309,2021-08-06,12:49:00,12,0,0,Brazil,Guadalajara,Crypto Exchange,Credit Card,ATM,32,489,1.6,8062.95,495.87,143,18,7.8,11.41,0,0,0,0,None,Non-fraud,Domestic,Day,Weekday,No Recent PIN Change
TXN0000630286,CUST00069384,2021-10-11,03:00:00,3,0,1,UK,Delhi,Clothing,Credit Card,ATM,28,573,8.9,9510.77,69.23,149,19,80.3,43.73,0,0,0,0,None,Non-fraud,Domestic,Night,Weekday,No Recent PIN Change
TXN0000134209,CUST00066968,2022-08-12,20:42:00,20,0,0,Canada,Mumbai,Crypto Exchange,Mobile Payment,Mobile,42,754,1.9,4852.16,32.03,171,14,6.7,3.4,0,0,0,0,None,Non-fraud,Domestic,Day,Weekday,No Recent PIN Change
TXN0000396445,CUST00131200,2024-07-24,23:28:00,23,0,1,Australia,Berlin,Electronics,Credit Card,Tablet,53,684,5.7,27362.59,100.48,139,23,20.8,10.91,0,0,0,0,None,Non-fraud,Domestic,Night,Weekday,No Recent PIN Change
TXN0000110618,CUST00095562,2021-09-27,09:21:00,9,0,0,Germany,Osaka,Utilities,Debit Card,Mobile,65,701,5.7,11560,39.16,166,15,11.9,11.47,0,0,0,0,None,Non-fraud,Domestic,Day,Weekday,No Recent PIN Change
TXN0000458895,CUST00115585,2021-05-22,20:48:00,20,1,0,USA,Tokyo,Education,Credit Card,Mobile,38,650,1.6,74076.4,648.18,144,20,20.5,10.09,0,0,0,0,None,Non-fraud,Domestic,Day,Weekend,No Recent PIN Change
TXN0000559477,CUST00174065,2023-03-01,07:00:00,7,0,0,Canada,Guadalajara,Entertainment,Mobile Payment,Mobile,61,642,7.9,24466.04,53.64,150,23,16.6,59.2,0,0,1,0,None,Non-fraud,Domestic,Day,Weekday,Recent PIN Change
TXN0000199234,CUST00124035,2024-01-02,09:58:00,9,0,0,Japan,New York,Online Shopping,Credit Card,Desktop,44,616,1,1364.49,67.09,164,8,11.2,2.79,0,1,0,0,None,Non-fraud,Domestic,Day,Weekday,No Recent PIN Change
TXN0000204246,CUST00023113,2022-06-20,15:29:00,15,0,0,Brazil,Toronto,Online Shopping,Debit Card,Mobile,56,767,14,8347.75,36.16,150,21,61,2.46,0,0,0,0,None,Non-fraud,Domestic,Day,Weekday,No Recent PIN Change
TXN0000937401,CUST00164624,2020-05-07,20:10:00,20,0,0,Australia,Rio,Gaming,Credit Card,Mobile,62,515,0.8,33529.84,101.83,134,18,9.5,6.78,0,0,0,0,None,Non-fraud,Domestic,Day,Weekday,No Recent PIN Change
TXN0000077025,CUST00080953,2024-01-03,13:54:00,13,0,0,USA,Melbourne,Fuel,Credit Card,Desktop,41,609,2.3,8389.89,90.74,145,19,41.3,10,0,0,0,0,None,Non-fraud,Domestic,Day,Weekday,No Recent PIN Change
TXN0000234139,CUST00037656,2022-02-20,12:52:00,12,1,0,Canada,Sydney,Gaming,Mobile Payment,Desktop,41,732,8.2,22343.4,62.73,152,24,1.1,1.41,0,1,0,0,None,Non-fraud,Domestic,Day,Weekend,No Recent PIN Change
TXN0000021767,CUST00179810,2020-12-03,02:11:00,2,0,1,USA,Mexico City,Healthcare,Credit Card,Desktop,18,573,1.3,5652.57,262.79,135,19,30.6,3.34,0,2,0,0,None,Non-fraud,Domestic,Night,Weekday,No Recent PIN Change
TXN0000331444,CUST00188213,2020-07-17,14:07:00,14,0,0,Germany,Munich,Utilities,Credit Card,Mobile,34,620,19.1,8697.65,127.42,155,23,41.3,3.6,0,0,0,0,None,Non-fraud,Domestic,Day,Weekday,No Recent PIN Change
TXN0000531110,CUST00029608,2024-03-29,01:17:00,1,0,1,Australia,Mumbai,Restaurant,Bank Transfer,Mobile,31,737,6.2,21659.61,367.91,131,15,17.6,20.88,0,0,0,0,None,Non-fraud,Domestic,Night,Weekday,No Recent PIN Change
TXN0000360434,CUST00130255,2022-09-09,09:18:00,9,0,0,France,Melbourne,Clothing,Mobile Payment,Mobile,34,617,1,3963.48,83.64,153,12,20.1,20.14,0,1,0,0,None,Non-fraud,Domestic,Day,Weekday,No Recent PIN Change
TXN0000169605,CUST00009558,2022-08-25,08:30:00,8,0,0,Canada,São Paulo,Entertainment,Bank Transfer,Mobile,49,679,12,13793.98,75.04,145,21,3.7,3.97,0,0,0,0,None,Non-fraud,Domestic,Day,Weekday,No Recent PIN Change
TXN0000828186,CUST00190456,2024-12-08,22:23:00,22,1,1,USA,Mumbai,Healthcare,Credit Card,Mobile,52,783,6.6,35717.97,23.07,162,20,87.8,4.2,0,0,0,0,None,Non-fraud,Domestic,Night,Weekend,No Recent PIN Change
TXN0000596747,CUST00135830,2024-09-28,04:25:00,4,1,1,India,Manchester,Online Shopping,Debit Card,Mobile,63,596,6.7,3554.24,144.21,166,18,2.8,44.99,0,0,1,0,None,Non-fraud,Domestic,Night,Weekend,Recent PIN Change
TXN0000888677,CUST00125319,2023-06-06,20:53:00,20,0,0,India,New York,Travel,Debit Card,Mobile,47,694,8.7,11482.77,739.01,140,22,10.2,13.81,0,0,0,0,None,Non-fraud,Domestic,Day,Weekday,No Recent PIN Change
TXN0000552895,CUST00182136,2020-10-10,15:21:00,15,1,0,France,Tokyo,Restaurant,Credit Card,POS Terminal,50,615,0.6,5208.8,976.4,150,20,15.9,8.24,0,0,0,0,None,Non-fraud,Domestic,Day,Weekend,No Recent PIN Change
TXN0000971593,CUST00031216,2024-09-26,15:52:00,15,0,0,Mexico,New York,Restaurant,Bank Transfer,Mobile,62,814,1.7,4023.37,6.86,157,17,28.1,0.21,0,2,0,0,None,Non-fraud,Domestic,Day,Weekday,No Recent PIN Change
TXN0000069807,CUST00112542,2024-07-24,00:00:00,0,0,1,USA,Rio,Grocery,Credit Card,POS Terminal,83,704,2.8,6043.02,147.98,136,14,15.8,16.94,1,0,0,0,None,Non-fraud,International,Night,Weekday,No Recent PIN Change
TXN0000719404,CUST00033404,2020-06-16,14:33:00,14,0,0,Australia,Melbourne,Education,Debit Card,Desktop,38,680,2.9,14981.23,49.84,165,10,1.9,2.09,0,1,0,0,None,Non-fraud,Domestic,Day,Weekday,No Recent PIN Change
TXN0000403955,CUST00085641,2020-03-24,08:07:00,8,0,0,USA,London,Jewelry,Crypto,Mobile,26,546,6.4,15014.19,602.34,138,20,16.3,11.15,0,0,0,0,None,Non-fraud,Domestic,Day,Weekday,No Recent PIN Change
TXN0000459416,CUST00018908,2020-12-25,02:49:00,2,0,1,USA,Sydney,Travel,Bank Transfer,Mobile,50,827,1.8,10112.53,1549.03,149,16,52.8,31.5,0,0,0,0,None,Non-fraud,Domestic,Night,Weekday,No Recent PIN Change
TXN0000311963,CUST00062868,2022-10-30,14:50:00,14,1,0,USA,Berlin,Crypto Exchange,Credit Card,Desktop,61,832,6.3,25230.14,27.2,163,12,17.1,6.05,0,0,0,0,None,Non-fraud,Domestic,Day,Weekend,No Recent PIN Change
TXN0000652259,CUST00006781,2023-03-19,22:20:00,22,1,1,Mexico,Munich,Online Shopping,Debit Card,Tablet,43,647,0.9,93319.54,30.39,154,17,9.4,2.58,0,0,0,0,None,Non-fraud,Domestic,Night,Weekend,No Recent PIN Change
TXN0000203550,CUST00190772,2022-07-10,11:43:00,11,1,0,Brazil,Mumbai,Utilities,Debit Card,Mobile,52,487,2.1,7171.26,139.51,166,23,12.2,0.35,1,0,0,0,None,Non-fraud,International,Day,Weekend,No Recent PIN Change
TXN0000972477,CUST00129700,2021-10-19,11:04:00,11,0,0,USA,Rio,Travel,Debit Card,Desktop,49,681,3.6,4213.98,328.42,131,15,5.8,8.08,0,2,0,0,None,Non-fraud,Domestic,Day,Weekday,No Recent PIN Change
TXN0000138097,CUST00103035,2020-09-04,03:46:00,3,0,1,Japan,Mexico City,Fuel,Credit Card,POS Terminal,43,610,1.5,14492.07,110.6,156,20,4.2,20.75,0,0,0,0,None,Non-fraud,Domestic,Night,Weekday,No Recent PIN Change
TXN0000162636,CUST00153623,2021-01-12,13:27:00,13,0,0,USA,Berlin,Electronics,Crypto,Mobile,32,615,6.1,26364.66,441.52,155,27,10,38.99,1,3,0,0,None,Non-fraud,International,Day,Weekday,No Recent PIN Change
TXN0000201670,CUST00032162,2022-02-25,13:15:00,13,0,0,Canada,Paris,Crypto Exchange,Debit Card,Mobile,54,850,3.1,20164.04,37.32,140,18,9.1,14.53,0,0,0,0,None,Non-fraud,Domestic,Day,Weekday,No Recent PIN Change
TXN0000113684,CUST00045545,2022-12-04,13:24:00,13,1,0,France,Tokyo,Electronics,Debit Card,Desktop,48,660,12.8,9665.37,3501.7,151,16,13.8,11.89,0,5,0,0,None,Non-fraud,Domestic,Day,Weekend,No Recent PIN Change
TXN0000874251,CUST00085095,2022-10-23,07:01:00,7,1,0,USA,Manchester,ATM Withdrawal,Bank Transfer,Mobile,48,714,12.4,17955.76,33.16,152,24,0.5,1.61,1,0,0,0,None,Non-fraud,International,Day,Weekend,No Recent PIN Change
TXN0000239717,CUST00016113,2020-11-16,04:47:00,4,0,1,Brazil,Sydney,Online Shopping,Credit Card,Tablet,40,800,1.1,4237.03,78.04,175,21,14,42.12,0,0,0,0,None,Non-fraud,Domestic,Night,Weekday,No Recent PIN Change
TXN0000364450,CUST00139585,2020-01-20,13:53:00,13,0,0,Brazil,Toronto,Gaming,Bank Transfer,Desktop,50,696,16.4,16079.6,40.28,151,16,80.6,7.93,0,0,0,0,None,Non-fraud,Domestic,Day,Weekday,No Recent PIN Change
TXN0000587770,CUST00019748,2021-12-03,02:18:00,2,0,1,Japan,Melbourne,Clothing,Credit Card,Desktop,58,783,1.3,3949.01,210.01,132,22,15.7,25.83,0,0,1,0,None,Non-fraud,Domestic,Night,Weekday,Recent PIN Change
TXN0000296185,CUST00112668,2023-04-19,03:47:00,3,0,1,Brazil,Munich,Education,Debit Card,Mobile,48,784,3.8,38742.45,54.46,158,23,29.6,18.93,1,1,0,0,None,Non-fraud,International,Night,Weekday,No Recent PIN Change
TXN0000319878,CUST00124593,2021-03-21,01:45:00,1,1,1,USA,Vancouver,Entertainment,Debit Card,Mobile,52,664,3.5,2946.93,41.61,132,19,57.7,2.07,0,0,0,0,None,Non-fraud,Domestic,Night,Weekend,No Recent PIN Change
TXN0000143499,CUST00025845,2021-09-17,01:35:00,1,0,1,USA,Vancouver,Gaming,Debit Card,Mobile,52,648,1.1,2000.44,18.63,134,17,24.9,8.55,0,0,0,0,None,Non-fraud,Domestic,Night,Weekday,No Recent PIN Change
TXN0000927391,CUST00107071,2023-12-05,09:28:00,9,0,0,UK,Guadalajara,Healthcare,Debit Card,Tablet,51,531,1,5763.5,47.62,147,19,31.8,2.22,0,1,0,0,None,Non-fraud,Domestic,Day,Weekday,No Recent PIN Change
TXN0000960543,CUST00044757,2023-08-25,06:46:00,6,0,1,USA,Paris,Fuel,Debit Card,Tablet,44,646,0.8,5419.73,189.12,144,17,20.8,20.31,0,0,1,0,None,Non-fraud,Domestic,Night,Weekday,Recent PIN Change
TXN0000835002,CUST00022300,2023-02-14,00:36:00,0,0,1,Germany,Osaka,Travel,Crypto,Mobile,21,693,9.7,14781.25,84.99,156,14,4.7,43.13,0,0,1,0,None,Non-fraud,Domestic,Night,Weekday,Recent PIN Change
TXN0000127293,CUST00039119,2020-06-24,11:16:00,11,0,0,USA,Osaka,Online Shopping,Credit Card,Mobile,46,642,11.2,5881.64,15.95,154,21,7.7,7.86,0,2,0,0,None,Non-fraud,Domestic,Day,Weekday,No Recent PIN Change
TXN0000855596,CUST00065441,2020-11-22,08:39:00,8,1,0,Germany,Lyon,Gaming,Debit Card,ATM,44,725,1.1,15536.85,26.07,147,23,4.2,3.89,0,0,0,0,None,Non-fraud,Domestic,Day,Weekend,No Recent PIN Change
TXN0000968359,CUST00053589,2022-11-16,20:58:00,20,0,0,India,São Paulo,Electronics,Credit Card,Mobile,20,729,1.3,8544.87,864.68,167,20,11.5,21.79,0,0,0,0,None,Non-fraud,Domestic,Day,Weekday,No Recent PIN Change
TXN0000035404,CUST00172058,2020-06-25,06:43:00,6,0,1,USA,Toronto,Grocery,Mobile Payment,Mobile,41,630,30,15829.73,212.05,177,15,2.8,12.24,0,0,0,0,None,Non-fraud,Domestic,Night,Weekday,No Recent PIN Change
TXN0000115813,CUST00120851,2022-12-01,07:20:00,7,0,0,UK,Rio,Restaurant,Credit Card,Mobile,56,647,0.3,8769.75,51.08,148,18,8.9,45.13,0,1,0,0,None,Non-fraud,Domestic,Day,Weekday,No Recent PIN Change
TXN0000350228,CUST00175759,2020-11-14,06:49:00,6,1,1,Mexico,Lyon,Grocery,Credit Card,Desktop,23,628,2.3,27782.36,28.98,145,24,3.3,34.81,0,0,0,0,None,Non-fraud,Domestic,Night,Weekend,No Recent PIN Change
TXN0000803567,CUST00071517,2021-11-09,22:57:00,22,0,1,India,Manchester,Jewelry,Debit Card,Desktop,24,653,1.4,6859.36,2376.3,162,22,20.2,11.45,0,0,0,0,None,Non-fraud,Domestic,Night,Weekday,No Recent PIN Change
TXN0000521582,CUST00111520,2022-10-21,05:55:00,5,0,1,USA,Delhi,Healthcare,Credit Card,Tablet,41,667,2.4,16024.58,342.98,155,22,8.3,13.81,0,0,0,0,None,Non-fraud,Domestic,Night,Weekday,No Recent PIN Change
TXN0000041421,CUST00010182,2023-07-19,11:47:00,11,0,0,USA,Sydney,Fuel,Debit Card,POS Terminal,49,705,4.7,4733.47,86.74,148,15,8.9,5.46,0,0,0,0,None,Non-fraud,Domestic,Day,Weekday,No Recent PIN Change
TXN0000741583,CUST00111657,2024-06-04,00:47:00,0,0,1,USA,Melbourne,Entertainment,Credit Card,POS Terminal,41,682,1.7,1717.36,31.63,165,23,6.1,4.12,0,0,0,0,None,Non-fraud,Domestic,Night,Weekday,No Recent PIN Change
TXN0000726121,CUST00197064,2022-08-17,05:36:00,5,0,1,USA,Mumbai,Education,Credit Card,Mobile,33,554,1.6,6083.79,210.76,149,20,6.8,3.23,0,0,0,0,None,Non-fraud,Domestic,Night,Weekday,No Recent PIN Change
TXN0000031171,CUST00111490,2024-09-24,14:36:00,14,0,0,Australia,Munich,Electronics,Credit Card,Tablet,37,786,5.7,11726.3,176.81,168,19,6.8,10.52,0,0,1,0,None,Non-fraud,Domestic,Day,Weekday,Recent PIN Change
TXN0000763466,CUST00074232,2023-10-20,17:06:00,17,0,0,Germany,London,Online Shopping,Cheque,Mobile,24,511,0.8,35051.71,318.8,163,17,57.5,3.35,0,0,0,0,None,Non-fraud,Domestic,Day,Weekday,No Recent PIN Change
TXN0000513820,CUST00027578,2023-05-04,12:55:00,12,0,0,USA,Vancouver,Jewelry,Mobile Payment,ATM,32,587,4.1,16394.79,130.9,148,24,3.2,14.47,0,3,0,0,None,Non-fraud,Domestic,Day,Weekday,No Recent PIN Change
TXN0000198954,CUST00007502,2022-05-13,23:17:00,23,0,1,USA,Rio,Jewelry,Debit Card,Tablet,39,713,4,24177.41,499.45,152,18,8.3,4.45,0,0,0,0,None,Non-fraud,Domestic,Night,Weekday,No Recent PIN Change
TXN0000754930,CUST00148995,2020-10-27,03:20:00,3,0,1,Canada,Los Angeles,Utilities,Debit Card,Mobile,50,714,1.8,632.96,590.78,141,12,49.5,2.58,0,1,0,0,None,Non-fraud,Domestic,Night,Weekday,No Recent PIN Change
TXN0000893674,CUST00162951,2020-02-29,05:31:00,5,1,1,UK,Lyon,Online Shopping,Credit Card,Mobile,28,744,7.8,5223.73,97.16,158,19,14.6,1.42,0,1,0,0,None,Non-fraud,Domestic,Night,Weekend,No Recent PIN Change
TXN0000816565,CUST00040439,2020-12-08,06:18:00,6,0,1,USA,Toronto,Travel,Credit Card,ATM,47,594,4.1,16250.07,414.17,154,17,61.8,1.06,0,0,0,0,None,Non-fraud,Domestic,Night,Weekday,No Recent PIN Change
TXN0000312018,CUST00132264,2020-10-23,09:15:00,9,0,0,Germany,Tokyo,ATM Withdrawal,Credit Card,POS Terminal,51,502,0.9,3679.14,105.86,143,19,3.1,10.73,0,0,0,0,None,Non-fraud,Domestic,Day,Weekday,No Recent PIN Change
TXN0000361193,CUST00191308,2022-09-03,17:18:00,17,1,0,Germany,Munich,Online Shopping,Debit Card,POS Terminal,47,627,1.9,21345.72,29.12,196,18,28.3,6.1,0,0,0,0,None,Non-fraud,Domestic,Day,Weekend,No Recent PIN Change
TXN0000021901,CUST00168572,2021-12-06,14:08:00,14,0,0,India,Lyon,Entertainment,Credit Card,Tablet,26,591,9.1,9975.14,28.5,160,18,45.8,28.38,0,0,0,0,None,Non-fraud,Domestic,Day,Weekday,No Recent PIN Change
TXN0000923698,CUST00089450,2021-09-19,20:37:00,20,1,0,Canada,Delhi,Travel,Bank Transfer,Desktop,66,675,0.8,58159.44,390.92,130,19,31.8,2.03,0,0,0,0,None,Non-fraud,Domestic,Day,Weekend,No Recent PIN Change
TXN0000609088,CUST00084826,2023-08-15,23:34:00,23,0,1,India,Munich,Travel,Credit Card,Mobile,31,670,2,19304.68,77.28,148,17,12.1,16.69,0,0,0,0,None,Non-fraud,Domestic,Night,Weekday,No Recent PIN Change
TXN0000310696,CUST00153197,2020-06-27,21:13:00,21,1,0,India,Rio,Clothing,Credit Card,Mobile,45,582,5.1,2013.09,72.17,159,19,22.4,6.16,0,0,0,0,None,Non-fraud,Domestic,Day,Weekend,No Recent PIN Change
TXN0000278346,CUST00194925,2021-04-23,00:45:00,0,0,1,Australia,Paris,Education,Credit Card,Mobile,25,693,4.3,3842.08,55.53,152,22,27,8.21,0,0,0,0,None,Non-fraud,Domestic,Night,Weekday,No Recent PIN Change
TXN0000501890,CUST00133471,2024-04-23,08:38:00,8,0,0,USA,Los Angeles,Crypto Exchange,Crypto,Tablet,39,747,8.5,3711.6,47.63,160,20,2.9,6.02,0,0,0,0,None,Non-fraud,Domestic,Day,Weekday,No Recent PIN Change
TXN0000922380,CUST00056658,2021-12-24,02:26:00,2,0,1,Germany,Paris,Education,Mobile Payment,ATM,49,721,3.9,32664.02,8.78,145,20,11.2,12.9,0,0,0,0,None,Non-fraud,Domestic,Night,Weekday,No Recent PIN Change
TXN0000961055,CUST00000073,2024-11-10,18:14:00,18,1,0,USA,Mumbai,Jewelry,Credit Card,Tablet,25,586,0.1,36550.15,105.26,156,27,1.7,28.36,0,1,0,0,None,Non-fraud,Domestic,Day,Weekend,No Recent PIN Change
TXN0000212944,CUST00082138,2023-03-02,01:03:00,1,0,1,Germany,Osaka,Electronics,Debit Card,Tablet,51,736,1,3238.55,336.69,153,29,7.2,0.7,0,0,0,0,None,Non-fraud,Domestic,Night,Weekday,No Recent PIN Change
TXN0000733995,CUST00093800,2024-10-01,14:20:00,14,0,0,Australia,Tokyo,Crypto Exchange,Debit Card,Mobile,37,768,10.9,10114.72,24.59,161,15,6.3,5.85,1,0,0,0,None,Non-fraud,International,Day,Weekday,No Recent PIN Change
TXN0000786413,CUST00168961,2023-12-07,15:21:00,15,0,0,USA,Manchester,Healthcare,Debit Card,Mobile,34,741,23.5,26265.23,151.37,130,15,12.4,4.02,0,0,0,0,None,Non-fraud,Domestic,Day,Weekday,No Recent PIN Change
TXN0000273062,CUST00184280,2024-10-17,07:10:00,7,0,0,Germany,Osaka,Healthcare,Credit Card,Mobile,49,689,17.1,13545.98,16.96,154,24,1.2,8.36,0,0,0,0,None,Non-fraud,Domestic,Day,Weekday,No Recent PIN Change
TXN0000672436,CUST00169393,2022-09-04,10:01:00,10,1,0,USA,Mexico City,Grocery,Bank Transfer,Mobile,19,732,1.1,7946.24,136.3,166,14,16.4,8.36,0,0,0,0,None,Non-fraud,Domestic,Day,Weekend,No Recent PIN Change
TXN0000753881,CUST00103718,2023-05-13,17:13:00,17,1,0,Japan,Toronto,Crypto Exchange,Bank Transfer,Desktop,31,670,4,11875.46,29.54,152,18,1.7,20.68,0,0,0,0,None,Non-fraud,Domestic,Day,Weekend,No Recent PIN Change
TXN0000709295,CUST00180025,2022-12-02,05:17:00,5,0,1,USA,São Paulo,Jewelry,Debit Card,Tablet,44,761,9.7,13756.84,5121.91,147,22,5.9,8.08,0,0,0,0,None,Non-fraud,Domestic,Night,Weekday,No Recent PIN Change
TXN0000338850,CUST00167367,2022-05-01,02:25:00,2,1,1,Australia,London,Gaming,Bank Transfer,POS Terminal,48,609,5.7,5540.3,32.84,146,19,7.6,25.1,0,0,0,0,None,Non-fraud,Domestic,Night,Weekend,No Recent PIN Change
TXN0000195302,CUST00063012,2023-05-13,16:14:00,16,1,0,Japan,Munich,Gaming,Debit Card,Desktop,29,788,2.3,3622.39,75.23,157,19,0.8,6.27,0,0,0,0,None,Non-fraud,Domestic,Day,Weekend,No Recent PIN Change
TXN0000025637,CUST00048485,2020-09-14,04:27:00,4,0,1,Germany,Sydney,Utilities,Bank Transfer,Tablet,34,791,0.8,6587.83,155.11,130,27,16.2,3.85,0,0,0,0,None,Non-fraud,Domestic,Night,Weekday,No Recent PIN Change
TXN0000828099,CUST00125533,2024-11-15,11:09:00,11,0,0,USA,Melbourne,ATM Withdrawal,Bank Transfer,Mobile,52,668,18.5,11210.87,16.71,160,30,31.7,4.08,0,0,1,0,None,Non-fraud,Domestic,Day,Weekday,Recent PIN Change
TXN0000148180,CUST00133424,2024-09-02,21:43:00,21,0,0,USA,Vancouver,Education,Credit Card,Mobile,42,617,1.2,9056.39,125.13,138,21,44.9,17.02,0,0,0,0,None,Non-fraud,Domestic,Day,Weekday,No Recent PIN Change
TXN0000232081,CUST00104273,2022-03-26,00:13:00,0,1,1,India,Sydney,Entertainment,Mobile Payment,Mobile,39,705,11.1,3585.48,32.62,152,21,0.9,4.57,0,0,0,0,None,Non-fraud,Domestic,Night,Weekend,No Recent PIN Change
TXN0000634304,CUST00134637,2023-08-06,21:57:00,21,1,0,USA,Munich,Electronics,Crypto,POS Terminal,42,850,2.2,5166.24,148.75,166,19,9.5,11.32,0,0,0,0,None,Non-fraud,Domestic,Day,Weekend,No Recent PIN Change
TXN0000224983,CUST00129449,2020-10-21,05:57:00,5,0,1,UK,Osaka,Entertainment,Debit Card,Tablet,48,644,12.8,12068.11,64.84,142,31,2.7,48.29,0,0,0,0,None,Non-fraud,Domestic,Night,Weekday,No Recent PIN Change
TXN0000054468,CUST00016675,2020-11-17,06:29:00,6,0,1,USA,Sydney,Gaming,Credit Card,ATM,32,623,0.3,61267.38,51.91,131,7,2.4,3.53,0,0,0,0,None,Non-fraud,Domestic,Night,Weekday,No Recent PIN Change
TXN0000859762,CUST00152271,2020-01-15,18:07:00,18,0,0,Canada,London,Travel,Debit Card,Mobile,40,599,21.4,19939.14,565.29,166,16,36.2,13.02,0,0,0,0,None,Non-fraud,Domestic,Day,Weekday,No Recent PIN Change
TXN0000319105,CUST00149780,2020-06-06,12:07:00,12,1,0,France,Mumbai,Crypto Exchange,Bank Transfer,Mobile,51,713,1,3732,49.53,135,20,28.4,1.8,0,0,0,0,None,Non-fraud,Domestic,Day,Weekend,No Recent PIN Change
TXN0000068761,CUST00141539,2021-07-22,07:44:00,7,0,0,France,Mexico City,Entertainment,Bank Transfer,POS Terminal,45,724,0.8,11744.76,10.82,156,20,35.1,11.59,0,0,0,0,None,Non-fraud,Domestic,Day,Weekday,No Recent PIN Change
TXN0000606034,CUST00067231,2021-01-28,23:27:00,23,0,1,USA,Vancouver,Fuel,Debit Card,ATM,18,637,0.2,7250.89,19.64,154,27,6.8,9.52,1,0,0,0,None,Non-fraud,International,Night,Weekday,No Recent PIN Change
TXN0000316010,CUST00186315,2024-03-08,23:42:00,23,0,1,USA,Guadalajara,Gaming,Mobile Payment,Tablet,33,577,0.1,9419.5,5.79,157,14,49.9,6.03,1,0,0,0,None,Non-fraud,International,Night,Weekday,No Recent PIN Change
TXN0000612254,CUST00039981,2022-05-10,04:43:00,4,0,1,India,Lyon,Education,Credit Card,Tablet,35,837,1.2,24350.31,301.5,149,22,30.9,1.77,0,0,0,0,None,Non-fraud,Domestic,Night,Weekday,No Recent PIN Change
TXN0000383972,CUST00002080,2023-09-16,09:13:00,9,1,0,Mexico,Guadalajara,Jewelry,Cheque,Mobile,57,604,6.4,523.64,1396.6,175,20,2,0.46,0,0,0,0,None,Non-fraud,Domestic,Day,Weekend,No Recent PIN Change
TXN0000990202,CUST00060929,2021-09-12,08:26:00,8,1,0,India,Lyon,Fuel,Credit Card,POS Terminal,30,606,13.3,1085.55,41.49,137,25,18,27.83,0,0,0,0,None,Non-fraud,Domestic,Day,Weekend,No Recent PIN Change
TXN0000615513,CUST00166147,2020-11-01,21:35:00,21,1,0,USA,Melbourne,Clothing,Debit Card,ATM,35,550,9.5,2806.13,596.01,178,20,2.6,10.6,0,0,0,0,None,Non-fraud,Domestic,Day,Weekend,No Recent PIN Change
TXN0000176803,CUST00161260,2021-11-30,10:11:00,10,0,0,UK,Manchester,Healthcare,Cheque,ATM,25,709,2.7,18143.58,53,138,13,28,9.48,0,0,0,0,None,Non-fraud,Domestic,Day,Weekday,No Recent PIN Change
TXN0000397259,CUST00151632,2021-06-02,03:54:00,3,0,1,Mexico,New York,Grocery,Debit Card,Mobile,54,637,10.5,5179.29,32.87,160,28,11.3,9.82,1,0,0,0,None,Non-fraud,International,Night,Weekday,No Recent PIN Change
TXN0000042613,CUST00072586,2023-11-27,19:22:00,19,0,0,USA,Mumbai,Grocery,Debit Card,Mobile,48,660,10.5,6855.08,202.67,158,26,30.1,7.76,0,0,0,0,None,Non-fraud,Domestic,Day,Weekday,No Recent PIN Change
TXN0000802353,CUST00128051,2024-07-15,10:13:00,10,0,0,USA,London,Travel,Bank Transfer,Desktop,47,636,6.6,30883.55,957.89,148,18,13.5,8.35,0,0,0,0,None,Non-fraud,Domestic,Day,Weekday,No Recent PIN Change
TXN0000876145,CUST00141948,2023-01-09,22:33:00,22,0,1,UK,Melbourne,Travel,Credit Card,Desktop,20,686,3.1,5119.92,81.35,147,14,20.2,15.44,0,1,0,0,None,Non-fraud,Domestic,Night,Weekday,No Recent PIN Change
TXN0000283010,CUST00006087,2020-04-04,19:46:00,19,1,0,Japan,New York,Online Shopping,Crypto,Desktop,49,748,1,22989.79,79.36,161,21,28.5,16.35,0,0,0,0,None,Non-fraud,Domestic,Day,Weekend,No Recent PIN Change
TXN0000047682,CUST00184216,2023-01-22,22:51:00,22,1,1,USA,Mexico City,Education,Debit Card,POS Terminal,42,719,3.1,69514.37,34.22,163,13,16.2,2.82,0,0,0,0,None,Non-fraud,Domestic,Night,Weekend,No Recent PIN Change
TXN0000981353,CUST00123580,2024-01-24,13:47:00,13,0,0,Mexico,Sydney,Jewelry,Credit Card,Tablet,56,612,5.7,9534.62,38.61,146,26,14.6,3.32,0,0,0,0,None,Non-fraud,Domestic,Day,Weekday,No Recent PIN Change
TXN0000380566,CUST00087319,2022-02-07,22:27:00,22,0,1,Australia,Guadalajara,Utilities,Credit Card,ATM,30,661,7.6,6543.06,23.74,141,19,0.7,0.83,1,0,0,0,None,Non-fraud,International,Night,Weekday,No Recent PIN Change
TXN0000034631,CUST00149418,2022-11-14,04:50:00,4,0,1,India,Toronto,Clothing,Bank Transfer,ATM,26,691,1.3,5411.1,173.45,134,14,10.1,2.25,0,2,0,0,None,Non-fraud,Domestic,Night,Weekday,No Recent PIN Change
TXN0000026236,CUST00022850,2021-05-13,09:02:00,9,0,0,UK,Mexico City,Clothing,Debit Card,Desktop,67,763,3.2,1768.2,24.39,145,17,28.9,23.2,0,0,0,0,None,Non-fraud,Domestic,Day,Weekday,No Recent PIN Change
TXN0000351910,CUST00145116,2021-10-29,04:39:00,4,0,1,Canada,Paris,Entertainment,Crypto,Mobile,23,623,11.2,3050.64,32.99,130,15,11,0.52,0,0,0,0,None,Non-fraud,Domestic,Night,Weekday,No Recent PIN Change
TXN0000691118,CUST00093916,2024-11-07,08:32:00,8,0,0,Mexico,Guadalajara,Fuel,Credit Card,ATM,46,692,1.4,23991.47,158.4,138,12,18.6,6.29,0,0,0,0,None,Non-fraud,Domestic,Day,Weekday,No Recent PIN Change
TXN0000141257,CUST00147020,2020-10-10,16:16:00,16,1,0,Brazil,Mexico City,Education,Credit Card,Tablet,38,575,2.6,13945.04,11.89,164,14,19.8,3.47,0,0,0,0,None,Non-fraud,Domestic,Day,Weekend,No Recent PIN Change
TXN0000472146,CUST00123571,2020-06-06,17:03:00,17,1,0,Germany,Mumbai,Travel,Credit Card,Mobile,65,681,1.9,22476.45,523.62,145,18,6.4,11.9,0,1,0,0,None,Non-fraud,Domestic,Day,Weekend,No Recent PIN Change
TXN0000399143,CUST00122990,2022-03-10,09:52:00,9,0,0,Australia,New York,ATM Withdrawal,Credit Card,Mobile,73,518,3.4,16752.35,71.74,154,17,6.4,18.06,0,0,0,0,None,Non-fraud,Domestic,Day,Weekday,No Recent PIN Change
TXN0000436193,CUST00036636,2022-03-04,11:25:00,11,0,0,Japan,Mumbai,Gaming,Debit Card,Desktop,49,712,0.1,23390.66,16.94,148,19,7.3,3.32,0,0,0,0,None,Non-fraud,Domestic,Day,Weekday,No Recent PIN Change
TXN0000184959,CUST00045390,2024-11-09,18:54:00,18,1,0,France,São Paulo,ATM Withdrawal,Credit Card,Desktop,47,575,2.2,18010.45,27.31,145,18,0,2.53,1,0,0,0,None,Non-fraud,International,Day,Weekend,No Recent PIN Change
TXN0000404833,CUST00057879,2021-12-05,10:55:00,10,1,0,USA,Tokyo,Gaming,Credit Card,Mobile,50,558,9.7,32429.44,18.82,137,19,93.2,0.98,1,3,0,0,None,Non-fraud,International,Day,Weekend,No Recent PIN Change
TXN0000392280,CUST00150662,2020-03-29,00:11:00,0,1,1,France,Delhi,Fuel,Credit Card,Mobile,19,829,3.1,5305.65,83.07,147,16,0.9,21.14,0,0,0,0,None,Non-fraud,Domestic,Night,Weekend,No Recent PIN Change
TXN0000225824,CUST00128473,2022-06-02,17:19:00,17,0,0,Japan,Mumbai,Jewelry,Debit Card,Tablet,54,657,10.5,3266.54,473.01,138,18,0.4,17.12,1,0,0,0,None,Non-fraud,International,Day,Weekday,No Recent PIN Change
TXN0000053004,CUST00049022,2020-05-25,10:34:00,10,0,0,India,São Paulo,Electronics,Debit Card,Mobile,48,703,2.5,10309.96,798.28,153,20,5,4.41,1,0,0,0,None,Non-fraud,International,Day,Weekday,No Recent PIN Change
TXN0000365364,CUST00195581,2022-06-18,05:35:00,5,1,1,Canada,Manchester,Utilities,Debit Card,Desktop,43,723,0.9,8213.94,129.7,156,12,52.8,0.19,1,0,0,0,None,Non-fraud,International,Night,Weekend,No Recent PIN Change
TXN0000449074,CUST00172698,2023-07-22,03:05:00,3,1,1,India,Tokyo,Crypto Exchange,Mobile Payment,Desktop,75,681,19.1,2568.37,19.3,164,18,5.5,5.44,0,0,0,0,None,Non-fraud,Domestic,Night,Weekend,No Recent PIN Change
TXN0000747547,CUST00027014,2024-12-06,15:05:00,15,0,0,India,Melbourne,Restaurant,Crypto,Desktop,60,714,4.1,2259.49,17.6,148,22,18.1,13.55,0,0,0,0,None,Non-fraud,Domestic,Day,Weekday,No Recent PIN Change
TXN0000426931,CUST00020396,2024-04-29,08:26:00,8,0,0,Mexico,Osaka,Restaurant,Credit Card,POS Terminal,29,669,1.3,15484.53,53.25,151,16,9.5,9.2,0,1,0,0,None,Non-fraud,Domestic,Day,Weekday,No Recent PIN Change
TXN0000710776,CUST00192158,2020-07-04,23:23:00,23,1,1,UK,Berlin,Gaming,Mobile Payment,Desktop,39,691,7.6,4990.42,7.32,150,23,37.1,5.83,0,0,0,0,None,Non-fraud,Domestic,Night,Weekend,No Recent PIN Change
TXN0000014765,CUST00138692,2024-07-16,14:25:00,14,0,0,Canada,Tokyo,Jewelry,Debit Card,Mobile,46,649,6.4,4146.7,259.45,146,30,16.3,7.88,0,0,0,0,None,Non-fraud,Domestic,Day,Weekday,No Recent PIN Change
TXN0000510574,CUST00149798,2023-10-16,10:14:00,10,0,0,USA,Vancouver,Restaurant,Debit Card,Mobile,29,768,3.3,39317.28,24.87,168,16,38.9,5.41,0,0,0,0,None,Non-fraud,Domestic,Day,Weekday,No Recent PIN Change
TXN0000766213,CUST00145614,2020-07-28,20:39:00,20,0,0,USA,Mumbai,Crypto Exchange,Cheque,Mobile,40,782,8.5,12895.88,64.22,131,17,4.7,26.96,0,0,0,0,None,Non-fraud,Domestic,Day,Weekday,No Recent PIN Change
TXN0000941281,CUST00172597,2024-07-05,21:58:00,21,0,0,Japan,Osaka,Clothing,Debit Card,Mobile,24,671,1,13703.02,14.22,155,17,32.4,3.65,0,0,0,0,None,Non-fraud,Domestic,Day,Weekday,No Recent PIN Change
TXN0000477112,CUST00084938,2024-06-22,06:04:00,6,1,1,Canada,Sydney,Jewelry,Debit Card,Desktop,50,636,9,7749.83,1780.97,136,24,12.8,2.73,1,0,0,0,None,Non-fraud,International,Night,Weekend,No Recent PIN Change
TXN0000037620,CUST00070413,2023-05-18,00:16:00,0,0,1,Australia,Los Angeles,Education,Bank Transfer,ATM,22,628,3.7,2069.17,42.87,139,20,17.3,8.57,0,0,0,0,None,Non-fraud,Domestic,Night,Weekday,No Recent PIN Change
TXN0000507926,CUST00101584,2021-01-22,16:04:00,16,0,0,India,Guadalajara,Utilities,Mobile Payment,ATM,48,801,2.4,4457.21,33.2,131,17,0.4,8.25,1,0,0,0,None,Non-fraud,International,Day,Weekday,No Recent PIN Change
TXN0000568110,CUST00175422,2022-01-12,23:53:00,23,0,1,India,Paris,Gaming,Credit Card,Mobile,74,834,6.7,2946.49,47.48,152,23,1.1,32.66,0,0,0,0,None,Non-fraud,Domestic,Night,Weekday,No Recent PIN Change
TXN0000725647,CUST00109585,2023-10-19,21:30:00,21,0,0,Japan,Berlin,Education,Debit Card,Tablet,32,787,5.2,9432.82,75.35,142,20,27.1,6.91,0,0,0,0,None,Non-fraud,Domestic,Day,Weekday,No Recent PIN Change
TXN0000014245,CUST00025010,2024-09-27,06:20:00,6,0,1,USA,Munich,Entertainment,Cheque,Mobile,42,548,1.6,1118.87,16.39,146,15,6.9,10.8,0,0,0,0,None,Non-fraud,Domestic,Night,Weekday,No Recent PIN Change
TXN0000009584,CUST00080309,2020-09-16,00:40:00,0,0,1,India,Munich,Crypto Exchange,Debit Card,ATM,39,691,2.5,28108.74,10.17,155,27,15.3,4.28,1,0,0,0,None,Non-fraud,International,Night,Weekday,No Recent PIN Change
TXN0000100680,CUST00080434,2023-06-23,16:45:00,16,0,0,Brazil,Los Angeles,ATM Withdrawal,Credit Card,Mobile,42,780,11.6,16544.03,89.34,148,19,3.8,5.61,1,0,0,0,None,Non-fraud,International,Day,Weekday,No Recent PIN Change
TXN0000641857,CUST00047969,2022-10-03,11:10:00,11,0,0,USA,Toronto,Clothing,Credit Card,Desktop,51,580,0.9,5802.72,274.82,154,14,11.2,5.34,0,0,0,0,None,Non-fraud,Domestic,Day,Weekday,No Recent PIN Change
TXN0000150130,CUST00083627,2022-01-04,05:23:00,5,0,1,Germany,Lyon,Restaurant,Debit Card,Mobile,53,818,2.2,134902.92,84.69,161,19,6.4,13.83,1,0,0,0,None,Non-fraud,International,Night,Weekday,No Recent PIN Change
TXN0000635283,CUST00178315,2024-07-10,02:58:00,2,0,1,Mexico,São Paulo,Crypto Exchange,Bank Transfer,Desktop,55,637,14.8,20441.59,22.18,136,16,20.3,9.82,0,0,0,0,None,Non-fraud,Domestic,Night,Weekday,No Recent PIN Change
TXN0000894505,CUST00076378,2020-10-29,16:29:00,16,0,0,USA,Paris,Jewelry,Credit Card,Mobile,36,536,2,1698.61,669.24,123,19,12.9,24.97,0,0,0,0,None,Non-fraud,Domestic,Day,Weekday,No Recent PIN Change
TXN0000398959,CUST00167356,2021-04-18,10:04:00,10,1,0,USA,New York,Crypto Exchange,Debit Card,Desktop,49,647,0.7,2661.88,80.14,149,15,20.4,23.4,0,0,0,0,None,Non-fraud,Domestic,Day,Weekend,No Recent PIN Change
TXN0000010036,CUST00173440,2023-10-14,07:25:00,7,1,0,USA,Vancouver,Travel,Bank Transfer,Desktop,37,608,12.7,8393.14,73.39,167,13,42.6,1.85,1,0,0,0,None,Non-fraud,International,Day,Weekend,No Recent PIN Change
TXN0000035695,CUST00031246,2022-02-14,10:12:00,10,0,0,Australia,London,Fuel,Credit Card,ATM,37,621,0.2,5599.52,37.33,170,20,0.8,9.29,0,0,0,0,None,Non-fraud,Domestic,Day,Weekday,No Recent PIN Change
TXN0000667221,CUST00056644,2022-10-19,09:30:00,9,0,0,USA,Osaka,Jewelry,Credit Card,Desktop,52,850,2.4,1421.6,216.65,166,20,24.1,47.52,0,0,0,0,None,Non-fraud,Domestic,Day,Weekday,No Recent PIN Change
TXN0000697677,CUST00121007,2023-10-06,05:20:00,5,0,1,USA,London,Online Shopping,Credit Card,ATM,47,739,1.3,25232.8,15.33,137,14,24.9,17.7,0,0,0,0,None,Non-fraud,Domestic,Night,Weekday,No Recent PIN Change
TXN0000084788,CUST00131770,2020-08-21,05:41:00,5,0,1,USA,Mexico City,Electronics,Debit Card,Desktop,58,546,6.1,513.77,766.71,150,32,71.9,11.58,0,0,0,0,None,Non-fraud,Domestic,Night,Weekday,No Recent PIN Change
TXN0000573603,CUST00134588,2024-08-20,06:15:00,6,0,1,USA,Rio,Clothing,Debit Card,Mobile,51,662,14,2349.07,157.7,150,30,28.9,1.69,1,1,0,0,None,Non-fraud,International,Night,Weekday,No Recent PIN Change
TXN0000944030,CUST00037600,2020-11-05,02:26:00,2,0,1,Mexico,Rio,Restaurant,Mobile Payment,Mobile,59,572,0.7,37294.85,44.04,152,16,10.3,4.45,0,0,0,0,None,Non-fraud,Domestic,Night,Weekday,No Recent PIN Change
TXN0000984467,CUST00081847,2022-11-15,08:28:00,8,0,0,Australia,Lyon,Gaming,Bank Transfer,Mobile,53,719,3.1,9638.45,16.07,161,16,18.6,44.43,0,0,0,0,None,Non-fraud,Domestic,Day,Weekday,No Recent PIN Change
TXN0000987993,CUST00067671,2024-02-08,09:54:00,9,0,0,Brazil,São Paulo,Gaming,Debit Card,Desktop,54,740,0.8,7482.32,90.72,156,23,9,9.45,0,1,0,0,None,Non-fraud,Domestic,Day,Weekday,No Recent PIN Change
TXN0000208247,CUST00114013,2023-05-14,21:24:00,21,1,0,UK,Los Angeles,Clothing,Credit Card,Mobile,60,613,1.3,21785.2,70.09,141,20,18.8,25.39,0,5,0,0,None,Non-fraud,Domestic,Day,Weekend,No Recent PIN Change
TXN0000516010,CUST00109882,2023-02-05,17:21:00,17,1,0,USA,Guadalajara,Utilities,Bank Transfer,POS Terminal,29,623,3.4,15309.86,65.87,181,21,6.2,22.87,0,0,0,0,None,Non-fraud,Domestic,Day,Weekend,No Recent PIN Change
TXN0000568700,CUST00144660,2023-11-12,17:05:00,17,1,0,Canada,Sydney,Fuel,Bank Transfer,Mobile,49,592,2.4,11622.81,81.99,150,19,5.4,16.38,1,4,0,0,None,Non-fraud,International,Day,Weekend,No Recent PIN Change
TXN0000641828,CUST00043327,2024-04-12,20:02:00,20,0,0,India,Vancouver,Fuel,Debit Card,Mobile,52,653,4.4,2205.9,24.55,144,22,11.5,1.69,0,0,0,0,None,Non-fraud,Domestic,Day,Weekday,No Recent PIN Change
TXN0000247965,CUST00135007,2020-05-16,16:50:00,16,1,0,Australia,London,Electronics,Credit Card,Desktop,64,688,5.4,7690.12,432.91,149,16,70.9,4.25,0,3,0,0,None,Non-fraud,Domestic,Day,Weekend,No Recent PIN Change
TXN0000397356,CUST00125034,2023-10-15,09:50:00,9,1,0,India,Melbourne,Entertainment,Debit Card,Mobile,51,702,9.9,2375.74,142.15,151,25,10.8,10.32,0,0,0,0,None,Non-fraud,Domestic,Day,Weekend,No Recent PIN Change
TXN0000709269,CUST00107996,2022-02-21,13:47:00,13,0,0,USA,New York,Entertainment,Debit Card,Mobile,42,545,14.2,22599.57,49.87,157,21,30,0.77,1,0,0,0,None,Non-fraud,International,Day,Weekday,No Recent PIN Change
TXN0000482192,CUST00099436,2022-09-01,18:51:00,18,0,0,USA,Mumbai,Electronics,Credit Card,Mobile,62,708,2.2,7004.62,246.42,158,20,5.2,14.3,1,0,0,0,None,Non-fraud,International,Day,Weekday,No Recent PIN Change
TXN0000745448,CUST00028532,2021-11-09,18:08:00,18,0,0,Brazil,Vancouver,Grocery,Debit Card,ATM,22,712,1.1,1724.61,72.57,172,19,8.1,5.39,0,0,0,0,None,Non-fraud,Domestic,Day,Weekday,No Recent PIN Change
TXN0000081517,CUST00136215,2020-08-09,01:00:00,1,1,1,UK,Delhi,Utilities,Debit Card,Mobile,41,664,0.8,101333.14,86.33,145,19,50.9,6.91,0,0,0,0,None,Non-fraud,Domestic,Night,Weekend,No Recent PIN Change
TXN0000409689,CUST00156353,2023-07-04,23:08:00,23,0,1,USA,Lyon,Fuel,Mobile Payment,Tablet,40,548,1.3,10249.22,41.24,152,20,11.8,35.81,1,0,0,0,None,Non-fraud,International,Night,Weekday,No Recent PIN Change
TXN0000360615,CUST00167977,2021-09-23,02:44:00,2,0,1,India,Mumbai,Entertainment,Bank Transfer,Tablet,28,777,0.5,13370.06,41.84,155,15,1.6,24.08,0,0,0,0,None,Non-fraud,Domestic,Night,Weekday,No Recent PIN Change
TXN0000310511,CUST00111425,2022-03-17,08:53:00,8,0,0,USA,Delhi,Jewelry,Mobile Payment,Mobile,24,705,1.1,1943.33,413.69,132,17,5.7,30.93,0,0,0,0,None,Non-fraud,Domestic,Day,Weekday,No Recent PIN Change
TXN0000284006,CUST00034063,2020-12-20,16:43:00,16,1,0,UK,Manchester,Clothing,Credit Card,ATM,33,665,7,41391.18,52.5,161,13,4.9,6.22,0,0,0,0,None,Non-fraud,Domestic,Day,Weekend,No Recent PIN Change
TXN0000913184,CUST00139224,2024-06-24,08:38:00,8,0,0,USA,Lyon,Travel,Cheque,Mobile,51,521,8.2,11363,293.05,169,16,27.4,8.47,0,0,0,0,None,Non-fraud,Domestic,Day,Weekday,No Recent PIN Change
TXN0000494464,CUST00065213,2022-12-24,17:35:00,17,1,0,India,Sydney,Healthcare,Credit Card,ATM,67,788,6.5,5432.65,216.48,144,14,44.7,10.72,0,0,0,0,None,Non-fraud,Domestic,Day,Weekend,No Recent PIN Change
TXN0000678846,CUST00068607,2024-11-28,08:08:00,8,0,0,Japan,London,ATM Withdrawal,Cheque,Tablet,55,745,0.4,847.14,78.54,151,18,29.4,13.47,0,0,0,0,None,Non-fraud,Domestic,Day,Weekday,No Recent PIN Change
TXN0000948493,CUST00099422,2024-08-21,05:23:00,5,0,1,Mexico,New York,Healthcare,Mobile Payment,Desktop,35,625,7.1,1108.98,74.26,143,19,28.6,4.64,1,0,0,0,None,Non-fraud,International,Night,Weekday,No Recent PIN Change
TXN0000891576,CUST00189377,2020-12-25,10:51:00,10,0,0,Australia,Sydney,Grocery,Debit Card,Mobile,27,681,2.9,24935.02,31.18,139,21,45,0.74,0,0,0,0,None,Non-fraud,Domestic,Day,Weekday,No Recent PIN Change
TXN0000196649,CUST00162504,2022-01-19,22:30:00,22,0,1,USA,São Paulo,ATM Withdrawal,Crypto,Desktop,57,775,1.3,4772.84,109.34,147,30,5.1,19.96,0,0,0,0,None,Non-fraud,Domestic,Night,Weekday,No Recent PIN Change
TXN0000000716,CUST00042919,2022-10-26,00:15:00,0,0,1,Mexico,Manchester,Utilities,Credit Card,Tablet,25,687,0.9,18976.09,44.98,174,20,5.3,19.6,0,0,0,0,None,Non-fraud,Domestic,Night,Weekday,No Recent PIN Change
TXN0000989908,CUST00081287,2023-01-11,14:13:00,14,0,0,Mexico,New York,Gaming,Bank Transfer,POS Terminal,39,547,10.6,3696.5,66.41,143,20,11,18.94,0,0,1,0,None,Non-fraud,Domestic,Day,Weekday,Recent PIN Change
TXN0000342154,CUST00024569,2021-03-02,20:56:00,20,0,0,UK,Lyon,Fuel,Debit Card,Desktop,22,656,2.7,25944.65,59.64,132,16,20.3,28.39,0,0,0,0,None,Non-fraud,Domestic,Day,Weekday,No Recent PIN Change
TXN0000479570,CUST00179725,2021-02-20,09:34:00,9,1,0,Germany,Lyon,ATM Withdrawal,Credit Card,Desktop,70,668,0.9,10459.1,9.18,146,12,2.1,6.75,0,2,0,0,None,Non-fraud,Domestic,Day,Weekend,No Recent PIN Change
TXN0000027772,CUST00076001,2023-12-28,04:40:00,4,0,1,USA,Berlin,Electronics,Debit Card,POS Terminal,50,587,3.1,2029.28,640.36,149,25,0.3,6.14,0,0,0,0,None,Non-fraud,Domestic,Night,Weekday,No Recent PIN Change
TXN0000122552,CUST00035520,2023-02-10,07:08:00,7,0,0,Japan,Los Angeles,Healthcare,Debit Card,Mobile,38,617,5.1,27314.62,86.98,174,22,54.9,20.67,0,2,0,0,None,Non-fraud,Domestic,Day,Weekday,No Recent PIN Change
TXN0000721180,CUST00007517,2020-12-15,17:18:00,17,0,0,UK,Sydney,Fuel,Credit Card,Mobile,71,809,1,8452.19,40.64,152,14,14.9,18.32,1,0,0,0,None,Non-fraud,International,Day,Weekday,No Recent PIN Change
TXN0000905287,CUST00104280,2021-08-20,00:00:00,0,0,1,India,Mumbai,Electronics,Bank Transfer,Mobile,55,728,0.2,623.14,889.63,162,21,4,12.04,1,0,1,0,None,Non-fraud,International,Night,Weekday,Recent PIN Change
TXN0000007539,CUST00187280,2020-01-04,08:31:00,8,1,0,India,Guadalajara,Fuel,Bank Transfer,Tablet,25,554,0.9,12297.47,113.24,167,12,16.4,46.42,0,0,0,0,None,Non-fraud,Domestic,Day,Weekend,No Recent PIN Change
TXN0000946371,CUST00180586,2024-09-02,01:33:00,1,0,1,France,Los Angeles,Clothing,Debit Card,Mobile,55,739,4.7,9111.04,20.88,146,18,26.1,11.15,0,1,0,0,None,Non-fraud,Domestic,Night,Weekday,No Recent PIN Change
TXN0000693158,CUST00066936,2021-08-15,22:29:00,22,1,1,UK,Toronto,Crypto Exchange,Credit Card,Mobile,29,597,0.8,3859.93,18.83,125,16,7.7,9.85,0,0,0,0,None,Non-fraud,Domestic,Night,Weekend,No Recent PIN Change
TXN0000922772,CUST00154013,2023-03-19,06:50:00,6,1,1,Mexico,Melbourne,Clothing,Bank Transfer,Mobile,50,716,0.4,4811.61,65.7,174,22,13.4,22.4,0,0,0,0,None,Non-fraud,Domestic,Night,Weekend,No Recent PIN Change
TXN0000140497,CUST00050933,2021-08-31,10:58:00,10,0,0,India,Delhi,Entertainment,Credit Card,Desktop,37,767,0.5,3699.28,71.92,166,19,65.3,3.64,0,2,1,0,None,Non-fraud,Domestic,Day,Weekday,Recent PIN Change
TXN0000814657,CUST00131193,2022-09-07,14:32:00,14,0,0,India,Toronto,Gaming,Bank Transfer,Mobile,43,791,0.1,11257.22,36.14,170,14,30,18.8,1,0,1,0,None,Non-fraud,International,Day,Weekday,Recent PIN Change
TXN0000583884,CUST00016492,2021-08-24,00:48:00,0,0,1,Japan,Delhi,Entertainment,Bank Transfer,POS Terminal,59,673,5.9,2013.33,31.19,158,20,4.7,1.64,0,0,0,0,None,Non-fraud,Domestic,Night,Weekday,No Recent PIN Change
TXN0000074079,CUST00054933,2020-05-27,23:24:00,23,0,1,USA,Mumbai,Clothing,Credit Card,Mobile,42,740,2.8,16527.99,16.84,150,18,11.8,35.27,0,0,0,0,None,Non-fraud,Domestic,Night,Weekday,No Recent PIN Change
TXN0000926371,CUST00037317,2022-01-27,12:04:00,12,0,0,USA,Tokyo,Grocery,Credit Card,Mobile,52,696,1.2,1608.21,300.15,129,17,6.1,6.55,0,0,0,0,None,Non-fraud,Domestic,Day,Weekday,No Recent PIN Change
TXN0000760645,CUST00080672,2022-05-22,04:27:00,4,1,1,USA,Manchester,ATM Withdrawal,Bank Transfer,POS Terminal,29,691,2.8,9649.38,49.25,172,21,1.4,11.49,0,0,0,0,None,Non-fraud,Domestic,Night,Weekend,No Recent PIN Change
TXN0000396602,CUST00184106,2023-09-19,03:01:00,3,0,1,Germany,Paris,Fuel,Debit Card,Mobile,26,682,4.5,12790.11,62.54,134,16,3.2,10.48,0,0,0,0,None,Non-fraud,Domestic,Night,Weekday,No Recent PIN Change
TXN0000985312,CUST00025091,2021-11-17,05:55:00,5,0,1,Japan,Manchester,Entertainment,Debit Card,Mobile,46,679,3,52714.57,13.71,134,21,13.7,20.83,1,0,0,0,None,Non-fraud,International,Night,Weekday,No Recent PIN Change
TXN0000404909,CUST00082438,2024-06-27,17:42:00,17,0,0,USA,Toronto,Fuel,Debit Card,POS Terminal,22,618,0.1,21095.18,43.82,150,15,10.1,6.6,0,0,0,0,None,Non-fraud,Domestic,Day,Weekday,No Recent PIN Change
TXN0000782647,CUST00053576,2023-03-11,15:43:00,15,1,0,Japan,Rio,Restaurant,Credit Card,Mobile,42,709,0.1,32155.74,26.46,153,26,18.8,24.75,0,0,0,0,None,Non-fraud,Domestic,Day,Weekend,No Recent PIN Change
TXN0000103634,CUST00159798,2024-09-13,22:54:00,22,0,1,USA,Mumbai,Jewelry,Mobile Payment,Desktop,53,797,0.5,46633.59,188.58,162,7,3.8,0.98,0,0,0,0,None,Non-fraud,Domestic,Night,Weekday,No Recent PIN Change
TXN0000084645,CUST00041368,2022-01-15,08:50:00,8,1,0,India,Manchester,Fuel,Credit Card,Desktop,18,850,0.4,3235.49,64.89,169,29,2.4,25.68,0,0,0,0,None,Non-fraud,Domestic,Day,Weekend,No Recent PIN Change
TXN0000695521,CUST00088466,2024-10-21,18:41:00,18,0,0,India,Melbourne,Jewelry,Debit Card,Tablet,41,657,0.1,3601.75,1484.03,162,12,21.6,4.29,0,0,0,0,None,Non-fraud,Domestic,Day,Weekday,No Recent PIN Change
TXN0000266263,CUST00155288,2024-12-13,23:21:00,23,0,1,USA,Mumbai,Electronics,Mobile Payment,Mobile,28,648,5.5,100818.06,443.61,176,14,5.8,20.69,0,2,0,0,None,Non-fraud,Domestic,Night,Weekday,No Recent PIN Change
TXN0000739701,CUST00174764,2021-03-06,17:23:00,17,1,0,USA,Mumbai,Restaurant,Crypto,Mobile,26,684,5.2,99947.01,63.95,149,17,2.8,12.16,0,2,0,0,None,Non-fraud,Domestic,Day,Weekend,No Recent PIN Change
TXN0000708949,CUST00098128,2022-12-04,22:23:00,22,1,1,India,Delhi,Clothing,Credit Card,Mobile,41,641,6.8,5539.47,4.92,152,15,6.5,8.19,0,0,0,0,None,Non-fraud,Domestic,Night,Weekend,No Recent PIN Change
TXN0000626083,CUST00061478,2021-05-07,12:28:00,12,0,0,UK,São Paulo,ATM Withdrawal,Debit Card,Mobile,42,813,1,12437.59,17.83,158,23,14.4,8.67,0,0,1,0,None,Non-fraud,Domestic,Day,Weekday,Recent PIN Change
TXN0000799487,CUST00073448,2023-04-11,01:07:00,1,0,1,Brazil,Lyon,Restaurant,Credit Card,Mobile,18,581,13.2,5593.73,116.85,158,23,50.8,38.86,0,0,0,0,None,Non-fraud,Domestic,Night,Weekday,No Recent PIN Change
TXN0000758395,CUST00066290,2024-12-10,20:28:00,20,0,0,Canada,Osaka,Travel,Crypto,Mobile,36,696,0.1,2901.31,1214.3,149,21,39.4,17.63,0,2,0,0,None,Non-fraud,Domestic,Day,Weekday,No Recent PIN Change
TXN0000426548,CUST00003413,2023-12-27,16:11:00,16,0,0,France,Los Angeles,Gaming,Credit Card,Mobile,44,646,9.6,1290.02,92.15,150,20,27.3,12.9,0,1,0,0,None,Non-fraud,Domestic,Day,Weekday,No Recent PIN Change
TXN0000802141,CUST00023247,2022-10-01,00:49:00,0,1,1,India,Lyon,Entertainment,Debit Card,Mobile,31,638,8.8,1855.84,178.43,139,29,2,11.92,0,1,0,0,None,Non-fraud,Domestic,Night,Weekend,No Recent PIN Change
TXN0000958109,CUST00101704,2024-01-16,16:38:00,16,0,0,Mexico,Los Angeles,Online Shopping,Debit Card,POS Terminal,49,737,14.8,5810.38,67.07,159,26,28.7,7.78,0,0,0,0,None,Non-fraud,Domestic,Day,Weekday,No Recent PIN Change
TXN0000498149,CUST00100230,2020-04-10,14:15:00,14,0,0,Mexico,São Paulo,Grocery,Cheque,Mobile,19,603,4.1,32776.17,128.43,166,23,16.1,4.73,0,0,0,0,None,Non-fraud,Domestic,Day,Weekday,No Recent PIN Change
TXN0000908748,CUST00179175,2024-10-09,17:38:00,17,0,0,USA,New York,Fuel,Credit Card,Mobile,26,714,0.5,6998.75,85.74,142,26,2.8,25,0,0,0,0,None,Non-fraud,Domestic,Day,Weekday,No Recent PIN Change
TXN0000512508,CUST00083889,2023-10-08,15:08:00,15,1,0,Mexico,São Paulo,Gaming,Bank Transfer,Tablet,37,850,2.4,792.56,47.31,154,20,126.3,2.62,1,0,1,0,None,Non-fraud,International,Day,Weekend,Recent PIN Change
TXN0000604072,CUST00033473,2020-03-06,06:02:00,6,0,1,Brazil,Manchester,Online Shopping,Mobile Payment,Mobile,47,532,0.1,6860.9,17.81,146,22,11.5,10.83,0,0,0,0,None,Non-fraud,Domestic,Night,Weekday,No Recent PIN Change
TXN0000413740,CUST00180791,2020-04-05,23:45:00,23,1,1,Canada,Lyon,ATM Withdrawal,Credit Card,Desktop,26,782,4.1,14395.59,20.81,152,21,11.9,24.14,0,0,0,0,None,Non-fraud,Domestic,Night,Weekend,No Recent PIN Change
TXN0000704974,CUST00170044,2022-01-15,20:35:00,20,1,0,USA,Guadalajara,ATM Withdrawal,Debit Card,Mobile,50,631,8.3,29208.81,61.14,147,19,13.1,13.33,0,0,0,0,None,Non-fraud,Domestic,Day,Weekend,No Recent PIN Change
TXN0000714778,CUST00052224,2024-06-08,05:15:00,5,1,1,India,Mexico City,Electronics,Crypto,Desktop,41,641,2.7,17370.18,747.67,177,14,7.4,22.01,0,0,0,0,None,Non-fraud,Domestic,Night,Weekend,No Recent PIN Change
TXN0000958956,CUST00119326,2022-07-31,04:05:00,4,1,1,India,Delhi,Jewelry,Credit Card,Desktop,31,682,8.9,15922.24,510.64,165,19,23.1,1.38,0,0,0,0,None,Non-fraud,Domestic,Night,Weekend,No Recent PIN Change
TXN0000513534,CUST00167981,2023-12-24,00:20:00,0,1,1,USA,Mumbai,Education,Mobile Payment,Mobile,48,617,3.5,3183.42,39.25,149,19,18.5,23.97,0,0,0,0,None,Non-fraud,Domestic,Night,Weekend,No Recent PIN Change
TXN0000771762,CUST00161833,2022-10-11,01:32:00,1,0,1,Germany,Paris,Restaurant,Credit Card,Desktop,59,706,0.7,18710.33,211.06,147,19,2.9,9.31,1,0,0,0,None,Non-fraud,International,Night,Weekday,No Recent PIN Change
TXN0000742582,CUST00163428,2022-01-23,23:30:00,23,1,1,UK,Manchester,Education,Mobile Payment,Mobile,40,583,0.4,28003.27,27.36,145,23,19.8,12.5,0,0,0,0,None,Non-fraud,Domestic,Night,Weekend,No Recent PIN Change
TXN0000624143,CUST00186092,2021-04-11,01:26:00,1,1,1,USA,Mexico City,Clothing,Mobile Payment,Desktop,32,556,2.1,3291.89,13.43,156,26,11.7,30.01,0,0,0,0,None,Non-fraud,Domestic,Night,Weekend,No Recent PIN Change
TXN0000831881,CUST00142783,2020-02-28,09:52:00,9,0,0,Germany,New York,Clothing,Bank Transfer,Mobile,29,625,1.7,9204.84,9.38,145,21,3.9,15.32,0,0,0,0,None,Non-fraud,Domestic,Day,Weekday,No Recent PIN Change
TXN0000862870,CUST00100658,2021-01-02,03:39:00,3,1,1,USA,Rio,Gaming,Mobile Payment,Mobile,60,576,20.6,2041.33,20.56,149,23,29.5,14.52,0,1,0,0,None,Non-fraud,Domestic,Night,Weekend,No Recent PIN Change
TXN0000794298,CUST00138713,2024-07-04,19:38:00,19,0,0,Japan,São Paulo,Clothing,Debit Card,Tablet,18,612,0.3,12929.86,52.01,161,24,23.1,26.39,0,3,0,0,None,Non-fraud,Domestic,Day,Weekday,No Recent PIN Change
TXN0000168200,CUST00142700,2023-05-06,03:13:00,3,1,1,USA,London,ATM Withdrawal,Crypto,Tablet,37,584,2.5,2179.91,160.5,151,20,0.1,9.16,0,0,0,0,None,Non-fraud,Domestic,Night,Weekend,No Recent PIN Change
TXN0000974706,CUST00109661,2020-03-03,19:39:00,19,0,0,Canada,Lyon,Utilities,Mobile Payment,Desktop,51,734,7.5,48908.35,48.26,151,27,12.5,29.78,1,0,1,0,None,Non-fraud,International,Day,Weekday,Recent PIN Change
TXN0000890958,CUST00089678,2024-02-16,01:35:00,1,0,1,UK,Rio,Grocery,Credit Card,Mobile,55,725,0.4,112312.77,9.5,155,16,6.3,18.11,0,1,0,0,None,Non-fraud,Domestic,Night,Weekday,No Recent PIN Change
TXN0000748695,CUST00118225,2020-10-08,00:29:00,0,0,1,India,Osaka,Online Shopping,Credit Card,POS Terminal,45,850,6.6,2131.54,274.63,135,22,17,5.35,0,0,1,0,None,Non-fraud,Domestic,Night,Weekday,Recent PIN Change
TXN0000947689,CUST00081092,2024-10-05,09:12:00,9,1,0,Brazil,Los Angeles,Fuel,Debit Card,Mobile,25,652,15.9,2086.1,10.59,153,18,2.7,17.8,0,0,0,0,None,Non-fraud,Domestic,Day,Weekend,No Recent PIN Change
TXN0000795475,CUST00082877,2022-05-21,07:10:00,7,1,0,Mexico,São Paulo,Fuel,Credit Card,Mobile,32,551,6.2,26780.33,147.76,160,16,7.6,0.93,0,0,0,0,None,Non-fraud,Domestic,Day,Weekend,No Recent PIN Change
TXN0000279245,CUST00116386,2022-09-07,12:06:00,12,0,0,USA,Sydney,Education,Mobile Payment,Mobile,29,710,2.1,3907.94,105.98,129,14,19.4,6.41,0,0,1,0,None,Non-fraud,Domestic,Day,Weekday,Recent PIN Change
TXN0000121095,CUST00152039,2024-07-27,16:52:00,16,1,0,USA,New York,Gaming,Bank Transfer,Mobile,60,587,3,5389.85,18.85,140,15,57.9,19.51,0,0,0,0,None,Non-fraud,Domestic,Day,Weekend,No Recent PIN Change
TXN0000882969,CUST00027297,2020-06-02,06:17:00,6,0,1,USA,Vancouver,Grocery,Debit Card,Desktop,51,760,0.7,3850.27,27.03,160,15,3.9,14.65,0,0,1,1,Identity Theft,Fraud,Domestic,Night,Weekday,Recent PIN Change
TXN0000205846,CUST00039068,2020-03-10,00:09:00,0,0,1,UK,Tokyo,Gaming,Debit Card,Mobile,43,799,0.9,30705.27,110.86,159,29,3.7,13.75,0,0,0,1,Phishing,Fraud,Domestic,Night,Weekday,No Recent PIN Change
TXN0000925352,CUST00109524,2022-08-12,04:03:00,4,0,1,UK,Melbourne,Grocery,Credit Card,Mobile,18,565,11.2,1614.1,59.48,145,27,30.4,2.76,0,0,0,1,Account Takeover,Fraud,Domestic,Night,Weekday,No Recent PIN Change
TXN0000699267,CUST00169856,2023-07-20,10:15:00,10,0,0,France,Munich,ATM Withdrawal,Debit Card,Mobile,37,498,0.4,3249.31,48.64,157,18,7.2,9.3,0,1,0,1,Card Cloning,Fraud,Domestic,Day,Weekday,No Recent PIN Change
TXN0000153742,CUST00004413,2023-12-28,21:36:00,21,0,0,USA,Tokyo,Grocery,Mobile Payment,Mobile,25,700,0.1,13483.74,44.01,149,19,38.3,27.63,0,0,1,1,Account Takeover,Fraud,Domestic,Day,Weekday,Recent PIN Change
TXN0000848302,CUST00165206,2022-10-06,07:40:00,7,0,0,Canada,Toronto,Jewelry,Debit Card,Desktop,18,798,6,71825.94,602.64,149,20,1.9,37.29,1,0,0,1,Synthetic Identity,Fraud,International,Day,Weekday,No Recent PIN Change
TXN0000021821,CUST00057956,2021-05-16,23:42:00,23,1,1,Germany,Munich,Education,Crypto,Desktop,65,718,15.2,14934.85,45.45,138,21,25.1,2.02,0,0,0,1,Friendly Fraud,Fraud,Domestic,Night,Weekend,No Recent PIN Change
TXN0000707941,CUST00026512,2022-01-19,21:39:00,21,0,0,India,São Paulo,ATM Withdrawal,Bank Transfer,Desktop,55,672,6.7,2230.87,18.91,143,17,7.3,15.46,1,0,0,1,Account Takeover,Fraud,International,Day,Weekday,No Recent PIN Change
TXN0000837043,CUST00147330,2021-01-28,03:12:00,3,0,1,USA,São Paulo,Healthcare,Debit Card,ATM,46,742,7.7,3985.1,245.17,151,18,29.2,8.59,1,0,0,1,Phishing,Fraud,International,Night,Weekday,No Recent PIN Change
TXN0000337548,CUST00064528,2024-09-02,22:38:00,22,0,1,USA,Mexico City,Clothing,Crypto,Desktop,55,671,0.1,6069.41,17.79,150,22,19.8,5.44,0,4,0,1,Phishing,Fraud,Domestic,Night,Weekday,No Recent PIN Change
TXN0000796304,CUST00163143,2023-07-22,11:47:00,11,1,0,Mexico,London,Restaurant,Credit Card,Mobile,60,700,0.1,2880.93,212.06,157,20,1.8,6.18,0,0,1,1,Identity Theft,Fraud,Domestic,Day,Weekend,Recent PIN Change
TXN0000129810,CUST00090974,2022-06-08,16:49:00,16,0,0,USA,Mexico City,Jewelry,Debit Card,ATM,43,524,3.7,1536.54,151.95,169,26,0.1,9.35,0,4,0,1,Identity Theft,Fraud,Domestic,Day,Weekday,No Recent PIN Change
TXN0000123687,CUST00155277,2022-09-28,01:04:00,1,0,1,UK,Mexico City,Fuel,Debit Card,Mobile,23,729,3.9,9577.91,113.42,142,14,29.8,48.15,0,5,0,1,Identity Theft,Fraud,Domestic,Night,Weekday,No Recent PIN Change
TXN0000757302,CUST00146334,2022-12-18,09:21:00,9,1,0,USA,Tokyo,Gaming,Mobile Payment,Desktop,30,743,0.4,12839.82,40.01,139,19,11,21.45,1,0,0,1,Friendly Fraud,Fraud,International,Day,Weekend,No Recent PIN Change
TXN0000363737,CUST00034243,2024-10-22,18:18:00,18,0,0,UK,Manchester,ATM Withdrawal,Debit Card,Mobile,63,637,7.7,3423.86,51.45,142,24,64.7,4.26,1,0,0,1,Account Takeover,Fraud,International,Day,Weekday,No Recent PIN Change
TXN0000748996,CUST00167588,2022-03-28,05:04:00,5,0,1,India,Paris,Healthcare,Debit Card,POS Terminal,30,510,0.5,12300.77,100.22,129,20,4.6,3.48,0,0,0,1,Account Takeover,Fraud,Domestic,Night,Weekday,No Recent PIN Change
TXN0000060235,CUST00101222,2020-08-25,23:31:00,23,0,1,Brazil,Toronto,Travel,Credit Card,Tablet,55,578,6.5,9529.9,935.4,129,26,6.5,12.45,1,1,0,1,Account Takeover,Fraud,International,Night,Weekday,No Recent PIN Change
TXN0000026287,CUST00049355,2021-01-02,01:40:00,1,1,1,USA,Guadalajara,Clothing,Mobile Payment,ATM,53,619,0.5,20136.34,106.19,142,23,5.9,7.26,0,0,0,1,Synthetic Identity,Fraud,Domestic,Night,Weekend,No Recent PIN Change
TXN0000391168,CUST00141829,2024-12-12,23:45:00,23,0,1,France,Mumbai,Online Shopping,Credit Card,Desktop,54,666,1.1,14167.42,15.08,158,19,23,0.18,0,0,1,1,Account Takeover,Fraud,Domestic,Night,Weekday,Recent PIN Change
TXN0000220778,CUST00054016,2024-11-26,14:49:00,14,0,0,France,Mexico City,Grocery,Cheque,Desktop,31,850,8.9,5532.24,13.77,136,14,11.2,30.85,1,0,0,1,Synthetic Identity,Fraud,International,Day,Weekday,No Recent PIN Change
TXN0000767335,CUST00180465,2020-10-11,03:04:00,3,1,1,India,Los Angeles,Entertainment,Credit Card,ATM,63,503,2.2,9897.04,13.58,167,19,49.1,44.72,1,0,0,1,Friendly Fraud,Fraud,International,Night,Weekend,No Recent PIN Change
TXN0000550910,CUST00173628,2023-04-27,02:21:00,2,0,1,USA,Guadalajara,Electronics,Credit Card,Desktop,21,582,2,1764.96,160.99,126,23,20.9,8.32,0,0,0,1,Card Cloning,Fraud,Domestic,Night,Weekday,No Recent PIN Change
TXN0000294132,CUST00096470,2023-09-05,13:51:00,13,0,0,France,Melbourne,Electronics,Credit Card,Mobile,32,748,3.2,9147.21,1477.47,148,16,8.8,13.16,1,0,0,1,Friendly Fraud,Fraud,International,Day,Weekday,No Recent PIN Change
TXN0000774816,CUST00039404,2023-09-04,06:17:00,6,0,1,Australia,Mumbai,ATM Withdrawal,Mobile Payment,Mobile,60,687,6.6,10207.29,350.67,134,24,14.5,11.94,0,3,0,1,Friendly Fraud,Fraud,Domestic,Night,Weekday,No Recent PIN Change
TXN0000925301,CUST00053445,2020-03-20,11:50:00,11,0,0,Brazil,Berlin,Utilities,Debit Card,Tablet,30,623,1.3,7563.37,48.67,157,19,29.3,19.4,0,5,1,1,Card Cloning,Fraud,Domestic,Day,Weekday,Recent PIN Change
TXN0000344711,CUST00054653,2021-11-02,06:33:00,6,0,1,UK,Vancouver,Jewelry,Credit Card,POS Terminal,53,590,1.3,6393.01,248.54,143,28,5.7,21.55,0,0,0,1,Phishing,Fraud,Domestic,Night,Weekday,No Recent PIN Change
TXN0000902371,CUST00137232,2023-12-22,15:43:00,15,0,0,USA,Guadalajara,Utilities,Cheque,Desktop,38,704,19.6,4958.69,54.41,147,19,2.4,8.2,0,4,0,1,Account Takeover,Fraud,Domestic,Day,Weekday,No Recent PIN Change
TXN0000283182,CUST00180543,2021-12-02,07:13:00,7,0,0,India,Berlin,Jewelry,Mobile Payment,ATM,42,593,14,13382.69,287.33,164,22,6.7,31.08,0,5,0,1,Phishing,Fraud,Domestic,Day,Weekday,No Recent PIN Change
TXN0000404316,CUST00132475,2021-04-19,22:13:00,22,0,1,Mexico,Paris,Utilities,Crypto,Mobile,45,642,0.2,8375.09,239.88,152,20,21.9,27.98,0,2,0,1,Card Cloning,Fraud,Domestic,Night,Weekday,No Recent PIN Change
TXN0000150997,CUST00125956,2020-04-14,02:34:00,2,0,1,UK,Munich,Healthcare,Credit Card,ATM,51,664,7.5,18116.24,100.96,156,23,7.2,9.6,1,3,0,1,Friendly Fraud,Fraud,International,Night,Weekday,No Recent PIN Change
TXN0000023856,CUST00003245,2020-02-17,06:47:00,6,0,1,Brazil,Manchester,Fuel,Credit Card,Desktop,59,830,0.8,10714.41,21.61,153,22,12.2,1.26,1,0,0,1,Card Cloning,Fraud,International,Night,Weekday,No Recent PIN Change
TXN0000309968,CUST00033482,2024-03-22,20:06:00,20,0,0,Mexico,London,Restaurant,Credit Card,Desktop,38,804,14.8,4448.97,217.09,156,20,1.9,15.13,1,0,1,1,Account Takeover,Fraud,International,Day,Weekday,Recent PIN Change
TXN0000371003,CUST00158162,2024-12-20,15:57:00,15,0,0,Japan,Toronto,Utilities,Crypto,Mobile,23,660,26.7,32569.66,41.64,161,20,5,26.5,1,1,0,1,Identity Theft,Fraud,International,Day,Weekday,No Recent PIN Change
TXN0000036170,CUST00045079,2022-12-03,14:59:00,14,1,0,Mexico,Guadalajara,Crypto Exchange,Debit Card,Desktop,44,645,4.1,7573.09,28.8,184,18,16.9,2.54,1,0,0,1,Synthetic Identity,Fraud,International,Day,Weekend,No Recent PIN Change
TXN0000536478,CUST00128190,2023-01-19,01:25:00,1,0,1,UK,Osaka,Fuel,Debit Card,Desktop,44,682,3.3,80558.62,18.18,153,22,75.8,2.25,0,0,0,1,Account Takeover,Fraud,Domestic,Night,Weekday,No Recent PIN Change
TXN0000058841,CUST00128620,2024-05-28,20:00:00,20,0,0,Canada,Manchester,Crypto Exchange,Debit Card,Desktop,34,654,1.8,2741.53,26.25,155,11,25.6,17.5,0,0,0,1,Phishing,Fraud,Domestic,Day,Weekday,No Recent PIN Change
TXN0000595349,CUST00034024,2020-01-29,18:32:00,18,0,0,Germany,Berlin,Healthcare,Debit Card,Desktop,77,643,7.7,6602.16,70.09,118,22,5.2,0.04,0,0,0,1,Phishing,Fraud,Domestic,Day,Weekday,No Recent PIN Change
TXN0000203613,CUST00163212,2023-03-04,05:18:00,5,1,1,India,Guadalajara,Travel,Bank Transfer,Mobile,47,696,30,5314.76,1422.92,151,19,8.7,26.11,0,2,0,1,Identity Theft,Fraud,Domestic,Night,Weekend,No Recent PIN Change
TXN0000132186,CUST00047965,2020-07-08,02:40:00,2,0,1,USA,Paris,Healthcare,Bank Transfer,Tablet,45,809,7.7,77074.35,54.59,177,16,9.4,30.61,1,3,0,1,Account Takeover,Fraud,International,Night,Weekday,No Recent PIN Change
TXN0000644393,CUST00051159,2024-04-17,20:46:00,20,0,0,Brazil,Los Angeles,Travel,Credit Card,Desktop,20,704,0.4,30048.24,91.6,143,20,14.4,13.08,0,0,0,1,Friendly Fraud,Fraud,Domestic,Day,Weekday,No Recent PIN Change
TXN0000500244,CUST00144973,2021-01-23,04:48:00,4,1,1,France,Vancouver,Restaurant,Credit Card,Desktop,47,656,9.6,18269.82,26.44,138,21,17.5,2.19,0,0,0,1,Card Cloning,Fraud,Domestic,Night,Weekend,No Recent PIN Change
TXN0000285428,CUST00055376,2022-04-19,16:10:00,16,0,0,Mexico,Delhi,Online Shopping,Mobile Payment,POS Terminal,44,682,10.5,4189.4,35.48,158,19,7.7,1.85,1,0,0,1,Friendly Fraud,Fraud,International,Day,Weekday,No Recent PIN Change
TXN0000734989,CUST00096585,2020-10-10,18:07:00,18,1,0,Germany,Melbourne,Utilities,Credit Card,Desktop,46,699,0.1,32219.83,65.29,165,18,4.6,33.01,1,0,0,1,Synthetic Identity,Fraud,International,Day,Weekend,No Recent PIN Change
TXN0000227982,CUST00178328,2021-10-05,05:51:00,5,0,1,UK,Mumbai,Healthcare,Credit Card,Mobile,36,475,10.7,4293.02,40.12,126,21,15.2,4.52,1,1,0,1,Identity Theft,Fraud,International,Night,Weekday,No Recent PIN Change
TXN0000794818,CUST00126237,2020-11-02,22:52:00,22,0,1,UK,Mexico City,Travel,Mobile Payment,Mobile,45,743,0.6,16340.27,537.89,148,14,4.8,34.09,0,0,0,1,Card Cloning,Fraud,Domestic,Night,Weekday,No Recent PIN Change
TXN0000387030,CUST00154716,2023-11-17,00:14:00,0,0,1,Mexico,New York,ATM Withdrawal,Bank Transfer,ATM,46,685,9.2,24101.1,105.54,158,17,9.8,3.74,0,0,0,1,Synthetic Identity,Fraud,Domestic,Night,Weekday,No Recent PIN Change
TXN0000005538,CUST00113937,2024-08-31,20:08:00,20,1,0,Mexico,Tokyo,Education,Bank Transfer,ATM,63,697,0.1,20910.96,38.73,131,29,2.7,0.24,1,0,0,1,Card Cloning,Fraud,International,Day,Weekend,No Recent PIN Change
TXN0000754860,CUST00000099,2023-07-29,22:51:00,22,1,1,USA,Toronto,Crypto Exchange,Credit Card,Desktop,62,651,9.5,1668.38,170.94,135,26,32.3,11.32,0,0,1,1,Friendly Fraud,Fraud,Domestic,Night,Weekend,Recent PIN Change
TXN0000969359,CUST00197018,2021-06-30,14:20:00,14,0,0,India,Munich,Entertainment,Mobile Payment,Desktop,40,612,21,1189.89,33.02,134,16,48.4,2.7,0,0,1,1,Identity Theft,Fraud,Domestic,Day,Weekday,Recent PIN Change
TXN0000785306,CUST00108408,2024-07-04,04:52:00,4,0,1,UK,Mumbai,Travel,Credit Card,Desktop,45,666,1,1806.1,96.82,153,20,16.6,1.85,1,0,0,1,Friendly Fraud,Fraud,International,Night,Weekday,No Recent PIN Change
TXN0000693870,CUST00053792,2023-12-02,23:19:00,23,1,1,France,Manchester,Fuel,Bank Transfer,Desktop,49,742,0.3,5503.98,14.52,133,16,4.5,25.84,0,2,0,1,Account Takeover,Fraud,Domestic,Night,Weekend,No Recent PIN Change
TXN0000625514,CUST00159403,2020-11-19,23:05:00,23,0,1,USA,Manchester,Gaming,Cheque,Mobile,24,656,18.4,279.78,122.82,152,23,25.9,30.48,0,0,0,1,Account Takeover,Fraud,Domestic,Night,Weekday,No Recent PIN Change
TXN0000826397,CUST00163654,2024-03-25,15:21:00,15,0,0,USA,Manchester,Jewelry,Credit Card,Desktop,28,738,5.2,7559.43,648.54,151,18,1.4,13.72,0,2,1,1,Friendly Fraud,Fraud,Domestic,Day,Weekday,Recent PIN Change
TXN0000276906,CUST00188883,2024-02-15,00:42:00,0,0,1,Japan,Tokyo,Utilities,Debit Card,POS Terminal,25,578,7.6,26334.7,13.74,150,22,20,3.03,0,2,0,1,Card Cloning,Fraud,Domestic,Night,Weekday,No Recent PIN Change
TXN0000093330,CUST00017324,2023-10-26,12:35:00,12,0,0,Germany,Sydney,Travel,Mobile Payment,Mobile,20,696,5.1,3484.99,624.87,154,20,31.7,11.54,0,3,0,1,Account Takeover,Fraud,Domestic,Day,Weekday,No Recent PIN Change
TXN0000654961,CUST00114443,2023-04-29,03:00:00,3,1,1,Canada,Delhi,Education,Credit Card,POS Terminal,36,666,6.6,12606.43,41.24,143,20,6.5,2.32,0,0,0,1,Phishing,Fraud,Domestic,Night,Weekend,No Recent PIN Change
TXN0000253870,CUST00109286,2021-05-22,01:05:00,1,1,1,USA,Tokyo,Clothing,Debit Card,ATM,42,747,0.4,10521.27,351.9,157,19,9.4,2.76,0,4,0,1,Card Cloning,Fraud,Domestic,Night,Weekend,No Recent PIN Change
TXN0000848635,CUST00184055,2022-05-05,00:00:00,0,0,1,Canada,Guadalajara,Utilities,Credit Card,Tablet,30,587,2.1,10188.54,192.39,144,16,60.9,7.05,0,0,0,1,Synthetic Identity,Fraud,Domestic,Night,Weekday,No Recent PIN Change
TXN0000086117,CUST00022270,2023-02-19,06:24:00,6,1,1,USA,Tokyo,ATM Withdrawal,Credit Card,Desktop,41,782,3,134160.06,33.41,142,18,57.4,9.46,0,0,0,1,Identity Theft,Fraud,Domestic,Night,Weekend,No Recent PIN Change
TXN0000187865,CUST00101533,2023-08-08,17:19:00,17,0,0,France,London,Gaming,Debit Card,POS Terminal,58,605,4.5,44414.93,9.42,152,18,3.6,1.26,0,2,1,1,Friendly Fraud,Fraud,Domestic,Day,Weekday,Recent PIN Change
TXN0000086300,CUST00108940,2023-03-23,02:17:00,2,0,1,USA,Berlin,Crypto Exchange,Mobile Payment,Mobile,56,703,5,4811.13,24.15,143,18,4.2,9.94,0,0,0,1,Identity Theft,Fraud,Domestic,Night,Weekday,No Recent PIN Change
TXN0000434587,CUST00183061,2023-02-28,01:08:00,1,0,1,Germany,Melbourne,ATM Withdrawal,Credit Card,Mobile,58,700,2.4,5929.42,20.33,160,14,32.3,0.11,1,0,0,1,Friendly Fraud,Fraud,International,Night,Weekday,No Recent PIN Change
TXN0000549416,CUST00141458,2020-04-25,23:00:00,23,1,1,Germany,Guadalajara,Crypto Exchange,Debit Card,Mobile,25,639,4.6,25838.37,25.2,164,15,51.9,1.94,0,0,0,1,Account Takeover,Fraud,Domestic,Night,Weekend,No Recent PIN Change
TXN0000976116,CUST00192802,2024-02-06,22:09:00,22,0,1,UK,Manchester,Grocery,Bank Transfer,ATM,43,658,9.7,11450.78,11.92,142,13,11.6,28.98,0,0,0,1,Phishing,Fraud,Domestic,Night,Weekday,No Recent PIN Change
TXN0000863400,CUST00128782,2020-04-13,06:08:00,6,0,1,Japan,Mexico City,Crypto Exchange,Debit Card,Mobile,18,621,7.4,4931.46,97.23,167,18,4.1,12.7,0,0,1,1,Account Takeover,Fraud,Domestic,Night,Weekday,Recent PIN Change
TXN0000078021,CUST00026134,2024-07-16,04:57:00,4,0,1,India,Los Angeles,Jewelry,Debit Card,Tablet,66,627,4.5,10658.82,595.48,144,16,13.9,6.68,0,2,0,1,Synthetic Identity,Fraud,Domestic,Night,Weekday,No Recent PIN Change
TXN0000284629,CUST00126917,2022-01-27,07:02:00,7,0,0,Mexico,Los Angeles,Clothing,Credit Card,Tablet,44,716,3,27821.22,39.61,153,18,15.1,1.44,0,0,0,1,Phishing,Fraud,Domestic,Day,Weekday,No Recent PIN Change
TXN0000500786,CUST00133556,2023-01-23,14:28:00,14,0,0,Brazil,São Paulo,Fuel,Credit Card,POS Terminal,22,736,1,117350.39,41.94,179,20,9.3,2.63,0,2,0,1,Card Cloning,Fraud,Domestic,Day,Weekday,No Recent PIN Change
TXN0000845167,CUST00042975,2023-12-10,08:45:00,8,1,0,India,London,ATM Withdrawal,Cheque,Mobile,41,809,4.2,9652.75,46.96,132,26,0.3,24.09,0,0,0,1,Friendly Fraud,Fraud,Domestic,Day,Weekend,No Recent PIN Change
TXN0000314748,CUST00142253,2020-06-25,22:07:00,22,0,1,India,Mexico City,ATM Withdrawal,Credit Card,POS Terminal,45,549,0.7,19659.47,31.58,147,26,20.2,1.7,1,1,0,1,Phishing,Fraud,International,Night,Weekday,No Recent PIN Change
TXN0000786297,CUST00154266,2020-12-11,20:28:00,20,0,0,India,Rio,Electronics,Crypto,Tablet,59,687,4.5,2593.68,106.88,151,18,9.8,6.81,1,0,0,1,Account Takeover,Fraud,International,Day,Weekday,No Recent PIN Change
TXN0000675566,CUST00042815,2022-11-15,05:36:00,5,0,1,Canada,London,Restaurant,Credit Card,Mobile,46,642,6.2,18859.21,26.82,145,20,16.7,3.31,0,0,0,1,Synthetic Identity,Fraud,Domestic,Night,Weekday,No Recent PIN Change
TXN0000485106,CUST00176944,2021-04-15,21:31:00,21,0,0,France,Los Angeles,Education,Debit Card,Desktop,18,795,1,1256.26,75.5,146,32,97.8,18.01,0,2,1,1,Phishing,Fraud,Domestic,Day,Weekday,Recent PIN Change
TXN0000556810,CUST00075140,2021-01-18,03:10:00,3,0,1,France,Mexico City,Jewelry,Credit Card,Mobile,56,700,1.5,5120.16,135.55,164,18,12.6,70.36,0,0,0,1,Identity Theft,Fraud,Domestic,Night,Weekday,No Recent PIN Change
TXN0000296559,CUST00195316,2021-04-29,11:36:00,11,0,0,USA,Vancouver,Crypto Exchange,Bank Transfer,Mobile,39,588,1.7,1994.53,53.31,144,15,37.5,9.53,1,0,0,1,Account Takeover,Fraud,International,Day,Weekday,No Recent PIN Change
TXN0000551025,CUST00192626,2023-04-17,02:25:00,2,0,1,Canada,Delhi,ATM Withdrawal,Bank Transfer,POS Terminal,32,699,7.5,18741.63,48.57,148,16,22.8,2.09,0,0,0,1,Card Cloning,Fraud,Domestic,Night,Weekday,No Recent PIN Change
TXN0000009358,CUST00077029,2021-01-10,23:52:00,23,1,1,Germany,Melbourne,Restaurant,Debit Card,Tablet,63,674,17.4,3800.84,323.9,152,22,3,30.51,0,4,0,1,Identity Theft,Fraud,Domestic,Night,Weekend,No Recent PIN Change
TXN0000448245,CUST00043272,2022-08-17,01:30:00,1,0,1,India,Lyon,Utilities,Debit Card,Mobile,52,847,2.8,48120.84,8.49,153,27,15.6,2.16,1,0,0,1,Identity Theft,Fraud,International,Night,Weekday,No Recent PIN Change
TXN0000167589,CUST00181320,2024-07-15,06:24:00,6,0,1,Australia,Los Angeles,Clothing,Debit Card,Mobile,41,777,3.4,9655.1,47.97,139,19,81.5,8.83,0,0,0,1,Identity Theft,Fraud,Domestic,Night,Weekday,No Recent PIN Change
TXN0000941758,CUST00168832,2022-03-15,22:19:00,22,0,1,Brazil,Melbourne,Jewelry,Mobile Payment,Mobile,85,669,3.5,7313.64,1031.4,143,22,19.8,13.04,0,0,0,1,Identity Theft,Fraud,Domestic,Night,Weekday,No Recent PIN Change
TXN0000841208,CUST00140756,2022-05-24,06:21:00,6,0,1,USA,São Paulo,Crypto Exchange,Credit Card,Tablet,57,686,1.8,28893.36,45.21,132,29,40.2,15.54,1,0,0,1,Identity Theft,Fraud,International,Night,Weekday,No Recent PIN Change
TXN0000011704,CUST00004577,2023-02-24,07:42:00,7,0,0,USA,Toronto,Jewelry,Debit Card,Mobile,53,752,3.9,6794.33,558.29,128,23,10.7,10.78,0,0,0,1,Card Cloning,Fraud,Domestic,Day,Weekday,No Recent PIN Change
TXN0000556987,CUST00014274,2022-10-31,20:17:00,20,0,0,USA,São Paulo,Clothing,Debit Card,POS Terminal,29,628,2,14451.61,66.9,161,19,18.1,7.76,0,0,0,1,Phishing,Fraud,Domestic,Day,Weekday,No Recent PIN Change
TXN0000644650,CUST00186231,2020-09-27,22:54:00,22,1,1,Canada,Lyon,Utilities,Debit Card,Desktop,23,765,5.6,3121.73,120.91,144,25,24.2,23.31,0,1,0,1,Synthetic Identity,Fraud,Domestic,Night,Weekend,No Recent PIN Change
TXN0000721064,CUST00136822,2023-03-19,18:42:00,18,1,0,USA,Lyon,ATM Withdrawal,Bank Transfer,Mobile,25,720,3.7,6540.29,43.48,158,28,3.4,11.41,0,1,0,1,Friendly Fraud,Fraud,Domestic,Day,Weekend,No Recent PIN Change
TXN0000371477,CUST00156804,2023-02-06,09:18:00,9,0,0,USA,Tokyo,ATM Withdrawal,Credit Card,Mobile,66,642,8.8,23575.95,16.67,145,14,1,15.99,1,2,0,1,Card Cloning,Fraud,International,Day,Weekday,No Recent PIN Change
TXN0000778734,CUST00098274,2020-06-05,08:00:00,8,0,0,USA,Manchester,Clothing,Bank Transfer,Desktop,53,624,10.1,4835.98,190.01,144,13,17.2,1.17,1,0,0,1,Card Cloning,Fraud,International,Day,Weekday,No Recent PIN Change
TXN0000549726,CUST00014763,2024-11-10,03:23:00,3,1,1,USA,Sydney,Online Shopping,Credit Card,Mobile,57,751,0.7,7870.59,11.34,143,17,10.8,9.92,0,0,0,1,Phishing,Fraud,Domestic,Night,Weekend,No Recent PIN Change
TXN0000799167,CUST00198290,2021-04-23,02:48:00,2,0,1,Canada,Berlin,Restaurant,Credit Card,ATM,46,630,4.9,6412.67,146.31,145,18,11.8,18.76,0,2,0,1,Synthetic Identity,Fraud,Domestic,Night,Weekday,No Recent PIN Change
TXN0000014174,CUST00027739,2024-01-22,19:32:00,19,0,0,India,Osaka,Jewelry,Bank Transfer,ATM,40,736,3.4,10810.88,233.29,165,22,1.2,0.62,0,0,0,1,Identity Theft,Fraud,Domestic,Day,Weekday,No Recent PIN Change
TXN0000120305,CUST00044535,2022-09-01,19:52:00,19,0,0,USA,Vancouver,Clothing,Mobile Payment,ATM,46,708,12.1,4268.73,154.76,151,22,28.3,8.4,0,4,0,1,Identity Theft,Fraud,Domestic,Day,Weekday,No Recent PIN Change
TXN0000514706,CUST00026426,2023-02-26,01:25:00,1,1,1,India,Osaka,Education,Credit Card,Tablet,40,571,1.7,8407.05,33.96,130,25,5.4,16.85,1,0,0,1,Account Takeover,Fraud,International,Night,Weekend,No Recent PIN Change
TXN0000402974,CUST00198913,2023-05-23,06:13:00,6,0,1,India,Guadalajara,Entertainment,Credit Card,Desktop,48,722,17.8,77527.98,32.32,150,15,36.7,18.65,0,0,0,1,Friendly Fraud,Fraud,Domestic,Night,Weekday,No Recent PIN Change
TXN0000983340,CUST00191227,2024-09-08,16:28:00,16,1,0,USA,Paris,Electronics,Debit Card,Desktop,67,825,4.4,9781.75,145.56,139,16,33.7,0.87,0,2,0,1,Synthetic Identity,Fraud,Domestic,Day,Weekend,No Recent PIN Change
TXN0000453606,CUST00075763,2020-02-18,03:25:00,3,0,1,UK,Sydney,Restaurant,Debit Card,ATM,57,598,1,7266.99,50.93,140,15,7.5,0.96,1,0,0,1,Friendly Fraud,Fraud,International,Night,Weekday,No Recent PIN Change
TXN0000586654,CUST00110121,2021-01-10,03:32:00,3,1,1,USA,Melbourne,Education,Debit Card,Mobile,53,603,13.7,595.24,20.99,144,22,14.3,5.46,0,0,1,1,Account Takeover,Fraud,Domestic,Night,Weekend,Recent PIN Change
TXN0000888342,CUST00066396,2020-04-11,17:12:00,17,1,0,UK,Delhi,Grocery,Debit Card,Desktop,31,565,1.6,11142.65,408.32,140,28,15.3,1.54,0,2,0,1,Account Takeover,Fraud,Domestic,Day,Weekend,No Recent PIN Change
TXN0000463504,CUST00055364,2022-03-12,20:44:00,20,1,0,Germany,Berlin,Healthcare,Debit Card,Mobile,18,850,4.6,14509.94,19.31,139,18,5.8,15.37,0,3,0,1,Identity Theft,Fraud,Domestic,Day,Weekend,No Recent PIN Change
TXN0000879990,CUST00026993,2023-02-06,09:18:00,9,0,0,Germany,Berlin,Travel,Debit Card,ATM,53,796,1.1,2265.15,1344.36,145,16,1.3,30.8,1,0,0,1,Phishing,Fraud,International,Day,Weekday,No Recent PIN Change
TXN0000630053,CUST00034519,2022-02-04,15:13:00,15,0,0,UK,Toronto,Crypto Exchange,Debit Card,Desktop,55,695,1.3,27316.33,17.63,157,23,17.6,0.65,1,3,1,1,Synthetic Identity,Fraud,International,Day,Weekday,Recent PIN Change
TXN0000800010,CUST00027176,2022-03-14,12:21:00,12,0,0,Japan,Melbourne,Entertainment,Bank Transfer,Mobile,58,625,2.6,7947.58,89.95,138,30,8.2,0.33,0,3,0,1,Identity Theft,Fraud,Domestic,Day,Weekday,No Recent PIN Change
TXN0000946084,CUST00154421,2023-01-13,16:53:00,16,0,0,Germany,Toronto,Travel,Credit Card,Mobile,37,640,1,7669.53,602.27,159,15,32.1,5.45,0,2,1,1,Synthetic Identity,Fraud,Domestic,Day,Weekday,Recent PIN Change
TXN0000292647,CUST00024560,2022-11-16,02:44:00,2,0,1,Mexico,Rio,Fuel,Debit Card,ATM,45,678,0.4,69899.91,18.54,171,22,16.3,13.51,0,0,0,1,Card Cloning,Fraud,Domestic,Night,Weekday,No Recent PIN Change
TXN0000068231,CUST00063916,2024-06-04,10:54:00,10,0,0,Brazil,Vancouver,ATM Withdrawal,Debit Card,Mobile,18,592,3.8,16323.54,52.29,150,19,8.6,6.81,0,0,0,1,Phishing,Fraud,Domestic,Day,Weekday,No Recent PIN Change
TXN0000988118,CUST00113370,2024-12-25,00:03:00,0,0,1,Brazil,Munich,ATM Withdrawal,Mobile Payment,Mobile,33,524,2.1,3443.91,64.18,132,18,17.3,49.85,1,0,1,1,Identity Theft,Fraud,International,Night,Weekday,Recent PIN Change
TXN0000064859,CUST00125060,2021-06-01,22:29:00,22,0,1,Brazil,Lyon,Crypto Exchange,Debit Card,Mobile,53,747,0.1,1589.68,15.06,144,24,12.3,12.94,0,0,1,1,Phishing,Fraud,Domestic,Night,Weekday,Recent PIN Change
TXN0000686294,CUST00005383,2020-04-01,01:27:00,1,0,1,Canada,Sydney,Grocery,Credit Card,Mobile,31,763,1.2,14716.04,158.02,127,21,73.2,25.9,0,0,0,1,Identity Theft,Fraud,Domestic,Night,Weekday,No Recent PIN Change
TXN0000404162,CUST00068511,2022-10-17,22:04:00,22,0,1,India,New York,ATM Withdrawal,Debit Card,Desktop,18,703,0.7,3886.51,112.93,167,22,11.6,9.04,0,0,0,1,Phishing,Fraud,Domestic,Night,Weekday,No Recent PIN Change
TXN0000916228,CUST00161350,2021-05-28,19:59:00,19,0,0,Brazil,Mumbai,Jewelry,Debit Card,Desktop,33,665,5.7,20779.96,1242.74,140,23,8.5,6.22,0,2,0,1,Account Takeover,Fraud,Domestic,Day,Weekday,No Recent PIN Change
TXN0000304025,CUST00186171,2020-10-23,04:20:00,4,0,1,USA,Paris,Entertainment,Credit Card,Mobile,42,645,0.1,1218.09,201.71,143,19,32.7,1.55,0,0,0,1,Card Cloning,Fraud,Domestic,Night,Weekday,No Recent PIN Change
TXN0000533648,CUST00033164,2023-12-19,08:16:00,8,0,0,USA,Lyon,ATM Withdrawal,Debit Card,Tablet,41,822,1.6,1240.11,235.41,145,24,78.7,10.63,0,3,0,1,Synthetic Identity,Fraud,Domestic,Day,Weekday,No Recent PIN Change
TXN0000716618,CUST00057033,2020-04-06,13:26:00,13,0,0,Brazil,Vancouver,Healthcare,Credit Card,Mobile,22,686,3.8,32058.25,26.18,143,21,3,17.26,0,0,0,1,Friendly Fraud,Fraud,Domestic,Day,Weekday,No Recent PIN Change
TXN0000238653,CUST00055962,2022-08-19,01:21:00,1,0,1,USA,São Paulo,Grocery,Bank Transfer,Desktop,56,546,0.4,1448.01,214.12,148,22,26.9,0.18,0,1,0,1,Synthetic Identity,Fraud,Domestic,Night,Weekday,No Recent PIN Change
TXN0000403446,CUST00087055,2024-05-24,04:27:00,4,0,1,Canada,Delhi,Utilities,Credit Card,Desktop,39,803,1.3,7126.66,18.74,141,25,20.8,38.04,0,2,0,1,Synthetic Identity,Fraud,Domestic,Night,Weekday,No Recent PIN Change
TXN0000118153,CUST00019431,2024-07-21,17:04:00,17,1,0,Canada,Berlin,Clothing,Debit Card,Mobile,18,566,4,31989.05,30.6,155,16,8.6,7.05,0,3,0,1,Card Cloning,Fraud,Domestic,Day,Weekend,No Recent PIN Change
TXN0000055567,CUST00050480,2023-02-07,05:32:00,5,0,1,UK,Munich,Healthcare,Credit Card,Mobile,38,655,2.4,8494.7,67.29,157,20,18.8,3.54,0,5,0,1,Friendly Fraud,Fraud,Domestic,Night,Weekday,No Recent PIN Change
TXN0000207490,CUST00121333,2021-09-12,16:07:00,16,1,0,France,Delhi,Jewelry,Credit Card,Desktop,56,595,1.9,16567.37,762.36,154,17,3.9,18.71,1,0,0,1,Phishing,Fraud,International,Day,Weekend,No Recent PIN Change
TXN0000695579,CUST00089031,2021-04-05,03:54:00,3,0,1,USA,Sydney,Electronics,Mobile Payment,Mobile,34,756,4.7,14392.04,155.69,153,27,41.8,7.7,0,0,0,1,Friendly Fraud,Fraud,Domestic,Night,Weekday,No Recent PIN Change
TXN0000585070,CUST00056310,2021-03-05,01:19:00,1,0,1,Canada,Delhi,Healthcare,Credit Card,Mobile,53,828,0.5,13725.53,115.73,137,21,45.4,13.42,1,0,0,1,Phishing,Fraud,International,Night,Weekday,No Recent PIN Change
TXN0000202344,CUST00134110,2022-09-03,20:15:00,20,1,0,USA,Manchester,ATM Withdrawal,Mobile Payment,Desktop,18,678,1.8,7315.15,39.29,150,18,73.3,4.17,0,0,1,1,Account Takeover,Fraud,Domestic,Day,Weekend,Recent PIN Change
TXN0000380394,CUST00018262,2023-06-09,08:18:00,8,0,0,India,Rio,Restaurant,Bank Transfer,Mobile,61,573,17,4242.08,38.48,141,16,57.6,0.4,1,0,0,1,Friendly Fraud,Fraud,International,Day,Weekday,No Recent PIN Change
TXN0000368746,CUST00191414,2021-09-13,11:53:00,11,0,0,USA,São Paulo,Crypto Exchange,Credit Card,ATM,36,594,2.2,49236.66,47.33,159,22,83.7,5.66,0,0,0,1,Identity Theft,Fraud,Domestic,Day,Weekday,No Recent PIN Change
TXN0000304585,CUST00132207,2022-07-09,16:49:00,16,1,0,UK,Melbourne,Clothing,Debit Card,ATM,39,648,9.3,1504.7,5.04,152,19,42.8,14.03,1,0,0,1,Account Takeover,Fraud,International,Day,Weekend,No Recent PIN Change
TXN0000178312,CUST00150479,2023-01-28,05:16:00,5,1,1,USA,Delhi,Entertainment,Credit Card,Desktop,62,596,3.4,1110.75,130,140,15,12.3,11.07,0,0,0,1,Synthetic Identity,Fraud,Domestic,Night,Weekend,No Recent PIN Change
TXN0000741149,CUST00043989,2023-06-09,21:18:00,21,0,0,USA,Tokyo,Jewelry,Credit Card,Tablet,56,814,10.5,19872.71,145.99,130,17,18.6,0.85,0,0,1,1,Synthetic Identity,Fraud,Domestic,Day,Weekday,Recent PIN Change
TXN0000836905,CUST00130643,2023-07-18,04:02:00,4,0,1,Brazil,Guadalajara,ATM Withdrawal,Debit Card,Mobile,45,638,0.1,1187.09,25.67,143,16,8.1,0.44,0,0,0,1,Card Cloning,Fraud,Domestic,Night,Weekday,No Recent PIN Change
TXN0000314392,CUST00162538,2021-12-17,04:00:00,4,0,1,USA,Vancouver,Electronics,Cheque,POS Terminal,44,684,0.2,8190.97,370.63,126,28,2.8,4.63,0,5,0,1,Card Cloning,Fraud,Domestic,Night,Weekday,No Recent PIN Change
TXN0000350834,CUST00187926,2024-10-01,00:53:00,0,0,1,Canada,Toronto,Gaming,Debit Card,Tablet,63,641,0.9,31372.91,106.86,150,16,8.7,10.76,0,0,0,1,Phishing,Fraud,Domestic,Night,Weekday,No Recent PIN Change
TXN0000170159,CUST00176352,2023-10-15,14:36:00,14,1,0,USA,Osaka,Gaming,Debit Card,Desktop,18,699,0.7,4277.86,18.08,134,22,22.2,17.62,0,0,0,1,Card Cloning,Fraud,Domestic,Day,Weekend,No Recent PIN Change
TXN0000788345,CUST00028286,2021-01-10,22:05:00,22,1,1,Mexico,Mexico City,Fuel,Bank Transfer,Desktop,51,771,17.1,3598.27,34.99,171,26,24.2,1.12,0,2,0,1,Account Takeover,Fraud,Domestic,Night,Weekend,No Recent PIN Change
TXN0000373948,CUST00068836,2023-06-01,23:01:00,23,0,1,USA,Guadalajara,Restaurant,Mobile Payment,Mobile,47,818,1.4,20717.66,58.07,133,16,2.5,4.41,0,0,0,1,Synthetic Identity,Fraud,Domestic,Night,Weekday,No Recent PIN Change
TXN0000548442,CUST00133927,2023-02-07,03:56:00,3,0,1,USA,Tokyo,Healthcare,Crypto,POS Terminal,42,734,4.5,31934.81,303.19,127,9,7.7,14.41,0,0,0,1,Synthetic Identity,Fraud,Domestic,Night,Weekday,No Recent PIN Change
TXN0000931412,CUST00015348,2022-11-17,10:59:00,10,0,0,UK,Toronto,Crypto Exchange,Bank Transfer,Tablet,51,563,0.3,6237.27,152.39,137,22,9.2,13.83,0,0,0,1,Friendly Fraud,Fraud,Domestic,Day,Weekday,No Recent PIN Change
TXN0000624515,CUST00013363,2022-03-26,14:41:00,14,1,0,India,Osaka,Clothing,Mobile Payment,POS Terminal,42,756,5.6,15665.7,52.04,143,23,14.1,16.8,0,3,0,1,Identity Theft,Fraud,Domestic,Day,Weekend,No Recent PIN Change
TXN0000322310,CUST00041306,2021-01-15,15:23:00,15,0,0,India,Lyon,Gaming,Debit Card,Mobile,19,797,8.9,8606.79,66.77,142,24,31.6,3.43,0,0,0,1,Phishing,Fraud,Domestic,Day,Weekday,No Recent PIN Change
TXN0000284604,CUST00131970,2021-05-28,03:31:00,3,0,1,USA,Toronto,Clothing,Credit Card,Mobile,19,711,1.6,5007.49,67.75,154,27,26.3,0.48,0,0,0,1,Account Takeover,Fraud,Domestic,Night,Weekday,No Recent PIN Change
TXN0000742710,CUST00179946,2021-09-08,10:47:00,10,0,0,Germany,Lyon,Crypto Exchange,Crypto,POS Terminal,22,611,4.7,38206.2,17.9,134,22,60.2,10.3,0,0,0,1,Phishing,Fraud,Domestic,Day,Weekday,No Recent PIN Change
TXN0000750909,CUST00123717,2022-05-21,04:09:00,4,1,1,UK,Guadalajara,Jewelry,Credit Card,Tablet,30,742,5.9,46109.88,124.77,147,12,9,8.75,0,2,1,1,Synthetic Identity,Fraud,Domestic,Night,Weekend,Recent PIN Change
TXN0000392485,CUST00170330,2023-07-21,16:08:00,16,0,0,USA,Delhi,Jewelry,Debit Card,ATM,56,683,3.1,275.22,347.14,151,19,33.4,15.95,1,2,0,1,Account Takeover,Fraud,International,Day,Weekday,No Recent PIN Change
TXN0000751581,CUST00175826,2023-12-03,07:24:00,7,1,0,Australia,Guadalajara,ATM Withdrawal,Crypto,Mobile,38,702,0.1,23640,387.09,153,24,4,12.16,1,1,0,1,Account Takeover,Fraud,International,Day,Weekend,No Recent PIN Change
TXN0000214067,CUST00134830,2020-05-14,18:55:00,18,0,0,Japan,Munich,Restaurant,Bank Transfer,Mobile,59,723,15.1,16099.51,28.4,162,16,0.8,9.76,0,3,0,1,Synthetic Identity,Fraud,Domestic,Day,Weekday,No Recent PIN Change
TXN0000091382,CUST00022009,2021-07-01,10:58:00,10,0,0,USA,London,Restaurant,Debit Card,Mobile,58,706,0.3,909.27,17.43,164,21,17.2,11.86,0,0,0,1,Phishing,Fraud,Domestic,Day,Weekday,No Recent PIN Change
TXN0000649804,CUST00128153,2021-04-10,20:02:00,20,1,0,Australia,Paris,Online Shopping,Debit Card,Desktop,49,785,3.3,6175.43,43.41,148,20,12.3,1.43,0,0,1,1,Synthetic Identity,Fraud,Domestic,Day,Weekend,Recent PIN Change
TXN0000592191,CUST00171648,2021-04-11,23:07:00,23,1,1,Mexico,Toronto,Gaming,Mobile Payment,Mobile,33,418,18.2,23440.21,60.98,154,22,13.4,0.18,0,2,0,1,Synthetic Identity,Fraud,Domestic,Night,Weekend,No Recent PIN Change
TXN0000109569,CUST00096090,2022-01-16,10:08:00,10,1,0,Canada,Tokyo,Fuel,Credit Card,Mobile,50,819,4.6,2828.59,195.26,117,26,9.3,2.09,1,0,0,1,Synthetic Identity,Fraud,International,Day,Weekend,No Recent PIN Change
TXN0000926954,CUST00005577,2020-02-14,22:09:00,22,0,1,Mexico,Toronto,Online Shopping,Credit Card,Mobile,52,792,0.2,8626.55,64.85,152,24,5.1,18.41,1,0,0,1,Card Cloning,Fraud,International,Night,Weekday,No Recent PIN Change
TXN0000184773,CUST00091643,2024-02-15,17:21:00,17,0,0,Germany,Delhi,Entertainment,Credit Card,Tablet,23,693,6.6,711.83,31.41,157,26,4.3,4.89,0,0,1,1,Phishing,Fraud,Domestic,Day,Weekday,Recent PIN Change
TXN0000898929,CUST00010952,2021-11-20,23:28:00,23,1,1,Japan,Munich,Education,Debit Card,Desktop,54,710,0.7,1366.69,100.15,144,22,25,7.61,0,2,0,1,Card Cloning,Fraud,Domestic,Night,Weekend,No Recent PIN Change
TXN0000233811,CUST00040121,2024-11-22,08:18:00,8,0,0,USA,Lyon,Jewelry,Cheque,Mobile,50,595,6,4117.26,255.41,167,20,22.4,6.21,0,1,0,1,Account Takeover,Fraud,Domestic,Day,Weekday,No Recent PIN Change
TXN0000186652,CUST00170737,2021-01-10,01:42:00,1,1,1,USA,Sydney,Entertainment,Credit Card,Mobile,38,729,0.3,4020.39,168.54,152,17,23.7,10.46,1,1,0,1,Synthetic Identity,Fraud,International,Night,Weekend,No Recent PIN Change
TXN0000489101,CUST00070571,2024-03-21,04:09:00,4,0,1,USA,Mexico City,Clothing,Debit Card,POS Terminal,75,546,1.2,7565.76,255.68,159,21,4,2.17,0,0,0,1,Synthetic Identity,Fraud,Domestic,Night,Weekday,No Recent PIN Change
TXN0000665539,CUST00058714,2022-03-06,04:29:00,4,1,1,UK,Rio,Gaming,Debit Card,Mobile,27,685,11.3,46542.69,15.27,152,25,8.2,4.02,0,0,0,1,Friendly Fraud,Fraud,Domestic,Night,Weekend,No Recent PIN Change
TXN0000230751,CUST00034816,2023-04-06,21:53:00,21,0,0,UK,Toronto,Utilities,Credit Card,ATM,48,657,0.3,27435.93,82.76,167,27,4.4,1.41,0,0,1,1,Friendly Fraud,Fraud,Domestic,Day,Weekday,Recent PIN Change
TXN0000278980,CUST00089342,2020-12-04,17:54:00,17,0,0,USA,Munich,Travel,Credit Card,Mobile,32,644,8.6,42511.01,134.46,144,19,8.3,18.35,0,0,0,1,Identity Theft,Fraud,Domestic,Day,Weekday,No Recent PIN Change
TXN0000513974,CUST00071729,2021-07-18,16:13:00,16,1,0,Canada,Berlin,Travel,Credit Card,Mobile,71,652,2.8,3062.29,113.75,139,22,9.4,10.69,0,3,0,1,Friendly Fraud,Fraud,Domestic,Day,Weekend,No Recent PIN Change
TXN0000988152,CUST00111003,2022-10-08,03:59:00,3,1,1,Brazil,Osaka,Restaurant,Debit Card,ATM,47,715,0.9,10484.97,12.35,143,20,26,9.24,1,0,0,1,Phishing,Fraud,International,Night,Weekend,No Recent PIN Change
TXN0000367727,CUST00137147,2022-09-16,05:22:00,5,0,1,USA,Sydney,Education,Bank Transfer,Mobile,30,759,4.3,43241.78,102.83,145,16,40,14.88,1,0,0,1,Identity Theft,Fraud,International,Night,Weekday,No Recent PIN Change
TXN0000975455,CUST00169241,2024-11-14,07:52:00,7,0,0,USA,Guadalajara,Travel,Debit Card,Desktop,47,702,6.6,7799.46,313.29,146,25,29.6,5.24,0,3,0,1,Account Takeover,Fraud,Domestic,Day,Weekday,No Recent PIN Change
TXN0000630356,CUST00040751,2024-05-13,22:38:00,22,0,1,Germany,Lyon,Crypto Exchange,Credit Card,POS Terminal,36,682,9,3658.04,17.56,127,25,10,36.98,0,0,0,1,Account Takeover,Fraud,Domestic,Night,Weekday,No Recent PIN Change
TXN0000537650,CUST00056168,2021-10-14,02:12:00,2,0,1,USA,Munich,Crypto Exchange,Credit Card,Mobile,38,690,2.3,2388.22,126.93,177,26,9.9,6.56,1,0,1,1,Card Cloning,Fraud,International,Night,Weekday,Recent PIN Change
TXN0000036788,CUST00000651,2020-08-30,04:46:00,4,1,1,USA,Rio,Education,Debit Card,Mobile,30,662,0.4,3293.42,46.53,152,16,6,9.19,0,0,0,1,Card Cloning,Fraud,Domestic,Night,Weekend,No Recent PIN Change
TXN0000091361,CUST00037149,2021-11-29,16:36:00,16,0,0,Brazil,Melbourne,Jewelry,Cheque,POS Terminal,35,639,1.1,21135.87,437.84,152,20,7.6,8.52,0,0,0,1,Phishing,Fraud,Domestic,Day,Weekday,No Recent PIN Change
TXN0000901415,CUST00044702,2020-03-08,15:12:00,15,1,0,Australia,São Paulo,Education,Debit Card,Mobile,26,729,6.8,37811.08,137.85,162,24,12.5,0.94,0,0,1,1,Synthetic Identity,Fraud,Domestic,Day,Weekend,Recent PIN Change
TXN0000116170,CUST00053096,2020-01-06,20:18:00,20,0,0,Australia,Berlin,ATM Withdrawal,Debit Card,Mobile,24,685,4.7,6299.68,123.08,128,15,14.6,9.21,1,0,0,1,Phishing,Fraud,International,Day,Weekday,No Recent PIN Change
TXN0000171773,CUST00053880,2021-03-05,04:02:00,4,0,1,Germany,Osaka,Electronics,Debit Card,Desktop,53,585,5.5,25760.33,297.14,146,23,18.3,8.86,0,4,0,1,Phishing,Fraud,Domestic,Night,Weekday,No Recent PIN Change
TXN0000667521,CUST00078285,2021-04-03,05:28:00,5,1,1,USA,Guadalajara,Gaming,Credit Card,Mobile,45,627,2.3,53734.57,47.14,148,24,44.6,5.15,0,2,0,1,Synthetic Identity,Fraud,Domestic,Night,Weekend,No Recent PIN Change
TXN0000971660,CUST00025967,2023-11-22,23:52:00,23,0,1,France,Toronto,Crypto Exchange,Debit Card,Mobile,32,647,6,8651.87,11.11,143,23,20.8,4.39,0,1,0,1,Account Takeover,Fraud,Domestic,Night,Weekday,No Recent PIN Change
TXN0000456307,CUST00026694,2024-10-06,15:03:00,15,1,0,USA,Delhi,Education,Mobile Payment,Mobile,37,711,12.4,1618.4,79.1,149,12,14.7,3.35,1,0,0,1,Phishing,Fraud,International,Day,Weekend,No Recent PIN Change
TXN0000944696,CUST00111294,2022-06-05,20:45:00,20,1,0,France,London,ATM Withdrawal,Debit Card,Tablet,62,596,2.6,21426.13,44.55,151,25,24.5,11.02,0,0,1,1,Synthetic Identity,Fraud,Domestic,Day,Weekend,Recent PIN Change
TXN0000124491,CUST00140001,2022-09-24,23:15:00,23,1,1,UK,Osaka,Clothing,Credit Card,Mobile,31,705,0.2,4435.26,36.17,152,21,7.1,10.18,1,0,0,1,Phishing,Fraud,International,Night,Weekend,No Recent PIN Change
TXN0000920764,CUST00157078,2023-04-02,14:39:00,14,1,0,India,Osaka,ATM Withdrawal,Bank Transfer,Tablet,18,741,3.6,194.9,117.53,159,20,23.1,3.96,1,0,0,1,Account Takeover,Fraud,International,Day,Weekend,No Recent PIN Change
TXN0000353525,CUST00193700,2021-05-05,02:47:00,2,0,1,UK,Munich,Travel,Credit Card,Desktop,40,850,2.9,1502.85,1151.03,147,22,48.3,10.45,1,0,0,1,Identity Theft,Fraud,International,Night,Weekday,No Recent PIN Change
TXN0000734090,CUST00137495,2024-07-04,11:13:00,11,0,0,Brazil,London,Education,Debit Card,Mobile,40,658,6.3,1318.44,17.65,164,19,6.2,7.1,1,3,0,1,Synthetic Identity,Fraud,International,Day,Weekday,No Recent PIN Change
TXN0000189628,CUST00115975,2022-09-06,21:05:00,21,0,0,France,Berlin,Fuel,Mobile Payment,Desktop,46,698,7.3,16038.73,71.04,151,16,40.2,4.12,0,0,0,1,Card Cloning,Fraud,Domestic,Day,Weekday,No Recent PIN Change
TXN0000223279,CUST00177571,2024-09-09,00:27:00,0,0,1,UK,Tokyo,Clothing,Mobile Payment,Mobile,43,705,0.5,40185.29,19.59,146,17,8.9,22.12,1,0,0,1,Card Cloning,Fraud,International,Night,Weekday,No Recent PIN Change
TXN0000606017,CUST00179914,2023-07-18,06:25:00,6,0,1,USA,Rio,Travel,Bank Transfer,POS Terminal,18,634,6.1,2585.62,627.9,158,22,30.5,3.79,0,2,0,1,Identity Theft,Fraud,Domestic,Night,Weekday,No Recent PIN Change
TXN0000400011,CUST00018523,2020-01-03,21:22:00,21,0,0,Australia,Melbourne,ATM Withdrawal,Mobile Payment,ATM,50,801,4.8,21132.49,85.5,157,16,1.7,61.5,0,0,0,1,Phishing,Fraud,Domestic,Day,Weekday,No Recent PIN Change
TXN0000477329,CUST00019163,2021-10-12,18:41:00,18,0,0,India,Osaka,Restaurant,Cheque,Tablet,21,678,4.4,3781.81,51.18,173,19,13.1,3.69,0,0,0,1,Phishing,Fraud,Domestic,Day,Weekday,No Recent PIN Change
TXN0000876031,CUST00161622,2020-04-17,10:15:00,10,0,0,Australia,Sydney,Jewelry,Debit Card,Mobile,18,785,1.2,1738.19,562.89,170,18,29,8.81,1,2,0,1,Synthetic Identity,Fraud,International,Day,Weekday,No Recent PIN Change
TXN0000693387,CUST00159021,2024-08-21,03:58:00,3,0,1,Brazil,Sydney,Healthcare,Credit Card,POS Terminal,76,652,3.9,6237.94,71.62,137,21,1.7,12.62,0,0,0,1,Card Cloning,Fraud,Domestic,Night,Weekday,No Recent PIN Change
TXN0000183827,CUST00054353,2024-04-16,14:09:00,14,0,0,UK,Tokyo,Crypto Exchange,Credit Card,Mobile,40,672,3.1,28871.73,133.6,142,27,8.7,4.88,0,3,0,1,Identity Theft,Fraud,Domestic,Day,Weekday,No Recent PIN Change
TXN0000826167,CUST00181210,2022-08-31,04:10:00,4,0,1,USA,Mumbai,Healthcare,Credit Card,Tablet,35,680,8.7,5966.73,47.22,160,16,40.1,7.31,0,3,0,1,Phishing,Fraud,Domestic,Night,Weekday,No Recent PIN Change
TXN0000603607,CUST00010440,2020-02-12,04:55:00,4,0,1,USA,Tokyo,Online Shopping,Debit Card,Mobile,48,680,0.2,28860.98,18.8,145,15,37.1,5.21,0,3,0,1,Synthetic Identity,Fraud,Domestic,Night,Weekday,No Recent PIN Change
TXN0000198496,CUST00128222,2020-12-15,04:21:00,4,0,1,Australia,Osaka,Healthcare,Mobile Payment,Tablet,27,662,1,1283.78,49.97,158,22,26.6,13.98,1,0,0,1,Synthetic Identity,Fraud,International,Night,Weekday,No Recent PIN Change
TXN0000052658,CUST00024569,2023-01-12,00:49:00,0,0,1,USA,Melbourne,Entertainment,Credit Card,Tablet,18,739,2.3,10286.77,69.74,145,18,16.9,3.26,1,0,0,1,Friendly Fraud,Fraud,International,Night,Weekday,No Recent PIN Change
TXN0000883477,CUST00171339,2021-07-10,09:58:00,9,1,0,India,Paris,Online Shopping,Debit Card,ATM,18,788,1,10959.69,55.96,154,15,1.1,4.01,1,0,0,1,Synthetic Identity,Fraud,International,Day,Weekend,No Recent PIN Change
TXN0000551971,CUST00068770,2021-10-03,06:22:00,6,1,1,India,Berlin,Online Shopping,Debit Card,Mobile,43,771,0.9,107561.78,10.1,145,21,11.6,39.26,1,0,0,1,Account Takeover,Fraud,International,Night,Weekend,No Recent PIN Change
TXN0000116702,CUST00062173,2022-01-18,14:08:00,14,0,0,Mexico,Berlin,Gaming,Credit Card,Mobile,59,792,4,6817.56,25.73,135,17,4,24.37,0,2,0,1,Friendly Fraud,Fraud,Domestic,Day,Weekday,No Recent PIN Change
TXN0000727609,CUST00197236,2022-08-01,16:29:00,16,0,0,USA,New York,Travel,Credit Card,ATM,54,663,5,1772.66,497.16,148,19,12.2,27.54,0,2,0,1,Identity Theft,Fraud,Domestic,Day,Weekday,No Recent PIN Change
TXN0000545225,CUST00055316,2022-12-25,04:28:00,4,1,1,UK,Berlin,Travel,Debit Card,Mobile,22,690,10.3,5568.47,510.21,143,19,4.6,25.34,0,0,0,1,Identity Theft,Fraud,Domestic,Night,Weekend,No Recent PIN Change
TXN0000212211,CUST00165811,2023-12-28,20:35:00,20,0,0,Mexico,Paris,Education,Debit Card,Mobile,40,642,19.7,33244.62,95.04,139,26,26.1,0.21,0,2,0,1,Synthetic Identity,Fraud,Domestic,Day,Weekday,No Recent PIN Change
TXN0000947770,CUST00156527,2020-11-01,05:20:00,5,1,1,USA,Guadalajara,Jewelry,Credit Card,Mobile,33,708,0.2,91589.04,671.03,191,15,16.5,19.21,0,0,0,1,Synthetic Identity,Fraud,Domestic,Night,Weekend,No Recent PIN Change
TXN0000312484,CUST00081090,2020-08-06,17:58:00,17,0,0,France,Munich,Education,Cheque,ATM,35,800,10,5403.54,51.1,154,22,48.4,9.29,1,0,0,1,Card Cloning,Fraud,International,Day,Weekday,No Recent PIN Change
TXN0000085168,CUST00040318,2024-03-29,14:54:00,14,0,0,Germany,London,Crypto Exchange,Credit Card,POS Terminal,39,667,0.1,2226.3,144.92,151,22,72.7,13.68,0,0,0,1,Identity Theft,Fraud,Domestic,Day,Weekday,No Recent PIN Change
TXN0000013053,CUST00136879,2024-02-07,08:48:00,8,0,0,USA,Los Angeles,Grocery,Mobile Payment,Tablet,66,753,1.3,11137.72,53.44,148,26,28.9,14.93,0,4,0,1,Card Cloning,Fraud,Domestic,Day,Weekday,No Recent PIN Change
TXN0000717963,CUST00072886,2023-01-19,19:38:00,19,0,0,India,Mumbai,Crypto Exchange,Debit Card,POS Terminal,43,762,6,46171.78,17.53,155,18,23.1,4.38,1,1,0,1,Account Takeover,Fraud,International,Day,Weekday,No Recent PIN Change
TXN0000839714,CUST00179635,2021-10-05,23:24:00,23,0,1,UK,Mexico City,Healthcare,Bank Transfer,Mobile,40,571,1.2,2017.64,90.32,164,27,3.5,25.89,0,0,0,1,Identity Theft,Fraud,Domestic,Night,Weekday,No Recent PIN Change
TXN0000778231,CUST00016222,2023-03-31,08:38:00,8,0,0,USA,Rio,Healthcare,Mobile Payment,ATM,37,850,17.3,872.18,18.37,134,23,50.3,4.36,1,0,0,1,Identity Theft,Fraud,International,Day,Weekday,No Recent PIN Change
TXN0000326334,CUST00022748,2024-01-29,08:24:00,8,0,0,Mexico,Munich,Online Shopping,Credit Card,Mobile,43,747,7.2,18131.77,30.11,161,17,20.8,0.41,0,0,0,1,Phishing,Fraud,Domestic,Day,Weekday,No Recent PIN Change
TXN0000213325,CUST00103672,2021-09-27,04:37:00,4,0,1,Australia,Munich,Healthcare,Credit Card,Mobile,33,712,3.5,6197.22,37.22,169,19,33.4,7.52,0,0,0,1,Identity Theft,Fraud,Domestic,Night,Weekday,No Recent PIN Change
TXN0000810153,CUST00025332,2020-05-23,20:56:00,20,1,0,USA,Munich,Electronics,Credit Card,ATM,52,634,0.7,45465.33,348.52,151,21,45,6.74,1,2,0,1,Identity Theft,Fraud,International,Day,Weekend,No Recent PIN Change
TXN0000641168,CUST00124461,2020-01-15,01:46:00,1,0,1,Mexico,Melbourne,Restaurant,Debit Card,Mobile,37,625,6.1,49913.5,88.25,135,20,2.1,20.11,0,0,0,1,Account Takeover,Fraud,Domestic,Night,Weekday,No Recent PIN Change
TXN0000152250,CUST00018917,2020-01-29,23:08:00,23,0,1,USA,London,Restaurant,Credit Card,POS Terminal,62,772,3.8,855.98,144.12,153,18,16.9,13.41,0,2,0,1,Friendly Fraud,Fraud,Domestic,Night,Weekday,No Recent PIN Change
TXN0000198303,CUST00077665,2024-04-27,08:50:00,8,1,0,Germany,Paris,Electronics,Crypto,Mobile,42,588,4.3,2483.05,343.55,149,17,34.9,14.34,0,0,0,1,Synthetic Identity,Fraud,Domestic,Day,Weekend,No Recent PIN Change
TXN0000170799,CUST00173982,2022-09-12,08:58:00,8,0,0,USA,Rio,ATM Withdrawal,Debit Card,Desktop,47,759,7.4,4374.24,17.01,154,25,16.5,12.36,1,0,0,1,Friendly Fraud,Fraud,International,Day,Weekday,No Recent PIN Change
TXN0000033852,CUST00186525,2022-08-02,03:17:00,3,0,1,Australia,Manchester,Grocery,Debit Card,Mobile,23,621,1.3,776.97,14.55,139,27,0.2,30.23,0,0,1,1,Synthetic Identity,Fraud,Domestic,Night,Weekday,Recent PIN Change
TXN0000526148,CUST00142891,2022-09-20,14:38:00,14,0,0,Canada,New York,Healthcare,Credit Card,Mobile,53,727,5.3,11938.13,22.03,138,19,13.7,1.68,1,0,0,1,Phishing,Fraud,International,Day,Weekday,No Recent PIN Change
TXN0000418065,CUST00195298,2023-07-02,23:55:00,23,1,1,UK,Lyon,Clothing,Credit Card,Desktop,60,718,8.7,48371.61,4.22,162,27,7.9,0.11,0,0,0,1,Phishing,Fraud,Domestic,Night,Weekend,No Recent PIN Change
TXN0000862479,CUST00029172,2023-06-15,17:14:00,17,0,0,USA,New York,Crypto Exchange,Mobile Payment,Mobile,52,773,8.7,20347,277.48,145,16,38.2,47.93,0,0,0,1,Card Cloning,Fraud,Domestic,Day,Weekday,No Recent PIN Change
TXN0000378290,CUST00028939,2021-02-06,06:14:00,6,1,1,Japan,Los Angeles,Clothing,Crypto,Mobile,42,548,0.5,10307.48,160.09,130,21,43.2,3.85,0,1,0,1,Friendly Fraud,Fraud,Domestic,Night,Weekend,No Recent PIN Change
TXN0000690735,CUST00177418,2020-11-20,10:13:00,10,0,0,USA,Mumbai,Crypto Exchange,Crypto,Mobile,55,663,0.6,2249.39,10.01,141,21,43.5,7.91,0,0,0,1,Phishing,Fraud,Domestic,Day,Weekday,No Recent PIN Change
TXN0000967408,CUST00076171,2021-01-25,04:39:00,4,0,1,UK,Paris,Fuel,Debit Card,POS Terminal,45,773,0.5,40020.4,43.87,172,17,19.7,5.2,0,0,0,1,Phishing,Fraud,Domestic,Night,Weekday,No Recent PIN Change
TXN0000856811,CUST00196893,2023-11-18,06:35:00,6,1,1,Mexico,Osaka,Travel,Bank Transfer,Desktop,46,665,5.9,1457.22,90.46,145,20,5.1,36.85,1,2,0,1,Card Cloning,Fraud,International,Night,Weekend,No Recent PIN Change
TXN0000746063,CUST00105529,2020-09-17,05:25:00,5,0,1,USA,Mexico City,Utilities,Debit Card,ATM,32,498,1.2,8345.66,89.71,157,16,6.6,2.67,1,0,0,1,Friendly Fraud,Fraud,International,Night,Weekday,No Recent PIN Change
TXN0000494370,CUST00036962,2024-10-01,06:29:00,6,0,1,India,Guadalajara,Online Shopping,Credit Card,Mobile,26,556,4,22741.57,165.78,138,19,73.2,3.88,1,0,1,1,Friendly Fraud,Fraud,International,Night,Weekday,Recent PIN Change
TXN0000591108,CUST00114789,2023-10-27,02:51:00,2,0,1,USA,São Paulo,Entertainment,Mobile Payment,Desktop,25,779,1,1063.28,84.43,158,25,2.5,24.72,0,0,0,1,Friendly Fraud,Fraud,Domestic,Night,Weekday,No Recent PIN Change
TXN0000408172,CUST00053009,2022-09-19,14:42:00,14,0,0,USA,Sydney,Crypto Exchange,Credit Card,Mobile,37,774,1.8,51606.65,58.72,141,27,18.2,7.13,0,0,0,1,Card Cloning,Fraud,Domestic,Day,Weekday,No Recent PIN Change
TXN0000354271,CUST00147761,2024-08-07,22:32:00,22,0,1,USA,Lyon,Electronics,Credit Card,Desktop,29,624,4.8,8703.2,690.63,180,26,35,2.72,0,0,0,1,Identity Theft,Fraud,Domestic,Night,Weekday,No Recent PIN Change
TXN0000669646,CUST00084136,2021-06-03,05:32:00,5,0,1,Canada,Mumbai,Utilities,Debit Card,Mobile,27,677,1.5,1269.34,15.24,161,23,39.9,5.52,1,3,0,1,Phishing,Fraud,International,Night,Weekday,No Recent PIN Change
TXN0000125711,CUST00064573,2021-12-19,03:04:00,3,1,1,France,Guadalajara,Online Shopping,Debit Card,POS Terminal,19,644,2.4,2789.23,6.24,140,15,17.8,1.78,0,2,0,1,Friendly Fraud,Fraud,Domestic,Night,Weekend,No Recent PIN Change
TXN0000199903,CUST00068845,2021-10-17,10:17:00,10,1,0,Japan,Tokyo,ATM Withdrawal,Mobile Payment,Desktop,29,815,0.7,38418.61,54.33,178,25,2.6,8.44,0,2,0,1,Account Takeover,Fraud,Domestic,Day,Weekend,No Recent PIN Change
TXN0000141875,CUST00076423,2022-03-12,03:52:00,3,1,1,UK,London,Jewelry,Debit Card,Mobile,53,669,18.1,7128.61,726.63,156,25,31.4,3,0,3,1,1,Account Takeover,Fraud,Domestic,Night,Weekend,Recent PIN Change
TXN0000920850,CUST00176419,2022-12-02,06:31:00,6,0,1,USA,Vancouver,ATM Withdrawal,Crypto,Mobile,34,526,2.3,3042.62,30.03,136,20,51,18.25,1,0,0,1,Friendly Fraud,Fraud,International,Night,Weekday,No Recent PIN Change
TXN0000505542,CUST00185957,2022-03-27,20:57:00,20,1,0,France,Toronto,Fuel,Credit Card,POS Terminal,35,699,5.2,16084.66,156.51,129,24,7.8,24.71,1,2,0,1,Synthetic Identity,Fraud,International,Day,Weekend,No Recent PIN Change
TXN0000553905,CUST00098757,2021-11-09,02:45:00,2,0,1,Germany,Osaka,Electronics,Mobile Payment,Mobile,44,519,13.3,8791.89,128.33,157,17,8.5,1.56,1,0,1,1,Account Takeover,Fraud,International,Night,Weekday,Recent PIN Change
TXN0000898007,CUST00094846,2022-04-26,01:23:00,1,0,1,USA,Tokyo,Travel,Mobile Payment,POS Terminal,45,640,17.7,2863.57,70.78,190,22,21.3,0.39,0,2,0,1,Friendly Fraud,Fraud,Domestic,Night,Weekday,No Recent PIN Change
TXN0000218989,CUST00038377,2021-06-04,23:58:00,23,0,1,UK,London,Jewelry,Debit Card,POS Terminal,28,688,18.9,1024.63,968.7,132,21,19.2,0.19,0,0,0,1,Identity Theft,Fraud,Domestic,Night,Weekday,No Recent PIN Change
TXN0000017446,CUST00095050,2021-09-04,08:39:00,8,1,0,Mexico,Sydney,ATM Withdrawal,Credit Card,Tablet,38,560,18.4,3830.19,107.06,158,17,33,4.59,1,1,0,1,Phishing,Fraud,International,Day,Weekend,No Recent PIN Change
TXN0000943927,CUST00179360,2024-04-26,23:36:00,23,0,1,USA,Tokyo,Clothing,Debit Card,Desktop,41,570,1.5,99101.02,91.22,160,25,111,5.81,1,0,0,1,Card Cloning,Fraud,International,Night,Weekday,No Recent PIN Change
TXN0000121687,CUST00179046,2024-02-19,05:38:00,5,0,1,USA,Mumbai,Grocery,Mobile Payment,Mobile,51,485,0.2,6005.87,55.1,157,17,6.5,10.72,0,0,1,1,Friendly Fraud,Fraud,Domestic,Night,Weekday,Recent PIN Change
TXN0000626074,CUST00178089,2023-04-27,10:33:00,10,0,0,Canada,Mumbai,ATM Withdrawal,Mobile Payment,POS Terminal,21,778,7.5,12726.11,394.89,174,21,1.6,11.26,1,3,0,1,Account Takeover,Fraud,International,Day,Weekday,No Recent PIN Change
TXN0000141857,CUST00149950,2021-06-04,06:01:00,6,0,1,Japan,Tokyo,Restaurant,Credit Card,POS Terminal,38,810,1.7,5318.62,5.17,164,27,0.3,22.03,1,0,0,1,Card Cloning,Fraud,International,Night,Weekday,No Recent PIN Change
TXN0000653056,CUST00087613,2020-01-05,10:53:00,10,1,0,UK,Sydney,Jewelry,Bank Transfer,Desktop,42,735,0.4,5863.88,107.27,156,12,81,9.79,0,0,0,1,Phishing,Fraud,Domestic,Day,Weekend,No Recent PIN Change
TXN0000521817,CUST00138491,2023-05-24,04:26:00,4,0,1,USA,Paris,Fuel,Bank Transfer,ATM,65,721,3.9,90651.21,17.59,141,24,53.3,18.2,0,4,0,1,Card Cloning,Fraud,Domestic,Night,Weekday,No Recent PIN Change
TXN0000545768,CUST00143553,2024-07-04,06:22:00,6,0,1,Germany,Osaka,Education,Debit Card,POS Terminal,28,730,5.9,21543.96,28.76,136,19,14.1,9.46,0,3,0,1,Phishing,Fraud,Domestic,Night,Weekday,No Recent PIN Change
TXN0000343574,CUST00108824,2021-12-19,17:43:00,17,1,0,Mexico,Manchester,Travel,Debit Card,Desktop,40,656,6.7,8061.24,3165.53,149,19,23.3,0.16,0,0,0,1,Friendly Fraud,Fraud,Domestic,Day,Weekend,No Recent PIN Change
TXN0000445264,CUST00053546,2023-09-23,20:46:00,20,1,0,USA,Lyon,ATM Withdrawal,Credit Card,Mobile,53,703,6.6,8030.08,50.49,163,11,2.5,2.59,0,0,0,1,Card Cloning,Fraud,Domestic,Day,Weekend,No Recent PIN Change
TXN0000489032,CUST00023973,2020-02-10,01:25:00,1,0,1,USA,Munich,Jewelry,Debit Card,Mobile,41,631,2,7177.28,417.05,159,12,23.2,24.8,0,0,0,1,Phishing,Fraud,Domestic,Night,Weekday,No Recent PIN Change
TXN0000335663,CUST00037527,2022-07-24,06:19:00,6,1,1,USA,Melbourne,Restaurant,Crypto,Mobile,18,706,1,11586.59,98.51,146,21,21,19.41,0,1,0,1,Friendly Fraud,Fraud,Domestic,Night,Weekend,No Recent PIN Change
TXN0000679627,CUST00051249,2024-01-29,06:44:00,6,0,1,USA,Vancouver,Restaurant,Bank Transfer,Desktop,28,686,9.6,69205.51,58.82,144,16,28.6,17.5,1,0,0,1,Identity Theft,Fraud,International,Night,Weekday,No Recent PIN Change
TXN0000431490,CUST00069503,2020-10-13,02:12:00,2,0,1,USA,Osaka,Travel,Credit Card,Mobile,53,616,9.8,2336.63,192.34,140,15,30.5,1.33,1,0,0,1,Card Cloning,Fraud,International,Night,Weekday,No Recent PIN Change
TXN0000478573,CUST00082774,2021-07-03,05:52:00,5,1,1,India,Mumbai,Utilities,Debit Card,Desktop,48,705,5.7,66253.49,302.65,155,18,31.3,0.47,1,1,0,1,Synthetic Identity,Fraud,International,Night,Weekend,No Recent PIN Change
TXN0000076934,CUST00029717,2023-03-07,01:16:00,1,0,1,Brazil,New York,ATM Withdrawal,Credit Card,Desktop,37,575,15,995.04,49.81,154,22,66,22.67,0,0,0,1,Phishing,Fraud,Domestic,Night,Weekday,No Recent PIN Change
TXN0000368502,CUST00125841,2024-06-20,01:03:00,1,0,1,France,Osaka,Fuel,Crypto,Desktop,63,714,3.2,11837.55,30.15,147,26,6.9,12.08,1,0,0,1,Account Takeover,Fraud,International,Night,Weekday,No Recent PIN Change
TXN0000866403,CUST00141738,2020-12-23,02:32:00,2,0,1,UK,Toronto,Jewelry,Debit Card,Mobile,44,615,4.8,735.28,289.46,128,20,2.4,7.92,0,5,0,1,Phishing,Fraud,Domestic,Night,Weekday,No Recent PIN Change
TXN0000690416,CUST00016163,2024-12-06,00:06:00,0,0,1,Brazil,Mumbai,Jewelry,Credit Card,Desktop,41,606,2.6,903.53,309.89,157,17,10.2,3.58,0,1,0,1,Identity Theft,Fraud,Domestic,Night,Weekday,No Recent PIN Change
TXN0000010834,CUST00077925,2021-07-25,19:52:00,19,1,0,USA,Manchester,Travel,Crypto,Mobile,75,704,2.8,3574.66,823.74,164,18,0.2,13.95,1,0,0,1,Phishing,Fraud,International,Day,Weekend,No Recent PIN Change
TXN0000550545,CUST00171236,2024-03-14,23:22:00,23,0,1,USA,Los Angeles,Clothing,Mobile Payment,ATM,37,599,17.6,1773.37,76.6,155,15,4.9,0.95,0,2,0,1,Identity Theft,Fraud,Domestic,Night,Weekday,No Recent PIN Change
TXN0000550178,CUST00079424,2020-03-16,13:22:00,13,0,0,USA,Vancouver,Clothing,Credit Card,Desktop,18,685,8.4,11598.05,7.96,155,18,10.5,28.27,1,2,0,1,Card Cloning,Fraud,International,Day,Weekday,No Recent PIN Change
TXN0000475793,CUST00102942,2020-10-24,22:37:00,22,1,1,Germany,Melbourne,Education,Bank Transfer,Mobile,18,814,1.7,22142.6,35.7,153,20,4.6,19.27,0,0,0,1,Friendly Fraud,Fraud,Domestic,Night,Weekend,No Recent PIN Change
TXN0000774305,CUST00081785,2021-07-29,02:08:00,2,0,1,Brazil,Los Angeles,Education,Credit Card,Desktop,34,611,12.4,3712.01,7.94,147,18,27.5,10.77,1,0,1,1,Identity Theft,Fraud,International,Night,Weekday,Recent PIN Change
TXN0000658814,CUST00177788,2022-11-13,05:41:00,5,1,1,Germany,London,Gaming,Debit Card,Tablet,27,626,3.1,10892.21,43.39,158,19,22.4,3.4,0,1,0,1,Synthetic Identity,Fraud,Domestic,Night,Weekend,No Recent PIN Change
TXN0000086518,CUST00161526,2023-11-16,12:18:00,12,0,0,Brazil,Manchester,Education,Bank Transfer,Mobile,61,447,5.6,9631.3,117.48,143,22,3.9,13.26,1,0,0,1,Synthetic Identity,Fraud,International,Day,Weekday,No Recent PIN Change
TXN0000716800,CUST00167948,2020-03-25,11:41:00,11,0,0,UK,Munich,Utilities,Mobile Payment,Tablet,47,630,0.4,3159.7,45.06,151,23,7.1,0.77,1,0,1,1,Identity Theft,Fraud,International,Day,Weekday,Recent PIN Change
TXN0000459088,CUST00129905,2020-03-23,10:22:00,10,0,0,USA,Tokyo,Grocery,Mobile Payment,Tablet,18,652,4.4,5979.6,224.1,147,18,53,13.87,1,2,0,1,Identity Theft,Fraud,International,Day,Weekday,No Recent PIN Change
TXN0000980141,CUST00090069,2024-03-14,19:03:00,19,0,0,USA,Delhi,Entertainment,Bank Transfer,Mobile,45,520,2.7,4013.75,15.02,147,22,10.8,0.16,0,1,0,1,Card Cloning,Fraud,Domestic,Day,Weekday,No Recent PIN Change
TXN0000156771,CUST00168857,2020-03-19,19:31:00,19,0,0,USA,Tokyo,Utilities,Bank Transfer,ATM,61,717,1.2,27816.39,69.98,140,17,11.7,65.36,0,0,0,1,Friendly Fraud,Fraud,Domestic,Day,Weekday,No Recent PIN Change
TXN0000841694,CUST00175129,2024-07-15,10:59:00,10,0,0,Brazil,Mexico City,Education,Credit Card,Mobile,51,755,3.8,1075.16,70.2,132,16,29.2,0.3,1,0,0,1,Synthetic Identity,Fraud,International,Day,Weekday,No Recent PIN Change
TXN0000459018,CUST00110438,2024-12-23,01:29:00,1,0,1,Germany,Los Angeles,Healthcare,Credit Card,Desktop,26,701,2.1,15954.83,13.68,162,16,30.2,0.53,1,1,1,1,Identity Theft,Fraud,International,Night,Weekday,Recent PIN Change
TXN0000436368,CUST00136661,2023-07-30,23:51:00,23,1,1,Mexico,Mexico City,Electronics,Credit Card,Desktop,33,724,2.7,22288.72,267.79,152,19,13.3,6.77,0,0,0,1,Account Takeover,Fraud,Domestic,Night,Weekend,No Recent PIN Change
TXN0000258988,CUST00056637,2020-02-01,02:12:00,2,1,1,USA,Mexico City,Jewelry,Debit Card,POS Terminal,29,589,3.1,12387.35,444.78,179,22,11.8,2.32,0,0,1,1,Phishing,Fraud,Domestic,Night,Weekend,Recent PIN Change
TXN0000448393,CUST00145008,2024-01-24,06:45:00,6,0,1,USA,Berlin,ATM Withdrawal,Debit Card,POS Terminal,29,576,0.8,10507.11,153.28,159,20,26.1,1.09,0,1,0,1,Phishing,Fraud,Domestic,Night,Weekday,No Recent PIN Change
TXN0000667091,CUST00031235,2023-02-20,10:43:00,10,0,0,Canada,Sydney,Restaurant,Bank Transfer,Mobile,54,623,0.7,232102.3,23.52,178,23,10.2,2.63,0,2,0,1,Friendly Fraud,Fraud,Domestic,Day,Weekday,No Recent PIN Change
TXN0000964786,CUST00126087,2021-02-17,19:16:00,19,0,0,India,Delhi,Entertainment,Debit Card,Mobile,59,671,7.2,20294.91,59.92,151,22,19.9,1.87,0,0,0,1,Friendly Fraud,Fraud,Domestic,Day,Weekday,No Recent PIN Change
TXN0000439611,CUST00094891,2023-04-27,02:56:00,2,0,1,India,Munich,Education,Crypto,POS Terminal,38,681,6.6,44492.49,15.73,151,23,15.6,21.34,0,0,0,1,Account Takeover,Fraud,Domestic,Night,Weekday,No Recent PIN Change
TXN0000606578,CUST00023848,2024-01-24,22:53:00,22,0,1,USA,Lyon,Crypto Exchange,Mobile Payment,Mobile,54,709,2.2,2940.49,121.65,147,21,3.7,4.51,1,0,0,1,Phishing,Fraud,International,Night,Weekday,No Recent PIN Change
TXN0000481483,CUST00140974,2022-09-23,05:43:00,5,0,1,USA,Mexico City,Clothing,Credit Card,Tablet,19,663,2.3,56247.23,41,138,20,3.6,27.83,0,1,1,1,Identity Theft,Fraud,Domestic,Night,Weekday,Recent PIN Change
TXN0000859695,CUST00011859,2020-12-22,23:46:00,23,0,1,Brazil,Tokyo,Crypto Exchange,Credit Card,Mobile,54,613,1.9,7035.22,69.66,147,22,18.5,2.63,1,0,0,1,Card Cloning,Fraud,International,Night,Weekday,No Recent PIN Change
TXN0000828078,CUST00005287,2024-07-19,06:12:00,6,0,1,Mexico,Mumbai,Fuel,Credit Card,ATM,18,687,0.5,11090.08,17.11,128,27,10.2,24.54,0,0,0,1,Synthetic Identity,Fraud,Domestic,Night,Weekday,No Recent PIN Change
TXN0000313936,CUST00083821,2021-05-23,07:02:00,7,1,0,UK,Lyon,Healthcare,Credit Card,Mobile,46,651,3.7,36204.31,432.97,155,31,11.2,9.5,1,0,0,1,Synthetic Identity,Fraud,International,Day,Weekend,No Recent PIN Change
TXN0000239068,CUST00011724,2022-10-29,12:10:00,12,1,0,USA,Sydney,Jewelry,Debit Card,Mobile,38,597,0.6,2498.73,917.64,136,23,41.3,2.69,0,0,0,1,Phishing,Fraud,Domestic,Day,Weekend,No Recent PIN Change
TXN0000323995,CUST00122153,2023-06-15,16:45:00,16,0,0,Germany,Manchester,Education,Credit Card,Mobile,18,713,4.4,56955.18,12.47,162,17,43.6,10.38,0,1,1,1,Friendly Fraud,Fraud,Domestic,Day,Weekday,Recent PIN Change
TXN0000043499,CUST00097260,2020-09-02,15:33:00,15,0,0,Brazil,Osaka,Crypto Exchange,Bank Transfer,Mobile,24,647,9.3,10592.31,120.72,160,18,46.5,7.3,0,3,0,1,Card Cloning,Fraud,Domestic,Day,Weekday,No Recent PIN Change
TXN0000480748,CUST00189776,2024-01-12,01:31:00,1,0,1,France,Sydney,Clothing,Bank Transfer,POS Terminal,48,790,1.6,11510.31,220.53,166,18,10.1,38.38,0,0,0,1,Identity Theft,Fraud,Domestic,Night,Weekday,No Recent PIN Change
TXN0000882799,CUST00007137,2024-07-01,11:44:00,11,0,0,Canada,Berlin,ATM Withdrawal,Debit Card,POS Terminal,43,784,27.4,7282.22,6.83,159,21,27.7,6.75,0,0,0,1,Card Cloning,Fraud,Domestic,Day,Weekday,No Recent PIN Change
TXN0000249112,CUST00017621,2024-09-21,03:59:00,3,1,1,USA,Guadalajara,Entertainment,Mobile Payment,Mobile,52,758,9.9,628.44,56.77,158,25,34.5,3.43,0,1,0,1,Synthetic Identity,Fraud,Domestic,Night,Weekend,No Recent PIN Change
TXN0000394249,CUST00031392,2020-11-22,22:18:00,22,1,1,India,Los Angeles,Crypto Exchange,Bank Transfer,Mobile,33,536,11.6,10893.02,484.02,152,18,6.8,1.46,0,2,0,1,Account Takeover,Fraud,Domestic,Night,Weekend,No Recent PIN Change
TXN0000909431,CUST00053668,2022-02-21,01:17:00,1,0,1,Australia,São Paulo,Travel,Mobile Payment,ATM,18,592,1,38692.67,1073.76,160,22,20.5,0.45,0,0,0,1,Identity Theft,Fraud,Domestic,Night,Weekday,No Recent PIN Change
TXN0000449461,CUST00084444,2022-12-22,04:07:00,4,0,1,Australia,Melbourne,Jewelry,Credit Card,Desktop,47,669,3.1,6729.51,353.91,143,23,6.3,21.28,1,0,0,1,Friendly Fraud,Fraud,International,Night,Weekday,No Recent PIN Change
TXN0000118020,CUST00107994,2022-11-15,05:00:00,5,0,1,India,Rio,Restaurant,Credit Card,Mobile,37,516,1.2,10399.34,20.1,152,12,11.4,14.01,0,0,0,1,Account Takeover,Fraud,Domestic,Night,Weekday,No Recent PIN Change
TXN0000178609,CUST00056588,2023-02-09,19:55:00,19,0,0,Mexico,London,Crypto Exchange,Debit Card,Tablet,50,790,4.4,1285.18,40.21,161,17,2.1,19.33,0,0,0,1,Synthetic Identity,Fraud,Domestic,Day,Weekday,No Recent PIN Change
TXN0000318691,CUST00030224,2021-03-26,00:13:00,0,0,1,Canada,Toronto,Jewelry,Debit Card,Desktop,48,611,0.6,17724.31,805.86,151,20,6.5,0.62,0,0,0,1,Identity Theft,Fraud,Domestic,Night,Weekday,No Recent PIN Change
TXN0000821590,CUST00000581,2021-06-10,13:20:00,13,0,0,UK,Tokyo,Electronics,Credit Card,Mobile,22,813,2.8,3878.2,1799.87,167,17,6.9,19.85,1,0,0,1,Friendly Fraud,Fraud,International,Day,Weekday,No Recent PIN Change
TXN0000720187,CUST00177865,2020-05-14,00:16:00,0,0,1,Australia,Sydney,Electronics,Bank Transfer,Tablet,58,686,8.1,3393.72,114.4,157,27,4.8,25.4,1,0,0,1,Synthetic Identity,Fraud,International,Night,Weekday,No Recent PIN Change
TXN0000051391,CUST00049034,2022-05-07,04:55:00,4,1,1,USA,Lyon,Online Shopping,Debit Card,Mobile,18,719,4.7,5895.08,10.95,176,23,26.9,5.81,0,0,1,1,Card Cloning,Fraud,Domestic,Night,Weekend,Recent PIN Change
TXN0000203942,CUST00127445,2022-06-17,02:28:00,2,0,1,USA,Guadalajara,Electronics,Credit Card,ATM,36,827,0.3,94692.52,567.62,143,15,31.1,1.81,0,0,0,1,Phishing,Fraud,Domestic,Night,Weekday,No Recent PIN Change
TXN0000462640,CUST00126273,2021-03-23,04:09:00,4,0,1,USA,Paris,Utilities,Credit Card,Mobile,20,644,7.5,9465.86,12.94,168,19,5,6.75,0,3,0,1,Phishing,Fraud,Domestic,Night,Weekday,No Recent PIN Change
TXN0000776612,CUST00053951,2024-11-18,05:03:00,5,0,1,USA,Sydney,Travel,Bank Transfer,Mobile,39,682,11.4,3230.38,449.12,165,26,8,10.33,0,0,1,1,Identity Theft,Fraud,Domestic,Night,Weekday,Recent PIN Change
TXN0000095163,CUST00080223,2023-11-24,05:10:00,5,0,1,Brazil,Paris,Fuel,Bank Transfer,Mobile,40,529,10.8,30543.47,43.62,164,21,7.6,2.38,1,2,0,1,Phishing,Fraud,International,Night,Weekday,No Recent PIN Change
TXN0000662302,CUST00007822,2022-01-29,05:58:00,5,1,1,India,Manchester,Restaurant,Credit Card,Mobile,29,811,3.4,2414.49,20.94,145,12,24.7,14.08,0,5,0,1,Identity Theft,Fraud,Domestic,Night,Weekend,No Recent PIN Change
TXN0000338178,CUST00179405,2020-09-06,03:01:00,3,1,1,India,Guadalajara,Restaurant,Debit Card,Desktop,50,718,0.2,6220.69,48.23,147,14,1.4,10.25,0,1,1,1,Synthetic Identity,Fraud,Domestic,Night,Weekend,Recent PIN Change
TXN0000744762,CUST00063778,2021-08-13,08:02:00,8,0,0,India,São Paulo,Utilities,Mobile Payment,ATM,46,654,0.3,15504.06,10.85,113,28,23.1,2.96,1,0,1,1,Synthetic Identity,Fraud,International,Day,Weekday,Recent PIN Change
TXN0000469523,CUST00000115,2021-09-07,15:50:00,15,0,0,USA,Vancouver,ATM Withdrawal,Credit Card,Desktop,69,608,1.5,7781.51,14.48,156,13,0.6,26.2,0,0,0,1,Phishing,Fraud,Domestic,Day,Weekday,No Recent PIN Change
TXN0000865569,CUST00106285,2022-08-24,15:07:00,15,0,0,UK,Los Angeles,Entertainment,Debit Card,Desktop,53,719,2.9,886.16,9.37,122,25,18.7,20.75,1,0,0,1,Friendly Fraud,Fraud,International,Day,Weekday,No Recent PIN Change
TXN0000515634,CUST00011236,2023-12-22,13:42:00,13,0,0,France,Mumbai,Jewelry,Crypto,Tablet,39,564,1.2,32827.96,546.88,153,16,28.7,5.78,0,0,1,1,Synthetic Identity,Fraud,Domestic,Day,Weekday,Recent PIN Change
TXN0000363851,CUST00095180,2021-10-26,03:29:00,3,0,1,USA,Mexico City,Crypto Exchange,Credit Card,Mobile,36,780,6.6,11612.66,34.2,157,19,15.3,0.84,0,1,0,1,Synthetic Identity,Fraud,Domestic,Night,Weekday,No Recent PIN Change
TXN0000745535,CUST00021032,2024-09-10,07:19:00,7,0,0,Canada,Vancouver,Jewelry,Bank Transfer,POS Terminal,31,672,12.5,7408.92,909.07,134,19,10.6,9.5,0,2,1,1,Card Cloning,Fraud,Domestic,Day,Weekday,Recent PIN Change
TXN0000848910,CUST00161041,2021-09-21,01:53:00,1,0,1,Canada,São Paulo,Jewelry,Credit Card,Mobile,47,481,2.8,16193.21,619.33,147,25,32.6,4.63,1,0,0,1,Account Takeover,Fraud,International,Night,Weekday,No Recent PIN Change
TXN0000831570,CUST00192377,2023-01-12,06:38:00,6,0,1,USA,Melbourne,Jewelry,Crypto,ATM,33,685,14.9,7042.44,4405.38,153,25,13.4,3.35,0,0,0,1,Friendly Fraud,Fraud,Domestic,Night,Weekday,No Recent PIN Change
TXN0000707217,CUST00113986,2024-05-26,17:39:00,17,1,0,USA,Munich,Fuel,Bank Transfer,Mobile,41,752,21.9,7400.72,26.61,166,19,30.6,26.35,1,0,0,1,Identity Theft,Fraud,International,Day,Weekend,No Recent PIN Change
TXN0000283269,CUST00078324,2020-10-01,00:40:00,0,0,1,India,Mexico City,Travel,Debit Card,Mobile,31,638,6.6,697.2,1611.57,136,20,5.1,8.19,0,0,0,1,Card Cloning,Fraud,Domestic,Night,Weekday,No Recent PIN Change
TXN0000109781,CUST00131851,2024-01-03,22:54:00,22,0,1,USA,Munich,Fuel,Mobile Payment,Mobile,18,631,14.2,16377.54,440.14,143,28,3.5,7.7,0,1,0,1,Phishing,Fraud,Domestic,Night,Weekday,No Recent PIN Change
TXN0000790002,CUST00006691,2024-05-21,00:08:00,0,0,1,Japan,Toronto,Restaurant,Credit Card,Mobile,29,635,11.9,33840.53,84.98,159,22,5.5,6.65,1,0,0,1,Account Takeover,Fraud,International,Night,Weekday,No Recent PIN Change
TXN0000165397,CUST00175927,2022-09-07,22:41:00,22,0,1,Germany,Vancouver,ATM Withdrawal,Credit Card,Mobile,23,806,2.7,30893.21,136.32,163,13,23.4,0.99,0,3,0,1,Synthetic Identity,Fraud,Domestic,Night,Weekday,No Recent PIN Change
TXN0000111391,CUST00048654,2024-11-08,01:56:00,1,0,1,Canada,Toronto,Travel,Mobile Payment,Mobile,54,558,2.4,3197.5,438.11,154,21,11,9.46,0,0,0,1,Identity Theft,Fraud,Domestic,Night,Weekday,No Recent PIN Change
TXN0000435570,CUST00048729,2021-10-22,13:40:00,13,0,0,USA,Mumbai,ATM Withdrawal,Credit Card,ATM,64,731,0.4,58314.44,1179.16,157,19,11.4,15.55,0,0,1,1,Phishing,Fraud,Domestic,Day,Weekday,Recent PIN Change
TXN0000454804,CUST00072137,2021-08-06,03:58:00,3,0,1,Germany,Manchester,Restaurant,Credit Card,Desktop,64,791,4.6,785.14,11.4,157,28,55.5,3.21,0,0,0,1,Card Cloning,Fraud,Domestic,Night,Weekday,No Recent PIN Change
TXN0000633425,CUST00149040,2021-10-18,06:29:00,6,0,1,France,São Paulo,Crypto Exchange,Debit Card,Desktop,40,611,3.8,8957.79,53.84,185,21,8.7,47.23,0,0,1,1,Account Takeover,Fraud,Domestic,Night,Weekday,Recent PIN Change
TXN0000074793,CUST00089945,2022-03-21,02:54:00,2,0,1,India,Lyon,Clothing,Bank Transfer,Mobile,25,707,0.3,3755.33,317.81,153,22,24.4,0.45,0,0,0,1,Friendly Fraud,Fraud,Domestic,Night,Weekday,No Recent PIN Change
TXN0000798398,CUST00136840,2023-12-21,13:24:00,13,0,0,Australia,Delhi,Grocery,Crypto,Mobile,73,568,5.6,10679.47,15.2,138,20,2.2,27.32,0,1,0,1,Card Cloning,Fraud,Domestic,Day,Weekday,No Recent PIN Change
TXN0000553982,CUST00086866,2024-05-31,00:40:00,0,0,1,UK,Osaka,Education,Credit Card,Mobile,48,677,9.4,4261.19,93.07,141,13,4.1,17.91,1,0,0,1,Card Cloning,Fraud,International,Night,Weekday,No Recent PIN Change
TXN0000733656,CUST00126207,2020-12-27,17:54:00,17,1,0,USA,São Paulo,Utilities,Debit Card,Desktop,43,577,3.6,10984.97,19.17,140,26,77.5,25.99,0,2,0,1,Card Cloning,Fraud,Domestic,Day,Weekend,No Recent PIN Change
TXN0000234707,CUST00161138,2021-04-07,23:48:00,23,0,1,Australia,Mumbai,Restaurant,Credit Card,Desktop,31,655,0.8,8046.28,374.4,167,20,56.9,14.06,1,0,0,1,Identity Theft,Fraud,International,Night,Weekday,No Recent PIN Change
TXN0000927107,CUST00065624,2023-06-17,06:00:00,6,1,1,USA,Mumbai,Education,Debit Card,Mobile,83,848,2.7,45863.43,14.91,142,17,21.3,0.22,0,0,0,1,Card Cloning,Fraud,Domestic,Night,Weekend,No Recent PIN Change
TXN0000094487,CUST00192636,2023-04-03,22:16:00,22,0,1,France,Berlin,ATM Withdrawal,Credit Card,Tablet,55,723,10.2,7690.69,35.11,141,22,34,2.63,0,0,0,1,Synthetic Identity,Fraud,Domestic,Night,Weekday,No Recent PIN Change
TXN0000226881,CUST00012269,2021-05-31,03:43:00,3,0,1,Mexico,London,Restaurant,Credit Card,Desktop,29,744,11.1,6467.65,13.81,156,22,32.7,4.09,0,0,1,1,Identity Theft,Fraud,Domestic,Night,Weekday,Recent PIN Change
TXN0000511086,CUST00071841,2021-11-14,03:06:00,3,1,1,Brazil,Paris,Healthcare,Credit Card,Desktop,37,741,7,1595.73,99,136,20,18.7,14.76,0,0,0,1,Synthetic Identity,Fraud,Domestic,Night,Weekend,No Recent PIN Change
TXN0000224957,CUST00046209,2023-07-04,08:07:00,8,0,0,USA,Rio,Online Shopping,Credit Card,ATM,36,818,1,49835.56,23.88,160,28,32.2,5.27,0,0,0,1,Card Cloning,Fraud,Domestic,Day,Weekday,No Recent PIN Change
TXN0000057540,CUST00188875,2022-11-18,05:55:00,5,0,1,USA,Osaka,Online Shopping,Credit Card,Tablet,30,605,1.8,12455.51,50.74,162,14,4,9.71,0,0,0,1,Synthetic Identity,Fraud,Domestic,Night,Weekday,No Recent PIN Change
TXN0000313926,CUST00037445,2021-12-30,04:59:00,4,0,1,Japan,Berlin,Clothing,Mobile Payment,Mobile,31,516,0.4,26984.44,35.61,174,20,9.7,6.86,0,0,0,1,Card Cloning,Fraud,Domestic,Night,Weekday,No Recent PIN Change
TXN0000458014,CUST00020342,2024-11-10,01:28:00,1,1,1,Germany,Sydney,Crypto Exchange,Debit Card,Desktop,55,842,1.4,9657.04,20.1,135,15,4,7.5,1,0,0,1,Account Takeover,Fraud,International,Night,Weekend,No Recent PIN Change
TXN0000091418,CUST00053469,2020-04-27,04:51:00,4,0,1,Japan,Rio,Grocery,Credit Card,Desktop,32,711,2.1,2977.34,122.91,161,18,12.5,2.54,0,0,0,1,Friendly Fraud,Fraud,Domestic,Night,Weekday,No Recent PIN Change
TXN0000534566,CUST00002836,2024-03-02,07:34:00,7,1,0,Japan,Tokyo,Crypto Exchange,Credit Card,Mobile,31,683,2.3,26893.27,278.22,164,14,11.9,16.68,0,0,0,1,Account Takeover,Fraud,Domestic,Day,Weekend,No Recent PIN Change
TXN0000170463,CUST00102391,2021-02-08,11:03:00,11,0,0,USA,Rio,Entertainment,Crypto,Mobile,56,748,3.2,5481.32,30.81,146,22,19.4,34.81,0,0,1,1,Phishing,Fraud,Domestic,Day,Weekday,Recent PIN Change
TXN0000034879,CUST00031298,2023-04-22,00:52:00,0,1,1,India,New York,Online Shopping,Debit Card,Mobile,48,575,1.3,1904.83,32.07,151,19,12.6,5.14,0,3,0,1,Friendly Fraud,Fraud,Domestic,Night,Weekend,No Recent PIN Change
TXN0000273844,CUST00132023,2024-07-11,11:49:00,11,0,0,USA,Delhi,ATM Withdrawal,Credit Card,Mobile,38,662,5.6,5488.97,75.48,163,13,5.6,19.27,0,0,0,1,Phishing,Fraud,Domestic,Day,Weekday,No Recent PIN Change
TXN0000228343,CUST00157656,2022-07-02,15:01:00,15,1,0,USA,Vancouver,Healthcare,Debit Card,Mobile,28,661,6.5,7855.97,797.8,146,15,19.7,23.14,0,3,0,1,Card Cloning,Fraud,Domestic,Day,Weekend,No Recent PIN Change
TXN0000368768,CUST00160409,2023-01-22,02:20:00,2,1,1,UK,Sydney,Crypto Exchange,Credit Card,Desktop,36,752,2.4,6096.37,88.7,142,10,60.7,31.21,0,1,0,1,Friendly Fraud,Fraud,Domestic,Night,Weekend,No Recent PIN Change
TXN0000782334,CUST00020084,2022-12-24,22:39:00,22,1,1,Mexico,Berlin,Electronics,Cheque,Mobile,43,692,11.1,3276.72,318.52,143,21,19.6,0.45,0,0,0,1,Friendly Fraud,Fraud,Domestic,Night,Weekend,No Recent PIN Change
TXN0000408935,CUST00174856,2024-10-23,22:47:00,22,0,1,USA,New York,Grocery,Credit Card,Mobile,41,613,3.6,21467.74,10.77,150,23,65.6,35.56,1,0,0,1,Synthetic Identity,Fraud,International,Night,Weekday,No Recent PIN Change
TXN0000337927,CUST00143234,2020-06-19,00:23:00,0,0,1,Mexico,Tokyo,Gaming,Bank Transfer,Mobile,59,693,5.3,16708.1,56.21,140,27,61,58.57,0,1,0,1,Friendly Fraud,Fraud,Domestic,Night,Weekday,No Recent PIN Change
TXN0000164095,CUST00095176,2023-01-27,20:55:00,20,0,0,India,Manchester,Jewelry,Bank Transfer,POS Terminal,51,674,9.8,2476.08,110.84,123,15,0.3,28.27,0,1,0,1,Friendly Fraud,Fraud,Domestic,Day,Weekday,No Recent PIN Change
TXN0000079007,CUST00058678,2020-03-19,06:28:00,6,0,1,Japan,Delhi,Online Shopping,Credit Card,Mobile,42,635,4.2,5542.58,8.4,165,24,4.4,6.35,0,3,0,1,Identity Theft,Fraud,Domestic,Night,Weekday,No Recent PIN Change
TXN0000805191,CUST00138352,2023-06-19,03:33:00,3,0,1,USA,Vancouver,Crypto Exchange,Debit Card,Mobile,53,626,0.5,15792.59,17.12,145,14,17.5,7.75,1,0,0,1,Synthetic Identity,Fraud,International,Night,Weekday,No Recent PIN Change
TXN0000741435,CUST00109680,2022-03-27,05:51:00,5,1,1,France,Mexico City,ATM Withdrawal,Debit Card,Mobile,50,596,11.1,26550.69,67.75,146,24,2.6,17.58,0,3,0,1,Synthetic Identity,Fraud,Domestic,Night,Weekend,No Recent PIN Change
TXN0000780571,CUST00171251,2023-05-20,14:09:00,14,1,0,India,Vancouver,Fuel,Credit Card,Tablet,51,775,0.1,24971.96,17.23,125,18,1.8,28.78,1,0,0,1,Phishing,Fraud,International,Day,Weekend,No Recent PIN Change
TXN0000586561,CUST00166117,2020-02-17,15:17:00,15,0,0,Canada,Guadalajara,Grocery,Crypto,Mobile,30,543,7.2,47135.43,88.76,151,27,44.2,21.86,0,5,0,1,Identity Theft,Fraud,Domestic,Day,Weekday,No Recent PIN Change
TXN0000986134,CUST00071490,2020-07-16,04:40:00,4,0,1,Brazil,Delhi,Healthcare,Debit Card,POS Terminal,33,702,3.6,8185.37,328.65,156,11,55.3,8.55,1,0,0,1,Phishing,Fraud,International,Night,Weekday,No Recent PIN Change
TXN0000789337,CUST00146121,2021-03-20,11:31:00,11,1,0,Mexico,Manchester,Healthcare,Debit Card,Desktop,42,766,10.7,12999.35,163.27,147,23,81.9,29.09,1,0,0,1,Account Takeover,Fraud,International,Day,Weekend,No Recent PIN Change
TXN0000052850,CUST00145382,2022-07-10,04:22:00,4,1,1,UK,Vancouver,ATM Withdrawal,Credit Card,POS Terminal,27,570,8,2242.5,58.84,141,22,75.3,15.66,0,3,1,1,Phishing,Fraud,Domestic,Night,Weekend,Recent PIN Change
TXN0000038803,CUST00066884,2021-08-28,20:03:00,20,1,0,Canada,Melbourne,Crypto Exchange,Mobile Payment,Mobile,33,751,0.5,39471.64,97.36,141,21,1.1,4.17,0,3,0,1,Phishing,Fraud,Domestic,Day,Weekend,No Recent PIN Change
TXN0000503340,CUST00040235,2022-02-08,10:58:00,10,0,0,UK,New York,Crypto Exchange,Credit Card,Mobile,50,742,4.5,40934.67,16.61,176,24,9,11.36,0,0,0,1,Synthetic Identity,Fraud,Domestic,Day,Weekday,No Recent PIN Change
TXN0000182413,CUST00088729,2023-11-21,05:05:00,5,0,1,USA,Delhi,Online Shopping,Debit Card,Tablet,38,736,5.3,7717.62,63.73,138,14,7,0.72,0,0,0,1,Identity Theft,Fraud,Domestic,Night,Weekday,No Recent PIN Change
TXN0000854834,CUST00072378,2020-08-15,03:09:00,3,1,1,USA,Delhi,Healthcare,Credit Card,ATM,47,654,27.9,30507.97,157.88,153,28,36.3,7.14,0,0,0,1,Identity Theft,Fraud,Domestic,Night,Weekend,No Recent PIN Change
TXN0000392805,CUST00151847,2022-12-03,17:31:00,17,1,0,USA,New York,ATM Withdrawal,Credit Card,Desktop,47,755,1,11633.74,211.79,140,24,4.9,38.85,1,0,0,1,Card Cloning,Fraud,International,Day,Weekend,No Recent PIN Change
TXN0000500375,CUST00138579,2024-08-05,21:38:00,21,0,0,UK,Berlin,Grocery,Credit Card,Desktop,42,617,7.9,13817.99,13.28,170,20,56,17.13,0,0,0,1,Account Takeover,Fraud,Domestic,Day,Weekday,No Recent PIN Change
TXN0000253356,CUST00154909,2021-12-03,01:27:00,1,0,1,USA,Mumbai,Crypto Exchange,Bank Transfer,Mobile,45,684,4.2,6537.58,46.37,161,19,12,1.51,0,0,0,1,Synthetic Identity,Fraud,Domestic,Night,Weekday,No Recent PIN Change
TXN0000526925,CUST00169900,2023-10-07,03:40:00,3,1,1,Canada,Delhi,Education,Credit Card,Mobile,47,593,0.3,21595.23,117.68,141,19,40.3,5.01,1,2,0,1,Phishing,Fraud,International,Night,Weekend,No Recent PIN Change
TXN0000098542,CUST00199517,2021-03-21,05:11:00,5,1,1,USA,Berlin,Online Shopping,Credit Card,Mobile,18,675,0.3,8193.27,26.84,159,23,0.2,19.51,0,2,0,1,Friendly Fraud,Fraud,Domestic,Night,Weekend,No Recent PIN Change
TXN0000036407,CUST00157180,2022-05-13,17:19:00,17,0,0,UK,London,Electronics,Credit Card,Mobile,18,736,10.7,25340.53,193.34,162,16,6.4,3.33,1,1,0,1,Account Takeover,Fraud,International,Day,Weekday,No Recent PIN Change
TXN0000135744,CUST00064368,2020-07-29,21:10:00,21,0,0,Germany,Melbourne,Electronics,Credit Card,Desktop,40,535,17.8,117850.53,369.1,166,26,7.2,23.15,0,3,0,1,Identity Theft,Fraud,Domestic,Day,Weekday,No Recent PIN Change
TXN0000851573,CUST00076751,2021-10-16,01:11:00,1,1,1,UK,Guadalajara,Travel,Mobile Payment,Mobile,38,740,2.4,3473.15,390.35,148,20,47.1,22,0,5,0,1,Identity Theft,Fraud,Domestic,Night,Weekend,No Recent PIN Change
TXN0000751039,CUST00005942,2020-09-20,02:49:00,2,1,1,USA,Mexico City,ATM Withdrawal,Credit Card,Desktop,52,530,0.3,30320.45,61.92,153,27,15.5,0.02,0,3,0,1,Phishing,Fraud,Domestic,Night,Weekend,No Recent PIN Change
TXN0000956723,CUST00004729,2021-05-16,03:26:00,3,1,1,USA,Guadalajara,Jewelry,Credit Card,Desktop,46,733,1.7,35787.61,1570.48,180,19,13.2,8.53,0,3,0,1,Friendly Fraud,Fraud,Domestic,Night,Weekend,No Recent PIN Change
TXN0000205774,CUST00125633,2023-01-15,11:35:00,11,1,0,USA,Melbourne,Restaurant,Debit Card,Mobile,34,662,1.9,8792.12,53.21,164,19,36.3,1.33,0,1,0,1,Card Cloning,Fraud,Domestic,Day,Weekend,No Recent PIN Change
TXN0000063211,CUST00182614,2020-10-10,08:42:00,8,1,0,UK,Lyon,Entertainment,Mobile Payment,Mobile,47,713,2.8,20103.72,84.51,135,18,19.7,16.51,1,1,0,1,Synthetic Identity,Fraud,International,Day,Weekend,No Recent PIN Change
TXN0000849292,CUST00050181,2023-01-06,10:15:00,10,0,0,Brazil,Mexico City,Clothing,Credit Card,ATM,38,763,0.1,21302.25,26.64,157,24,0.9,2.74,0,0,1,1,Card Cloning,Fraud,Domestic,Day,Weekday,Recent PIN Change
TXN0000170166,CUST00091965,2022-09-03,17:45:00,17,1,0,Australia,Mumbai,Electronics,Debit Card,Desktop,25,695,8.2,7136.72,117.07,147,14,8.1,1.23,1,0,1,1,Phishing,Fraud,International,Day,Weekend,Recent PIN Change
TXN0000039615,CUST00061296,2021-01-25,11:09:00,11,0,0,Brazil,Melbourne,Jewelry,Debit Card,Mobile,42,850,1.1,2920.91,240.39,140,16,57.1,45.82,0,0,0,1,Card Cloning,Fraud,Domestic,Day,Weekday,No Recent PIN Change
TXN0000938002,CUST00120825,2021-11-09,20:24:00,20,0,0,USA,Osaka,Electronics,Debit Card,Mobile,22,711,2.9,840.87,778.2,148,20,22.4,1.88,0,2,0,1,Phishing,Fraud,Domestic,Day,Weekday,No Recent PIN Change
TXN0000512490,CUST00067312,2020-07-04,09:43:00,9,1,0,USA,Sydney,Electronics,Credit Card,Desktop,57,626,4.8,2078.08,1427.72,153,18,6.1,20.29,0,0,0,1,Phishing,Fraud,Domestic,Day,Weekend,No Recent PIN Change
TXN0000953497,CUST00092589,2023-07-10,19:04:00,19,0,0,Mexico,Mexico City,Healthcare,Bank Transfer,Mobile,54,660,3.9,27957.07,11.72,153,27,0.5,13.73,0,0,0,1,Identity Theft,Fraud,Domestic,Day,Weekday,No Recent PIN Change
TXN0000391761,CUST00062446,2024-06-24,14:00:00,14,0,0,USA,Sydney,Travel,Credit Card,Desktop,70,734,1.1,6842.62,241.02,135,26,21.6,13.83,0,2,0,1,Card Cloning,Fraud,Domestic,Day,Weekday,No Recent PIN Change
TXN0000763718,CUST00052221,2024-09-23,23:08:00,23,0,1,UK,Osaka,Jewelry,Credit Card,Mobile,31,719,1,5880.72,1215.25,157,24,22.9,14.62,0,1,0,1,Account Takeover,Fraud,Domestic,Night,Weekday,No Recent PIN Change
TXN0000819818,CUST00165174,2022-02-25,03:12:00,3,0,1,USA,Melbourne,Healthcare,Bank Transfer,POS Terminal,45,637,1.2,1248.55,35.32,144,23,9.4,22.06,1,0,0,1,Phishing,Fraud,International,Night,Weekday,No Recent PIN Change
TXN0000112526,CUST00074143,2020-08-03,22:07:00,22,0,1,Japan,Paris,Online Shopping,Debit Card,ATM,53,606,2.4,11072.63,154.13,163,20,7.2,3.36,0,0,0,1,Phishing,Fraud,Domestic,Night,Weekday,No Recent PIN Change
TXN0000288631,CUST00063126,2022-04-04,22:31:00,22,0,1,Germany,Munich,Jewelry,Debit Card,Mobile,53,639,1.7,19986.15,54.88,148,17,8.9,2.91,0,0,0,1,Account Takeover,Fraud,Domestic,Night,Weekday,No Recent PIN Change
TXN0000338653,CUST00090054,2023-10-01,05:10:00,5,1,1,Australia,Mumbai,Entertainment,Credit Card,ATM,61,686,0.3,3649.02,103.93,156,19,14.6,3.27,0,0,0,1,Card Cloning,Fraud,Domestic,Night,Weekend,No Recent PIN Change
TXN0000473870,CUST00185808,2020-05-10,02:17:00,2,1,1,USA,Toronto,Jewelry,Debit Card,Mobile,32,620,5.1,5234.62,538.93,139,24,31.2,8.21,0,0,0,1,Synthetic Identity,Fraud,Domestic,Night,Weekend,No Recent PIN Change
TXN0000095352,CUST00180257,2021-12-02,04:19:00,4,0,1,USA,Guadalajara,Education,Debit Card,Mobile,18,770,0.1,17338.46,98.38,126,30,4.3,8.45,0,0,0,1,Account Takeover,Fraud,Domestic,Night,Weekday,No Recent PIN Change
TXN0000870475,CUST00188893,2024-02-02,13:32:00,13,0,0,India,Munich,Crypto Exchange,Credit Card,Mobile,45,765,0.4,2480.02,61.08,157,23,7.3,18.71,1,0,0,1,Account Takeover,Fraud,International,Day,Weekday,No Recent PIN Change
TXN0000217764,CUST00188007,2023-10-19,18:23:00,18,0,0,Mexico,Delhi,Clothing,Credit Card,Mobile,32,677,7,9260.77,28.7,160,25,41.3,0.2,0,2,0,1,Synthetic Identity,Fraud,Domestic,Day,Weekday,No Recent PIN Change
TXN0000727028,CUST00089497,2023-10-23,04:04:00,4,0,1,Australia,London,Travel,Debit Card,Mobile,46,597,1.2,14059.67,52.01,168,23,29.2,0.19,0,0,0,1,Identity Theft,Fraud,Domestic,Night,Weekday,No Recent PIN Change
TXN0000062534,CUST00148995,2022-05-02,01:47:00,1,0,1,USA,Paris,Crypto Exchange,Credit Card,Mobile,52,616,0.4,3180.72,207.99,131,20,0.8,38.22,0,3,0,1,Phishing,Fraud,Domestic,Night,Weekday,No Recent PIN Change
TXN0000216612,CUST00123392,2020-07-19,05:44:00,5,1,1,Japan,London,Online Shopping,Credit Card,Tablet,36,711,11.2,42538.2,43.98,140,22,6.9,73.8,0,0,0,1,Account Takeover,Fraud,Domestic,Night,Weekend,No Recent PIN Change
TXN0000843347,CUST00053067,2023-01-09,03:03:00,3,0,1,India,Delhi,Utilities,Credit Card,Mobile,40,764,1,1882.88,142.4,146,19,32.1,27.08,0,0,0,1,Identity Theft,Fraud,Domestic,Night,Weekday,No Recent PIN Change
TXN0000622528,CUST00086840,2020-09-18,12:40:00,12,0,0,USA,Melbourne,Restaurant,Credit Card,ATM,42,700,1,12654.29,14.18,134,27,34.2,12.6,1,0,1,1,Account Takeover,Fraud,International,Day,Weekday,Recent PIN Change
TXN0000152004,CUST00019556,2021-08-25,19:27:00,19,0,0,India,Melbourne,ATM Withdrawal,Debit Card,Mobile,42,723,0.5,15782.63,52.86,131,20,21.3,1.47,1,0,0,1,Card Cloning,Fraud,International,Day,Weekday,No Recent PIN Change
TXN0000294731,CUST00036191,2020-07-02,02:37:00,2,0,1,Germany,Mumbai,Online Shopping,Credit Card,Mobile,63,719,1.1,43746.48,42.95,171,18,0.1,11.33,0,0,0,1,Card Cloning,Fraud,Domestic,Night,Weekday,No Recent PIN Change
TXN0000196139,CUST00058914,2023-01-11,02:51:00,2,0,1,Japan,Vancouver,Fuel,Bank Transfer,Tablet,72,731,6.1,22941.26,121.29,150,20,59,4.65,0,0,0,1,Identity Theft,Fraud,Domestic,Night,Weekday,No Recent PIN Change
TXN0000801917,CUST00081303,2023-05-19,22:14:00,22,0,1,Mexico,Lyon,Travel,Credit Card,Desktop,22,619,7.4,9431.29,218.71,146,22,17.8,1.07,0,0,0,1,Phishing,Fraud,Domestic,Night,Weekday,No Recent PIN Change
TXN0000671279,CUST00059324,2022-02-11,01:05:00,1,0,1,Japan,Munich,ATM Withdrawal,Debit Card,POS Terminal,26,576,8.1,2028.21,8.38,148,14,11.6,30.76,1,0,0,1,Card Cloning,Fraud,International,Night,Weekday,No Recent PIN Change
TXN0000404868,CUST00113643,2020-12-15,09:19:00,9,0,0,Germany,Manchester,Gaming,Debit Card,POS Terminal,45,623,2.4,3914.13,106.35,146,16,3.1,12.89,0,0,0,1,Synthetic Identity,Fraud,Domestic,Day,Weekday,No Recent PIN Change
TXN0000502303,CUST00035132,2020-09-03,22:31:00,22,0,1,USA,Paris,Gaming,Credit Card,Desktop,29,751,10,9418.68,366.58,139,21,32.5,44.54,1,4,0,1,Synthetic Identity,Fraud,International,Night,Weekday,No Recent PIN Change
TXN0000805478,CUST00018465,2022-11-21,06:28:00,6,0,1,USA,São Paulo,Education,Credit Card,Tablet,44,699,6.3,84135.72,502.79,156,17,6.6,1.89,1,4,0,1,Phishing,Fraud,International,Night,Weekday,No Recent PIN Change
TXN0000259774,CUST00048887,2023-10-26,19:54:00,19,0,0,USA,Mumbai,Crypto Exchange,Credit Card,Desktop,31,685,1.3,58293.35,52.97,158,18,0.5,6.79,0,0,0,1,Account Takeover,Fraud,Domestic,Day,Weekday,No Recent PIN Change
TXN0000193680,CUST00135028,2024-02-14,04:41:00,4,0,1,France,London,Restaurant,Credit Card,Desktop,36,765,7.4,13940.14,7.24,154,27,51.9,22.57,0,0,0,1,Friendly Fraud,Fraud,Domestic,Night,Weekday,No Recent PIN Change
TXN0000286196,CUST00084940,2021-05-09,14:43:00,14,1,0,Canada,London,Gaming,Bank Transfer,Mobile,48,580,0.4,3114.9,96.25,159,18,60.7,16.27,0,2,0,1,Card Cloning,Fraud,Domestic,Day,Weekend,No Recent PIN Change
TXN0000793999,CUST00125063,2020-10-11,06:16:00,6,1,1,France,Guadalajara,Travel,Debit Card,Desktop,18,811,1,10732.87,543.05,119,22,0.9,6.46,0,0,1,1,Identity Theft,Fraud,Domestic,Night,Weekend,Recent PIN Change
TXN0000396050,CUST00044365,2020-08-07,17:01:00,17,0,0,Germany,Rio,ATM Withdrawal,Bank Transfer,Mobile,30,617,1.6,19411.08,53,154,26,110.4,3.24,0,4,0,1,Identity Theft,Fraud,Domestic,Day,Weekday,No Recent PIN Change
TXN0000997593,CUST00175011,2024-10-11,21:18:00,21,0,0,Brazil,Paris,Clothing,Bank Transfer,Mobile,55,736,1.7,8977.51,45.8,140,16,11.2,1.43,0,0,1,1,Card Cloning,Fraud,Domestic,Day,Weekday,Recent PIN Change
TXN0000147494,CUST00067407,2021-08-12,09:26:00,9,0,0,USA,Guadalajara,Online Shopping,Mobile Payment,ATM,22,598,6.6,16507.97,5.67,134,22,22.6,19.67,1,0,0,1,Friendly Fraud,Fraud,International,Day,Weekday,No Recent PIN Change
TXN0000593118,CUST00098681,2021-04-06,07:47:00,7,0,0,France,Sydney,Education,Bank Transfer,Desktop,43,739,7,20395.93,20.32,176,17,17.1,13.61,0,2,1,1,Card Cloning,Fraud,Domestic,Day,Weekday,Recent PIN Change
TXN0000289690,CUST00004233,2020-04-15,06:29:00,6,0,1,USA,Lyon,Crypto Exchange,Bank Transfer,Tablet,49,779,1.4,1415.55,44.48,162,20,3.6,13.78,0,0,0,1,Card Cloning,Fraud,Domestic,Night,Weekday,No Recent PIN Change
TXN0000164829,CUST00018307,2024-06-04,14:47:00,14,0,0,USA,Lyon,Entertainment,Debit Card,Desktop,50,573,8.1,29707.93,213.78,158,19,10.4,31.17,0,0,0,1,Account Takeover,Fraud,Domestic,Day,Weekday,No Recent PIN Change
TXN0000111299,CUST00044883,2020-03-26,01:14:00,1,0,1,Canada,São Paulo,Grocery,Credit Card,ATM,38,667,25.3,11633.17,23.35,153,17,1.7,17.28,0,2,0,1,Account Takeover,Fraud,Domestic,Night,Weekday,No Recent PIN Change
TXN0000801064,CUST00124604,2022-03-09,09:36:00,9,0,0,USA,Vancouver,Education,Credit Card,ATM,42,781,8.6,20499.77,55.65,154,15,68.4,1.65,1,0,0,1,Card Cloning,Fraud,International,Day,Weekday,No Recent PIN Change
TXN0000468431,CUST00078574,2022-07-20,15:52:00,15,0,0,Brazil,Toronto,Jewelry,Bank Transfer,Tablet,36,759,7.4,19343.7,609.82,151,25,44.9,12.25,0,5,0,1,Phishing,Fraud,Domestic,Day,Weekday,No Recent PIN Change
TXN0000273389,CUST00164384,2020-06-19,22:35:00,22,0,1,USA,Delhi,Entertainment,Debit Card,Tablet,50,717,2.8,6172.09,64.67,141,22,2,1.41,0,0,0,1,Account Takeover,Fraud,Domestic,Night,Weekday,No Recent PIN Change
TXN0000921745,CUST00079124,2022-12-01,03:19:00,3,0,1,France,Osaka,Entertainment,Debit Card,ATM,43,607,4.8,15433.44,21.4,173,26,29.8,0.29,0,2,0,1,Card Cloning,Fraud,Domestic,Night,Weekday,No Recent PIN Change
TXN0000604972,CUST00102585,2022-01-01,22:52:00,22,1,1,Germany,Delhi,Grocery,Bank Transfer,Desktop,34,659,0.2,1975.78,7.31,150,19,12.8,4.81,0,0,0,1,Friendly Fraud,Fraud,Domestic,Night,Weekend,No Recent PIN Change
TXN0000225256,CUST00096799,2024-08-25,16:16:00,16,1,0,USA,Munich,Healthcare,Debit Card,Desktop,43,827,1.7,5691.19,120.57,169,13,3.7,16.98,0,3,0,1,Phishing,Fraud,Domestic,Day,Weekend,No Recent PIN Change
TXN0000045804,CUST00053514,2020-11-20,04:00:00,4,0,1,USA,Berlin,Entertainment,Bank Transfer,Mobile,32,584,12.8,73819.14,53.81,160,22,3.1,17.77,0,0,0,1,Friendly Fraud,Fraud,Domestic,Night,Weekday,No Recent PIN Change
TXN0000976392,CUST00071864,2023-02-12,02:13:00,2,1,1,USA,Mexico City,Clothing,Debit Card,Mobile,35,704,4.5,27335.53,33.61,159,16,28.2,14.69,1,2,0,1,Account Takeover,Fraud,International,Night,Weekend,No Recent PIN Change
TXN0000019322,CUST00191893,2022-06-15,21:45:00,21,0,0,Brazil,New York,Clothing,Credit Card,Mobile,20,666,6.2,12053.31,31.82,149,22,43.6,2.93,1,0,0,1,Synthetic Identity,Fraud,International,Day,Weekday,No Recent PIN Change
TXN0000104451,CUST00141758,2020-08-02,00:02:00,0,1,1,France,Rio,Jewelry,Debit Card,POS Terminal,29,503,3.7,7046.13,1032.24,151,20,1.4,18.96,0,3,0,1,Friendly Fraud,Fraud,Domestic,Night,Weekend,No Recent PIN Change
TXN0000991103,CUST00178964,2022-09-04,10:14:00,10,1,0,Canada,Lyon,Utilities,Debit Card,Mobile,33,629,6.9,3332.65,134.9,157,17,25.1,3.07,0,2,0,1,Phishing,Fraud,Domestic,Day,Weekend,No Recent PIN Change
TXN0000403572,CUST00193919,2024-10-27,15:58:00,15,1,0,France,Lyon,Utilities,Debit Card,Mobile,43,684,3,26758.25,44.81,121,21,8.5,4.76,0,2,0,1,Account Takeover,Fraud,Domestic,Day,Weekend,No Recent PIN Change
TXN0000756437,CUST00047255,2023-10-22,17:05:00,17,1,0,UK,Paris,Crypto Exchange,Mobile Payment,Desktop,24,599,2.6,69309.01,66.5,147,22,11.5,2.89,0,0,1,1,Friendly Fraud,Fraud,Domestic,Day,Weekend,Recent PIN Change
TXN0000369912,CUST00175066,2023-02-17,02:59:00,2,0,1,USA,Toronto,Clothing,Credit Card,ATM,41,774,1.6,37725.67,24.65,164,19,18,27.92,0,1,0,1,Phishing,Fraud,Domestic,Night,Weekday,No Recent PIN Change
TXN0000898468,CUST00132934,2022-07-21,14:44:00,14,0,0,Germany,Tokyo,Healthcare,Debit Card,Desktop,26,653,5.5,2706.24,21.11,145,22,11.1,0.37,0,0,0,1,Account Takeover,Fraud,Domestic,Day,Weekday,No Recent PIN Change
TXN0000814065,CUST00088803,2022-11-03,20:32:00,20,0,0,India,Rio,Clothing,Bank Transfer,Desktop,54,507,7.8,11834.23,171.98,159,20,7.7,2.93,0,0,0,1,Phishing,Fraud,Domestic,Day,Weekday,No Recent PIN Change
TXN0000907264,CUST00152629,2021-01-23,06:13:00,6,1,1,Germany,Lyon,Utilities,Bank Transfer,Mobile,56,613,3.9,3030.61,16.74,153,34,14.7,40.26,0,3,0,1,Identity Theft,Fraud,Domestic,Night,Weekend,No Recent PIN Change
TXN0000618471,CUST00076012,2023-08-19,17:40:00,17,1,0,UK,Mexico City,Travel,Credit Card,Mobile,32,662,2.3,3433.11,504.6,158,19,14,60.71,0,0,0,1,Synthetic Identity,Fraud,Domestic,Day,Weekend,No Recent PIN Change
TXN0000994644,CUST00113463,2023-11-03,05:49:00,5,0,1,India,Lyon,Fuel,Credit Card,Tablet,32,648,6.7,89603.76,31.03,149,21,7.2,0.16,0,1,0,1,Account Takeover,Fraud,Domestic,Night,Weekday,No Recent PIN Change
TXN0000641410,CUST00057391,2024-04-29,14:55:00,14,0,0,Japan,Toronto,Education,Debit Card,Mobile,26,712,5.2,20533.7,127.54,147,23,15,0.44,1,0,0,1,Friendly Fraud,Fraud,International,Day,Weekday,No Recent PIN Change
TXN0000396782,CUST00135867,2022-08-21,04:59:00,4,1,1,UK,Sydney,Gaming,Credit Card,Desktop,32,629,1,1663.27,45.68,170,24,7.1,3.8,0,1,0,1,Identity Theft,Fraud,Domestic,Night,Weekend,No Recent PIN Change
TXN0000502296,CUST00041242,2024-07-27,12:25:00,12,1,0,USA,Paris,Entertainment,Cheque,Mobile,45,850,3.8,15501.45,158.16,134,23,8.5,0.12,0,0,0,1,Friendly Fraud,Fraud,Domestic,Day,Weekend,No Recent PIN Change
TXN0000997544,CUST00048545,2022-02-28,17:19:00,17,0,0,India,Melbourne,ATM Withdrawal,Bank Transfer,Mobile,31,583,8.8,9677.96,40.66,138,18,19.9,35.67,0,4,0,1,Card Cloning,Fraud,Domestic,Day,Weekday,No Recent PIN Change
TXN0000717087,CUST00111081,2024-10-30,17:17:00,17,0,0,Canada,Toronto,ATM Withdrawal,Debit Card,Mobile,57,709,2.9,6485.43,113.82,139,23,16,15.62,0,1,0,1,Phishing,Fraud,Domestic,Day,Weekday,No Recent PIN Change
TXN0000051190,CUST00136532,2024-07-11,23:31:00,23,0,1,India,Munich,Online Shopping,Bank Transfer,Mobile,56,505,8.4,14668.26,57.62,155,16,18.2,0.91,0,0,0,1,Phishing,Fraud,Domestic,Night,Weekday,No Recent PIN Change
TXN0000741886,CUST00190893,2023-03-03,05:49:00,5,0,1,Japan,Munich,Online Shopping,Mobile Payment,Mobile,41,581,0.4,5065.18,408,143,22,6.9,16.06,0,1,1,1,Identity Theft,Fraud,Domestic,Night,Weekday,Recent PIN Change
TXN0000470644,CUST00077557,2023-08-08,00:01:00,0,0,1,USA,Manchester,Electronics,Credit Card,Mobile,31,810,21.2,1538.43,950.53,155,18,47,6.09,1,0,0,1,Phishing,Fraud,International,Night,Weekday,No Recent PIN Change
TXN0000994539,CUST00102033,2022-04-01,01:57:00,1,0,1,India,Melbourne,Utilities,Bank Transfer,ATM,70,637,0.3,7952.21,14.23,130,26,8.9,6.21,0,0,1,1,Friendly Fraud,Fraud,Domestic,Night,Weekday,Recent PIN Change
TXN0000008064,CUST00110311,2023-07-08,10:24:00,10,1,0,Australia,Osaka,Utilities,Crypto,Mobile,29,611,4.4,14442.66,190.85,139,19,52.9,4.06,1,0,0,1,Synthetic Identity,Fraud,International,Day,Weekend,No Recent PIN Change
TXN0000086838,CUST00042641,2024-06-14,17:07:00,17,0,0,Germany,Manchester,Entertainment,Credit Card,POS Terminal,61,673,2.5,1720.3,75.24,143,16,14.5,31.36,1,0,0,1,Identity Theft,Fraud,International,Day,Weekday,No Recent PIN Change
TXN0000692777,CUST00105568,2024-06-04,00:45:00,0,0,1,Japan,London,Fuel,Debit Card,Tablet,73,755,12.7,1793.56,67.63,142,22,1.5,0.4,0,0,0,1,Account Takeover,Fraud,Domestic,Night,Weekday,No Recent PIN Change
TXN0000845772,CUST00026908,2022-09-27,20:26:00,20,0,0,Brazil,Guadalajara,Restaurant,Bank Transfer,ATM,22,830,3.3,12465.85,22.05,140,21,11.6,10.73,1,0,0,1,Identity Theft,Fraud,International,Day,Weekday,No Recent PIN Change
TXN0000797364,CUST00075975,2022-11-10,01:45:00,1,0,1,India,Rio,Travel,Credit Card,Tablet,43,702,1.6,4393.49,38.92,154,28,10.7,1.39,0,0,0,1,Identity Theft,Fraud,Domestic,Night,Weekday,No Recent PIN Change
TXN0000675055,CUST00074223,2022-02-14,14:41:00,14,0,0,Germany,Rio,Healthcare,Debit Card,Mobile,29,563,2,20315.25,40.92,142,19,32.9,8,0,3,0,1,Card Cloning,Fraud,Domestic,Day,Weekday,No Recent PIN Change
TXN0000413191,CUST00123745,2022-01-20,11:43:00,11,0,0,Canada,São Paulo,Travel,Bank Transfer,Mobile,56,595,2.9,1055.78,325.62,158,23,47.7,21.77,1,0,0,1,Account Takeover,Fraud,International,Day,Weekday,No Recent PIN Change
TXN0000629509,CUST00091956,2024-04-21,17:29:00,17,1,0,USA,Melbourne,Gaming,Bank Transfer,Mobile,27,537,6.1,2718.52,35.68,186,28,31.3,16.42,1,0,0,1,Synthetic Identity,Fraud,International,Day,Weekend,No Recent PIN Change
TXN0000604065,CUST00165422,2024-08-22,16:26:00,16,0,0,USA,Sydney,Education,Bank Transfer,Mobile,21,580,5.5,2827.88,45.18,160,29,32.5,16.83,1,0,0,1,Phishing,Fraud,International,Day,Weekday,No Recent PIN Change
TXN0000702751,CUST00183446,2020-09-15,09:51:00,9,0,0,Germany,New York,Restaurant,Bank Transfer,Mobile,41,771,8.4,9579.83,214.47,144,19,12.2,1.07,0,0,0,1,Friendly Fraud,Fraud,Domestic,Day,Weekday,No Recent PIN Change
TXN0000742583,CUST00075338,2021-08-09,19:42:00,19,0,0,India,Osaka,Education,Credit Card,Desktop,44,724,2,26519.38,234.77,146,23,11.5,18.6,0,0,0,1,Card Cloning,Fraud,Domestic,Day,Weekday,No Recent PIN Change
TXN0000670370,CUST00075789,2020-10-04,03:16:00,3,1,1,UK,Vancouver,Online Shopping,Mobile Payment,Desktop,58,630,10.3,11496.48,31.7,129,20,18.4,9.71,0,0,0,1,Card Cloning,Fraud,Domestic,Night,Weekend,No Recent PIN Change
TXN0000710348,CUST00066247,2021-02-08,20:08:00,20,0,0,Canada,Mumbai,Crypto Exchange,Mobile Payment,Desktop,59,679,0.7,19366.44,101.41,148,13,0.9,36.7,1,0,0,1,Account Takeover,Fraud,International,Day,Weekday,No Recent PIN Change
TXN0000884410,CUST00155838,2020-06-12,15:37:00,15,0,0,Germany,Mumbai,Jewelry,Credit Card,Desktop,39,702,0.8,52261.74,121.79,153,24,34.2,17.2,0,0,0,1,Friendly Fraud,Fraud,Domestic,Day,Weekday,No Recent PIN Change
TXN0000005333,CUST00088152,2022-01-18,15:07:00,15,0,0,Germany,Los Angeles,ATM Withdrawal,Mobile Payment,Mobile,49,715,2.6,1586.86,5.85,135,26,18,26.33,1,0,0,1,Account Takeover,Fraud,International,Day,Weekday,No Recent PIN Change
TXN0000478781,CUST00096653,2021-05-27,08:48:00,8,0,0,Japan,Mexico City,Fuel,Credit Card,Desktop,35,715,9.9,12844.16,49.1,161,20,0.1,4.63,0,3,0,1,Synthetic Identity,Fraud,Domestic,Day,Weekday,No Recent PIN Change
TXN0000160924,CUST00051233,2021-09-15,00:22:00,0,0,1,Mexico,Toronto,Restaurant,Credit Card,Desktop,45,709,3.2,12765.14,39.64,137,12,21.8,2.57,0,0,0,1,Account Takeover,Fraud,Domestic,Night,Weekday,No Recent PIN Change
TXN0000599392,CUST00028633,2023-11-09,01:29:00,1,0,1,Germany,Osaka,Jewelry,Mobile Payment,Tablet,40,709,2,7975.47,960.06,159,24,21.6,2.47,1,0,0,1,Account Takeover,Fraud,International,Night,Weekday,No Recent PIN Change
TXN0000299559,CUST00040815,2024-04-23,05:31:00,5,0,1,Brazil,Mumbai,Healthcare,Bank Transfer,POS Terminal,35,624,5,3684.29,18.49,157,27,24,0.03,0,0,1,1,Card Cloning,Fraud,Domestic,Night,Weekday,Recent PIN Change
TXN0000783312,CUST00157588,2024-06-20,23:36:00,23,0,1,UK,New York,Education,Debit Card,Desktop,18,724,3.9,2977.93,69.69,148,26,9.7,6.56,1,0,0,1,Account Takeover,Fraud,International,Night,Weekday,No Recent PIN Change
TXN0000339632,CUST00008711,2023-01-05,16:11:00,16,0,0,France,Lyon,Education,Debit Card,Mobile,59,697,3.4,6972.19,36.71,157,21,33.4,13.54,1,0,0,1,Identity Theft,Fraud,International,Day,Weekday,No Recent PIN Change
TXN0000404975,CUST00104036,2021-03-12,13:04:00,13,0,0,UK,Manchester,Gaming,Debit Card,POS Terminal,64,596,0.3,267460.72,392.83,174,15,30.5,13.16,1,1,0,1,Synthetic Identity,Fraud,International,Day,Weekday,No Recent PIN Change
TXN0000362133,CUST00183807,2023-12-12,15:28:00,15,0,0,Mexico,Los Angeles,Gaming,Bank Transfer,Desktop,45,601,0.5,778.65,24.06,160,15,11.2,2.18,0,0,0,1,Account Takeover,Fraud,Domestic,Day,Weekday,No Recent PIN Change
TXN0000338293,CUST00087064,2023-08-20,00:33:00,0,1,1,India,São Paulo,Jewelry,Debit Card,Mobile,43,659,4.6,24143.13,413.68,155,26,48.7,37.04,0,0,0,1,Synthetic Identity,Fraud,Domestic,Night,Weekend,No Recent PIN Change
TXN0000967543,CUST00141752,2024-04-17,20:41:00,20,0,0,Mexico,Sydney,Crypto Exchange,Credit Card,Desktop,42,659,0.2,25285.89,21.39,158,15,4.4,4.56,0,0,0,1,Phishing,Fraud,Domestic,Day,Weekday,No Recent PIN Change
TXN0000272200,CUST00047373,2022-03-20,05:53:00,5,1,1,USA,New York,Fuel,Credit Card,Mobile,45,701,4.5,3644,154.74,162,18,19.3,2.7,0,1,0,1,Account Takeover,Fraud,Domestic,Night,Weekend,No Recent PIN Change
TXN0000553487,CUST00159310,2024-05-13,16:45:00,16,0,0,Mexico,Osaka,Jewelry,Credit Card,POS Terminal,28,719,5.5,13725.85,140.26,147,21,0.3,6.28,1,0,0,1,Identity Theft,Fraud,International,Day,Weekday,No Recent PIN Change
TXN0000175015,CUST00196427,2021-05-12,08:35:00,8,0,0,USA,Mexico City,Grocery,Credit Card,Tablet,40,788,6.8,11318.43,444.92,158,26,17.4,2.55,1,2,1,1,Synthetic Identity,Fraud,International,Day,Weekday,Recent PIN Change
TXN0000717860,CUST00099221,2024-08-19,03:09:00,3,0,1,UK,Tokyo,Travel,Credit Card,Mobile,37,654,10.1,20344.27,712.61,166,21,13.3,23.58,0,2,0,1,Card Cloning,Fraud,Domestic,Night,Weekday,No Recent PIN Change
TXN0000501024,CUST00097261,2021-12-08,14:37:00,14,0,0,Canada,Toronto,Crypto Exchange,Debit Card,Desktop,52,589,1.5,50726.12,99.48,138,26,9.6,0.16,0,0,0,1,Phishing,Fraud,Domestic,Day,Weekday,No Recent PIN Change
TXN0000118760,CUST00122925,2024-02-03,00:44:00,0,1,1,Germany,Vancouver,ATM Withdrawal,Credit Card,Mobile,71,752,3,42871.48,8,134,24,22.6,0.2,0,0,0,1,Synthetic Identity,Fraud,Domestic,Night,Weekend,No Recent PIN Change
TXN0000312246,CUST00043667,2024-06-03,15:00:00,15,0,0,USA,Toronto,Jewelry,Credit Card,Desktop,37,607,0.8,4946.58,159.32,160,14,34.9,1.61,1,3,0,1,Synthetic Identity,Fraud,International,Day,Weekday,No Recent PIN Change
TXN0000996452,CUST00104326,2022-09-22,04:01:00,4,0,1,Mexico,Mexico City,Online Shopping,Debit Card,ATM,72,674,1.2,455.43,105.99,162,30,3.8,3.8,0,1,0,1,Account Takeover,Fraud,Domestic,Night,Weekday,No Recent PIN Change
TXN0000116607,CUST00104405,2024-07-11,15:51:00,15,0,0,Mexico,Mumbai,Education,Credit Card,Mobile,41,635,3.1,3114.8,960.27,140,18,21.9,17.54,0,0,0,1,Phishing,Fraud,Domestic,Day,Weekday,No Recent PIN Change
TXN0000232770,CUST00004413,2024-09-05,06:56:00,6,0,1,India,Guadalajara,Online Shopping,Credit Card,Mobile,19,705,8.7,3497.24,329.31,163,25,7.3,5.49,0,0,0,1,Card Cloning,Fraud,Domestic,Night,Weekday,No Recent PIN Change
TXN0000018182,CUST00183344,2021-09-11,20:24:00,20,1,0,UK,Rio,Jewelry,Mobile Payment,Desktop,42,659,2.1,3004.82,2509.66,146,19,6.7,11.06,0,0,0,1,Card Cloning,Fraud,Domestic,Day,Weekend,No Recent PIN Change
TXN0000368344,CUST00013122,2020-01-07,10:27:00,10,0,0,Germany,Toronto,Fuel,Crypto,Mobile,47,523,0.2,2900.73,133.54,154,18,29.1,20.45,0,2,0,1,Identity Theft,Fraud,Domestic,Day,Weekday,No Recent PIN Change
TXN0000664618,CUST00006008,2024-04-18,22:16:00,22,0,1,USA,New York,Jewelry,Debit Card,Desktop,31,683,2.4,2576.21,345.72,159,21,21.7,3.81,0,0,0,1,Account Takeover,Fraud,Domestic,Night,Weekday,No Recent PIN Change
TXN0000611274,CUST00127071,2024-02-08,15:27:00,15,0,0,USA,Manchester,Jewelry,Credit Card,Tablet,47,476,1.2,18326.52,231,161,18,34.4,5.25,0,0,0,1,Account Takeover,Fraud,Domestic,Day,Weekday,No Recent PIN Change
TXN0000730800,CUST00065439,2020-01-11,02:06:00,2,1,1,Mexico,Lyon,Clothing,Mobile Payment,Desktop,43,677,3.4,8644.98,6.54,129,21,10.9,2.23,0,0,0,1,Account Takeover,Fraud,Domestic,Night,Weekend,No Recent PIN Change
TXN0000602205,CUST00154859,2021-06-28,03:22:00,3,0,1,Canada,Paris,Gaming,Mobile Payment,Desktop,28,613,1.3,44099.25,154.14,142,13,10.7,10.48,0,0,0,1,Phishing,Fraud,Domestic,Night,Weekday,No Recent PIN Change
TXN0000917242,CUST00192625,2020-12-30,17:10:00,17,0,0,Canada,Vancouver,Gaming,Debit Card,Desktop,53,701,0.8,6249.33,146.03,159,22,31.5,6.67,0,0,1,1,Card Cloning,Fraud,Domestic,Day,Weekday,Recent PIN Change
TXN0000301090,CUST00076671,2023-04-07,01:18:00,1,0,1,USA,Berlin,Electronics,Debit Card,Mobile,23,719,30,2975.5,90.93,131,18,21.2,24.57,0,3,0,1,Phishing,Fraud,Domestic,Night,Weekday,No Recent PIN Change
TXN0000078904,CUST00178696,2022-04-18,14:26:00,14,0,0,UK,São Paulo,Grocery,Crypto,Mobile,50,538,1.8,3250.94,144.58,144,25,19.2,2.12,0,0,0,1,Phishing,Fraud,Domestic,Day,Weekday,No Recent PIN Change
TXN0000705235,CUST00186780,2021-10-28,22:49:00,22,0,1,Brazil,Osaka,ATM Withdrawal,Crypto,ATM,47,827,6.8,2081.72,41.89,158,21,50.6,6.52,0,0,0,1,Friendly Fraud,Fraud,Domestic,Night,Weekday,No Recent PIN Change
TXN0000535416,CUST00097792,2024-10-05,20:31:00,20,1,0,France,Guadalajara,Restaurant,Bank Transfer,Tablet,36,678,0.9,7855.6,22.07,153,20,8.4,0.1,0,0,0,1,Friendly Fraud,Fraud,Domestic,Day,Weekend,No Recent PIN Change
TXN0000252384,CUST00010059,2021-12-08,23:41:00,23,0,1,Germany,Munich,Education,Credit Card,Mobile,52,720,4,3596.11,32.53,165,16,6.3,0.12,0,1,0,1,Account Takeover,Fraud,Domestic,Night,Weekday,No Recent PIN Change
TXN0000634570,CUST00022341,2021-03-22,03:29:00,3,0,1,Mexico,Lyon,Healthcare,Bank Transfer,Mobile,45,668,0.9,6200.37,19.36,138,15,0.3,17.24,0,0,1,1,Identity Theft,Fraud,Domestic,Night,Weekday,Recent PIN Change
TXN0000975084,CUST00146014,2020-11-20,15:31:00,15,0,0,Canada,Toronto,Electronics,Crypto,ATM,27,625,3.8,6210.65,269.33,187,19,26.6,6.21,1,0,0,1,Identity Theft,Fraud,International,Day,Weekday,No Recent PIN Change
TXN0000617126,CUST00106238,2021-08-26,13:18:00,13,0,0,Germany,Sydney,Healthcare,Bank Transfer,Mobile,43,621,2.3,7676.67,88.85,150,17,14,0.73,0,2,0,1,Identity Theft,Fraud,Domestic,Day,Weekday,No Recent PIN Change
TXN0000132014,CUST00005124,2021-10-18,04:35:00,4,0,1,India,London,Travel,Mobile Payment,Desktop,38,669,1.5,1487.41,282.63,157,23,31.1,2.96,0,1,0,1,Account Takeover,Fraud,Domestic,Night,Weekday,No Recent PIN Change
TXN0000739575,CUST00125473,2023-12-06,18:00:00,18,0,0,USA,Delhi,Travel,Credit Card,Desktop,37,644,0.6,10147.19,66.39,129,23,19.9,16.33,1,0,0,1,Friendly Fraud,Fraud,International,Day,Weekday,No Recent PIN Change
TXN0000150986,CUST00096003,2021-07-21,16:13:00,16,0,0,USA,Tokyo,Electronics,Debit Card,Tablet,32,718,8.5,5537.92,3202.99,170,19,16.5,29.99,0,2,0,1,Friendly Fraud,Fraud,Domestic,Day,Weekday,No Recent PIN Change
TXN0000718769,CUST00167033,2022-05-06,00:07:00,0,0,1,USA,Paris,Travel,Credit Card,Desktop,30,706,5.3,1727.37,454.15,138,23,47.6,29.12,0,3,0,1,Card Cloning,Fraud,Domestic,Night,Weekday,No Recent PIN Change
TXN0000686779,CUST00092106,2020-11-19,04:26:00,4,0,1,Germany,Osaka,Clothing,Credit Card,Mobile,18,711,7.7,2977.36,14.95,137,17,13.2,0.93,0,0,0,1,Account Takeover,Fraud,Domestic,Night,Weekday,No Recent PIN Change
TXN0000503590,CUST00004856,2021-02-18,03:15:00,3,0,1,France,Melbourne,ATM Withdrawal,Debit Card,Mobile,52,716,4.7,34021.84,253.44,145,12,4.7,5.37,1,0,0,1,Synthetic Identity,Fraud,International,Night,Weekday,No Recent PIN Change
TXN0000910249,CUST00043571,2021-02-10,01:24:00,1,0,1,France,São Paulo,ATM Withdrawal,Bank Transfer,Mobile,41,614,0.6,12150.46,52.55,133,15,56.8,3.28,0,2,1,1,Phishing,Fraud,Domestic,Night,Weekday,Recent PIN Change
TXN0000962153,CUST00095402,2020-10-06,13:40:00,13,0,0,Japan,Vancouver,Gaming,Debit Card,Mobile,48,624,7.7,11480.79,6.58,172,25,7.7,4.99,0,2,0,1,Account Takeover,Fraud,Domestic,Day,Weekday,No Recent PIN Change
TXN0000494678,CUST00112412,2020-10-03,21:47:00,21,1,0,Brazil,Tokyo,Jewelry,Credit Card,Mobile,29,715,4.5,47741.67,122.41,138,16,19.1,9.75,0,1,0,1,Phishing,Fraud,Domestic,Day,Weekend,No Recent PIN Change
TXN0000083715,CUST00180989,2023-09-01,11:23:00,11,0,0,Australia,Sydney,Entertainment,Crypto,Desktop,47,698,0.9,5902.16,38.7,148,19,2.7,30.24,1,4,0,1,Phishing,Fraud,International,Day,Weekday,No Recent PIN Change
TXN0000574493,CUST00177288,2022-03-16,04:12:00,4,0,1,Germany,New York,Crypto Exchange,Bank Transfer,Desktop,36,706,2.2,1238.83,225.88,150,19,46.6,18.3,1,2,1,1,Identity Theft,Fraud,International,Night,Weekday,Recent PIN Change
TXN0000730803,CUST00096615,2022-07-10,04:18:00,4,1,1,France,Sydney,Online Shopping,Crypto,Mobile,37,619,0.2,3411.39,36.65,147,22,26.7,14.6,0,1,0,1,Account Takeover,Fraud,Domestic,Night,Weekend,No Recent PIN Change
TXN0000772520,CUST00016857,2024-06-07,11:49:00,11,0,0,USA,New York,Entertainment,Credit Card,POS Terminal,38,742,1.6,10049.59,14.58,149,17,62.1,3.59,1,0,0,1,Friendly Fraud,Fraud,International,Day,Weekday,No Recent PIN Change
TXN0000672772,CUST00102090,2021-01-16,00:47:00,0,1,1,USA,Guadalajara,Restaurant,Debit Card,Desktop,50,604,3.3,7255.75,43.28,167,17,13.6,4.58,0,0,0,1,Phishing,Fraud,Domestic,Night,Weekend,No Recent PIN Change
TXN0000493258,CUST00099383,2021-04-01,02:34:00,2,0,1,Germany,Osaka,Jewelry,Bank Transfer,POS Terminal,18,714,9.1,5036.74,580.57,142,19,6.2,4.94,0,0,0,1,Account Takeover,Fraud,Domestic,Night,Weekday,No Recent PIN Change
TXN0000576872,CUST00006352,2024-05-18,10:08:00,10,1,0,USA,Rio,Electronics,Credit Card,Desktop,33,802,12.6,2037.69,889.73,131,20,3.3,3.15,1,1,0,1,Friendly Fraud,Fraud,International,Day,Weekend,No Recent PIN Change
TXN0000548421,CUST00060704,2024-09-14,00:36:00,0,1,1,Canada,Mumbai,Fuel,Credit Card,Mobile,48,739,5.9,7323.28,270.32,124,12,30.3,0.12,0,0,0,1,Synthetic Identity,Fraud,Domestic,Night,Weekend,No Recent PIN Change
TXN0000800508,CUST00189846,2022-03-13,12:07:00,12,1,0,India,Toronto,Crypto Exchange,Debit Card,POS Terminal,59,701,10,775.68,24.69,148,24,3.5,5.89,0,0,0,1,Card Cloning,Fraud,Domestic,Day,Weekend,No Recent PIN Change
TXN0000773007,CUST00185689,2021-09-12,16:00:00,16,1,0,Brazil,Paris,Travel,Mobile Payment,Desktop,55,626,5.4,21417.94,63.79,150,17,14.3,2.96,0,0,0,1,Identity Theft,Fraud,Domestic,Day,Weekend,No Recent PIN Change
TXN0000713622,CUST00011205,2022-10-19,13:06:00,13,0,0,France,São Paulo,Clothing,Bank Transfer,Mobile,31,695,18,21370.74,56.36,140,18,31.2,0.05,1,0,1,1,Friendly Fraud,Fraud,International,Day,Weekday,Recent PIN Change
TXN0000314875,CUST00024783,2020-03-19,08:57:00,8,0,0,USA,Mexico City,Utilities,Debit Card,Tablet,49,586,1.5,9149.81,329.28,144,17,0.7,20.38,0,4,0,1,Card Cloning,Fraud,Domestic,Day,Weekday,No Recent PIN Change
TXN0000165891,CUST00015560,2022-09-22,00:09:00,0,0,1,India,Melbourne,Crypto Exchange,Debit Card,Mobile,47,764,1.4,21218.16,27.48,135,20,9,8.87,1,0,0,1,Identity Theft,Fraud,International,Night,Weekday,No Recent PIN Change
TXN0000209890,CUST00170260,2024-01-12,16:36:00,16,0,0,Japan,Munich,Gaming,Bank Transfer,ATM,36,668,26.6,9070.94,24.62,168,19,73.1,25.48,1,3,0,1,Identity Theft,Fraud,International,Day,Weekday,No Recent PIN Change
TXN0000232539,CUST00004834,2022-03-29,08:01:00,8,0,0,Japan,Los Angeles,ATM Withdrawal,Mobile Payment,Mobile,55,672,2.6,37047.35,218.86,150,20,1,3.73,0,1,0,1,Synthetic Identity,Fraud,Domestic,Day,Weekday,No Recent PIN Change
TXN0000819245,CUST00083150,2020-11-12,04:25:00,4,0,1,Brazil,Los Angeles,Gaming,Mobile Payment,Tablet,18,655,1.4,1440.65,32.64,154,23,12.5,20.11,0,0,1,1,Account Takeover,Fraud,Domestic,Night,Weekday,Recent PIN Change
TXN0000341033,CUST00034737,2022-07-22,02:15:00,2,0,1,USA,Toronto,Gaming,Credit Card,ATM,34,616,4.4,26578.32,34.38,157,19,18.8,2.31,0,0,0,1,Identity Theft,Fraud,Domestic,Night,Weekday,No Recent PIN Change
TXN0000509173,CUST00053070,2023-04-15,08:01:00,8,1,0,Canada,Guadalajara,Jewelry,Credit Card,Tablet,60,777,14.7,64907.85,448.48,173,22,0.1,31.18,1,2,0,1,Card Cloning,Fraud,International,Day,Weekend,No Recent PIN Change
TXN0000718121,CUST00077614,2024-06-24,03:49:00,3,0,1,USA,Tokyo,Utilities,Credit Card,Mobile,60,684,4.8,6198.04,27.09,158,24,6.8,14.3,1,0,0,1,Synthetic Identity,Fraud,International,Night,Weekday,No Recent PIN Change
TXN0000596817,CUST00018533,2020-01-26,12:44:00,12,1,0,USA,Munich,Electronics,Debit Card,Desktop,40,551,4.1,7557.84,373.91,164,18,56.3,4.55,1,0,1,1,Synthetic Identity,Fraud,International,Day,Weekend,Recent PIN Change
TXN0000261072,CUST00165434,2024-03-30,01:09:00,1,1,1,USA,Delhi,Clothing,Mobile Payment,Mobile,50,679,2.1,1125.61,119.22,158,26,3.5,5.5,0,5,1,1,Card Cloning,Fraud,Domestic,Night,Weekend,Recent PIN Change
TXN0000289378,CUST00023174,2024-07-20,15:31:00,15,1,0,USA,Tokyo,Gaming,Credit Card,Desktop,36,598,4.6,14309.68,230.81,151,14,72.4,18.79,1,0,0,1,Synthetic Identity,Fraud,International,Day,Weekend,No Recent PIN Change
TXN0000268151,CUST00194090,2023-02-16,13:14:00,13,0,0,India,Paris,ATM Withdrawal,Debit Card,Desktop,38,827,4.4,4366.99,45.76,163,22,38.1,13.05,0,0,0,1,Account Takeover,Fraud,Domestic,Day,Weekday,No Recent PIN Change
TXN0000512185,CUST00042039,2022-08-07,18:25:00,18,1,0,USA,London,Education,Bank Transfer,ATM,38,574,1,13428.05,79.7,129,16,30.6,7.88,0,3,0,1,Friendly Fraud,Fraud,Domestic,Day,Weekend,No Recent PIN Change
TXN0000306379,CUST00073016,2023-11-01,18:40:00,18,0,0,Germany,Osaka,ATM Withdrawal,Credit Card,Mobile,47,746,1.6,5299.38,118.97,139,22,19.7,12.47,0,0,0,1,Friendly Fraud,Fraud,Domestic,Day,Weekday,No Recent PIN Change
TXN0000665146,CUST00184583,2023-01-28,05:17:00,5,1,1,India,Guadalajara,Gaming,Credit Card,Mobile,39,650,1.4,2432.76,73.76,177,18,3.1,6.35,0,0,0,1,Synthetic Identity,Fraud,Domestic,Night,Weekend,No Recent PIN Change
TXN0000731404,CUST00152944,2021-02-15,20:40:00,20,0,0,Mexico,Paris,ATM Withdrawal,Debit Card,Mobile,45,672,3.7,13454.65,41.07,148,23,19.8,7.41,0,0,0,1,Account Takeover,Fraud,Domestic,Day,Weekday,No Recent PIN Change
TXN0000343246,CUST00110705,2022-01-21,16:09:00,16,0,0,USA,Guadalajara,Crypto Exchange,Debit Card,Desktop,33,772,8.8,16955.78,35.18,172,21,11.1,11.96,0,0,1,1,Synthetic Identity,Fraud,Domestic,Day,Weekday,Recent PIN Change
TXN0000169452,CUST00067812,2024-02-17,21:02:00,21,1,0,India,Tokyo,Online Shopping,Bank Transfer,Mobile,41,727,4.3,1600.39,12.91,126,22,2.8,25.23,0,5,0,1,Phishing,Fraud,Domestic,Day,Weekend,No Recent PIN Change
TXN0000685448,CUST00133601,2021-06-21,04:46:00,4,0,1,USA,Delhi,Jewelry,Credit Card,Desktop,19,750,0.8,12489.46,97.14,152,25,6.3,21.06,0,0,1,1,Friendly Fraud,Fraud,Domestic,Night,Weekday,Recent PIN Change
TXN0000631618,CUST00038907,2022-07-13,06:45:00,6,0,1,Mexico,Vancouver,Online Shopping,Crypto,Mobile,23,552,24.6,1931.58,432.41,161,19,8.3,2.66,0,0,0,1,Synthetic Identity,Fraud,Domestic,Night,Weekday,No Recent PIN Change
TXN0000211926,CUST00035463,2023-05-24,11:28:00,11,0,0,Canada,Guadalajara,Utilities,Credit Card,Mobile,28,627,0.2,44345.17,39.88,157,19,32.5,14.39,1,0,0,1,Synthetic Identity,Fraud,International,Day,Weekday,No Recent PIN Change
TXN0000770405,CUST00179760,2020-07-09,00:18:00,0,0,1,USA,Tokyo,Entertainment,Debit Card,Mobile,25,613,1.8,16646.74,283.18,134,19,6.8,5.06,0,0,0,1,Identity Theft,Fraud,Domestic,Night,Weekday,No Recent PIN Change
TXN0000882536,CUST00058172,2020-11-22,22:20:00,22,1,1,Germany,Delhi,Jewelry,Credit Card,Mobile,42,690,1.2,3057.45,819.79,159,15,5.3,7.17,1,0,0,1,Synthetic Identity,Fraud,International,Night,Weekend,No Recent PIN Change
TXN0000464463,CUST00136652,2024-06-01,14:39:00,14,1,0,USA,Rio,ATM Withdrawal,Bank Transfer,Tablet,30,770,3.2,1999.12,24.53,136,22,20.8,41.16,0,0,0,1,Friendly Fraud,Fraud,Domestic,Day,Weekend,No Recent PIN Change
TXN0000737524,CUST00081126,2022-07-19,05:54:00,5,0,1,Japan,New York,Electronics,Debit Card,Mobile,29,726,9,13071.22,67.04,152,21,5.7,20.08,0,4,0,1,Phishing,Fraud,Domestic,Night,Weekday,No Recent PIN Change
TXN0000295245,CUST00084634,2020-07-11,18:06:00,18,1,0,USA,São Paulo,ATM Withdrawal,Bank Transfer,Desktop,28,830,4.5,1980.44,37.37,170,24,6.3,2.1,0,0,0,1,Account Takeover,Fraud,Domestic,Day,Weekend,No Recent PIN Change
TXN0000053073,CUST00058015,2024-07-23,21:43:00,21,0,0,Brazil,Los Angeles,Electronics,Mobile Payment,POS Terminal,18,532,4.3,2100.07,726.84,174,22,37.3,5.48,0,0,1,1,Account Takeover,Fraud,Domestic,Day,Weekday,Recent PIN Change
TXN0000853982,CUST00152340,2021-11-28,04:48:00,4,1,1,France,Tokyo,Fuel,Bank Transfer,ATM,41,850,2.6,9192.41,565.47,158,26,20.4,5.82,0,0,0,1,Card Cloning,Fraud,Domestic,Night,Weekend,No Recent PIN Change
TXN0000623401,CUST00181184,2022-10-03,00:18:00,0,0,1,France,Lyon,Jewelry,Credit Card,ATM,44,772,2,27966.95,1042.62,138,30,9.9,3.31,0,0,0,1,Account Takeover,Fraud,Domestic,Night,Weekday,No Recent PIN Change
TXN0000094450,CUST00078841,2023-06-15,02:19:00,2,0,1,UK,Manchester,Electronics,Bank Transfer,ATM,52,681,7.6,5465.6,2427.17,141,23,5.3,6.69,0,0,0,1,Identity Theft,Fraud,Domestic,Night,Weekday,No Recent PIN Change
TXN0000435131,CUST00041586,2021-03-17,00:57:00,0,0,1,USA,Osaka,Electronics,Cheque,ATM,18,680,5.5,4115.09,371.69,152,16,27.5,19.29,0,0,0,1,Synthetic Identity,Fraud,Domestic,Night,Weekday,No Recent PIN Change
TXN0000284970,CUST00149902,2020-04-17,02:11:00,2,0,1,USA,Osaka,Utilities,Bank Transfer,ATM,36,733,9.6,695.68,141.73,136,27,19.8,13.04,0,4,0,1,Phishing,Fraud,Domestic,Night,Weekday,No Recent PIN Change
TXN0000368633,CUST00042863,2024-01-23,06:08:00,6,0,1,Australia,Lyon,Jewelry,Credit Card,Desktop,30,638,7.7,1930.81,2228.21,159,20,41,5.36,0,0,0,1,Account Takeover,Fraud,Domestic,Night,Weekday,No Recent PIN Change
TXN0000300313,CUST00066216,2021-04-23,15:41:00,15,0,0,USA,Manchester,Jewelry,Cheque,Tablet,40,646,17.7,3129.9,1315.53,154,22,0.4,7.96,0,1,0,1,Account Takeover,Fraud,Domestic,Day,Weekday,No Recent PIN Change
TXN0000439771,CUST00016115,2022-07-03,06:12:00,6,1,1,USA,Lyon,Clothing,Credit Card,Mobile,42,612,14.9,11951.58,66.29,127,27,5.1,9.04,0,2,0,1,Friendly Fraud,Fraud,Domestic,Night,Weekend,No Recent PIN Change
TXN0000671313,CUST00023820,2020-05-22,13:33:00,13,0,0,Germany,Tokyo,Crypto Exchange,Credit Card,Mobile,48,643,7.4,1509.15,49.59,118,22,66.5,16.63,0,4,0,1,Friendly Fraud,Fraud,Domestic,Day,Weekday,No Recent PIN Change
TXN0000196129,CUST00001681,2022-07-01,02:29:00,2,0,1,India,Mexico City,Jewelry,Mobile Payment,Mobile,56,734,0.2,5542.75,1313.75,160,16,31.6,7.32,1,0,0,1,Card Cloning,Fraud,International,Night,Weekday,No Recent PIN Change
TXN0000740893,CUST00062959,2022-04-11,08:06:00,8,0,0,USA,Lyon,Utilities,Credit Card,Desktop,30,645,1.2,3482.14,32.79,130,19,0.4,3.98,0,0,1,1,Account Takeover,Fraud,Domestic,Day,Weekday,Recent PIN Change
TXN0000216574,CUST00183110,2023-04-24,02:47:00,2,0,1,USA,Rio,Utilities,Debit Card,Mobile,36,671,0.6,1698.47,48.31,130,20,55.7,8.92,1,0,0,1,Phishing,Fraud,International,Night,Weekday,No Recent PIN Change
TXN0000524159,CUST00003565,2024-08-27,21:30:00,21,0,0,India,Lyon,ATM Withdrawal,Bank Transfer,Mobile,37,565,2.9,3589.85,28.35,151,24,2.7,0.04,1,0,0,1,Friendly Fraud,Fraud,International,Day,Weekday,No Recent PIN Change
TXN0000198409,CUST00084803,2020-12-31,16:24:00,16,0,0,Brazil,Guadalajara,Jewelry,Debit Card,Mobile,54,711,2.8,14589.76,266.03,138,26,31.7,13.33,0,0,0,1,Friendly Fraud,Fraud,Domestic,Day,Weekday,No Recent PIN Change
TXN0000469305,CUST00192835,2023-04-27,06:01:00,6,0,1,UK,Sydney,Clothing,Mobile Payment,Mobile,24,703,4.7,6211.79,37.81,152,24,29.7,23.46,0,0,0,1,Account Takeover,Fraud,Domestic,Night,Weekday,No Recent PIN Change
TXN0000911881,CUST00023021,2022-11-04,23:50:00,23,0,1,UK,Osaka,Travel,Credit Card,Mobile,40,788,4.1,39631.16,1169.99,155,18,5.1,7.45,0,3,1,1,Phishing,Fraud,Domestic,Night,Weekday,Recent PIN Change
TXN0000745933,CUST00007072,2023-06-16,07:45:00,7,0,0,India,Sydney,Crypto Exchange,Debit Card,Mobile,48,743,3.5,5663.51,73.29,167,18,31.2,12.75,1,2,0,1,Friendly Fraud,Fraud,International,Day,Weekday,No Recent PIN Change
TXN0000434575,CUST00187290,2023-02-05,03:32:00,3,1,1,UK,Rio,Online Shopping,Credit Card,Mobile,42,473,9.7,17721.39,35.58,167,25,13,17.77,1,2,0,1,Card Cloning,Fraud,International,Night,Weekend,No Recent PIN Change
TXN0000734184,CUST00016318,2024-09-18,12:23:00,12,0,0,UK,Sydney,Electronics,Bank Transfer,Desktop,33,704,0.5,1143.3,1672.52,144,21,1.4,39.1,0,0,1,1,Identity Theft,Fraud,Domestic,Day,Weekday,Recent PIN Change
TXN0000483093,CUST00012308,2022-03-04,12:28:00,12,0,0,USA,São Paulo,Jewelry,Credit Card,Mobile,35,634,8.5,10331.61,1390.7,150,16,45.7,7.59,0,0,1,1,Synthetic Identity,Fraud,Domestic,Day,Weekday,Recent PIN Change
TXN0000338235,CUST00116875,2020-01-12,02:52:00,2,1,1,Brazil,Los Angeles,Electronics,Mobile Payment,Mobile,82,639,0.7,6389.54,401.2,164,23,6.9,15.96,1,0,0,1,Synthetic Identity,Fraud,International,Night,Weekend,No Recent PIN Change
TXN0000838379,CUST00151330,2024-01-12,22:26:00,22,0,1,France,Los Angeles,Gaming,Debit Card,Mobile,42,707,3.9,404.97,39.77,144,21,4.3,2.78,0,0,0,1,Synthetic Identity,Fraud,Domestic,Night,Weekday,No Recent PIN Change
TXN0000075494,CUST00140619,2023-09-15,00:41:00,0,0,1,Japan,Sydney,Restaurant,Bank Transfer,Mobile,49,558,5.4,2603.65,8.47,170,13,1.3,4.55,0,3,1,1,Friendly Fraud,Fraud,Domestic,Night,Weekday,Recent PIN Change
TXN0000930250,CUST00106200,2021-09-07,09:18:00,9,0,0,UK,Delhi,Fuel,Crypto,ATM,56,720,13.4,4348.31,161.87,141,21,40,5.07,0,2,1,1,Phishing,Fraud,Domestic,Day,Weekday,Recent PIN Change
TXN0000749887,CUST00165010,2021-03-28,14:08:00,14,1,0,India,Melbourne,Education,Credit Card,Desktop,48,816,8.4,11179.29,43.97,156,25,25,9.39,1,0,1,1,Synthetic Identity,Fraud,International,Day,Weekend,Recent PIN Change
TXN0000079640,CUST00068480,2024-04-23,13:29:00,13,0,0,Mexico,Sydney,Healthcare,Debit Card,ATM,32,632,2.6,7588.47,62.98,141,20,12.6,2.91,0,2,0,1,Phishing,Fraud,Domestic,Day,Weekday,No Recent PIN Change
TXN0000487070,CUST00017593,2022-01-22,20:11:00,20,1,0,USA,Sydney,Jewelry,Debit Card,ATM,41,636,2.7,11530.95,369.79,147,28,9.8,29.76,1,0,0,1,Identity Theft,Fraud,International,Day,Weekend,No Recent PIN Change
TXN0000450512,CUST00103456,2022-09-05,19:11:00,19,0,0,Germany,Lyon,Utilities,Credit Card,Mobile,35,667,4,37393.12,214.22,162,15,16.8,15.13,0,0,0,1,Identity Theft,Fraud,Domestic,Day,Weekday,No Recent PIN Change
TXN0000674528,CUST00180731,2023-06-11,16:34:00,16,1,0,USA,New York,Healthcare,Debit Card,Tablet,62,680,4.7,191846.99,5.19,161,18,18.4,22.37,0,5,0,1,Friendly Fraud,Fraud,Domestic,Day,Weekend,No Recent PIN Change
TXN0000015442,CUST00038060,2022-06-21,23:41:00,23,0,1,Brazil,Paris,Gaming,Bank Transfer,Mobile,24,591,1.6,6105.67,52.76,152,23,34.2,2.54,1,0,0,1,Card Cloning,Fraud,International,Night,Weekday,No Recent PIN Change
TXN0000068781,CUST00041005,2023-04-27,04:41:00,4,0,1,Australia,Tokyo,Grocery,Credit Card,POS Terminal,62,677,10.6,12711.82,37.07,145,17,5.4,0.18,1,0,0,1,Friendly Fraud,Fraud,International,Night,Weekday,No Recent PIN Change
TXN0000457916,CUST00177014,2020-02-16,20:56:00,20,1,0,USA,Toronto,Healthcare,Credit Card,POS Terminal,42,570,30,4419.53,17.31,139,26,1.8,26.96,0,2,0,1,Friendly Fraud,Fraud,Domestic,Day,Weekend,No Recent PIN Change
TXN0000166504,CUST00131307,2021-08-16,03:50:00,3,0,1,Brazil,Delhi,Online Shopping,Credit Card,Mobile,28,850,1.2,6334.88,13.39,154,19,49.8,8.05,0,0,0,1,Synthetic Identity,Fraud,Domestic,Night,Weekday,No Recent PIN Change
TXN0000372331,CUST00148188,2021-05-27,16:46:00,16,0,0,UK,New York,ATM Withdrawal,Credit Card,POS Terminal,54,735,4.4,3870.06,70.53,159,24,1.1,3.7,0,0,0,1,Identity Theft,Fraud,Domestic,Day,Weekday,No Recent PIN Change
TXN0000226515,CUST00174402,2021-07-04,22:06:00,22,1,1,Brazil,Paris,Fuel,Bank Transfer,Tablet,39,703,5.5,6669.8,21.19,178,25,2.5,24.41,0,2,0,1,Phishing,Fraud,Domestic,Night,Weekend,No Recent PIN Change
TXN0000678559,CUST00179553,2021-10-11,13:22:00,13,0,0,USA,Osaka,ATM Withdrawal,Credit Card,Mobile,37,579,1.9,49976.9,73.9,141,12,26.7,33.36,0,0,0,1,Friendly Fraud,Fraud,Domestic,Day,Weekday,No Recent PIN Change
TXN0000515240,CUST00123263,2022-10-11,01:05:00,1,0,1,Germany,Tokyo,Clothing,Bank Transfer,Mobile,69,602,1.7,2828.82,94.1,155,27,29.4,16.64,0,0,1,1,Friendly Fraud,Fraud,Domestic,Night,Weekday,Recent PIN Change
TXN0000549487,CUST00093006,2021-07-10,00:12:00,0,1,1,USA,Los Angeles,Restaurant,Cheque,Mobile,59,766,8.4,6583.39,60.13,146,17,41.8,21.33,0,0,0,1,Friendly Fraud,Fraud,Domestic,Night,Weekend,No Recent PIN Change
TXN0000872831,CUST00047965,2021-06-20,03:21:00,3,1,1,Mexico,Osaka,ATM Withdrawal,Debit Card,Tablet,41,743,4.8,9352.44,255.6,125,21,25.6,1.71,0,0,1,1,Account Takeover,Fraud,Domestic,Night,Weekend,Recent PIN Change
TXN0000808789,CUST00008595,2024-09-19,01:28:00,1,0,1,USA,Vancouver,Utilities,Debit Card,POS Terminal,26,655,1.7,44207.1,85.89,134,13,0.7,0.47,0,0,0,1,Account Takeover,Fraud,Domestic,Night,Weekday,No Recent PIN Change
TXN0000477491,CUST00079483,2020-10-14,12:43:00,12,0,0,Mexico,Berlin,ATM Withdrawal,Credit Card,Mobile,70,819,12.6,25240.84,361.51,134,27,5.2,4.94,1,0,1,1,Account Takeover,Fraud,International,Day,Weekday,Recent PIN Change
TXN0000227495,CUST00080273,2021-03-25,18:55:00,18,0,0,USA,London,ATM Withdrawal,Credit Card,Desktop,54,654,7.8,7340.41,63.67,155,15,5.2,3.73,0,0,0,1,Synthetic Identity,Fraud,Domestic,Day,Weekday,No Recent PIN Change
TXN0000144109,CUST00064845,2024-03-29,14:03:00,14,0,0,UK,Mexico City,Clothing,Debit Card,ATM,36,844,4.7,1571.06,31.91,148,17,4,0.16,0,0,0,1,Friendly Fraud,Fraud,Domestic,Day,Weekday,No Recent PIN Change
TXN0000639287,CUST00111327,2023-05-02,13:59:00,13,0,0,USA,Rio,Crypto Exchange,Bank Transfer,Mobile,41,661,8.9,3599.67,204.22,139,23,13.1,9.66,0,0,0,1,Friendly Fraud,Fraud,Domestic,Day,Weekday,No Recent PIN Change
TXN0000923864,CUST00120990,2021-09-16,14:56:00,14,0,0,USA,Vancouver,Entertainment,Credit Card,Mobile,18,795,10,14569.39,112,135,20,13.6,8.87,0,0,0,1,Synthetic Identity,Fraud,Domestic,Day,Weekday,No Recent PIN Change
TXN0000861357,CUST00104563,2024-01-07,01:26:00,1,1,1,Japan,Toronto,Grocery,Credit Card,Tablet,52,838,2.8,1894.36,244.33,156,20,15.8,5.29,1,0,0,1,Synthetic Identity,Fraud,International,Night,Weekend,No Recent PIN Change
TXN0000521844,CUST00049090,2024-05-07,01:12:00,1,0,1,Canada,Osaka,Jewelry,Debit Card,Mobile,18,617,1.7,1509.6,334.97,177,22,6.8,12.08,0,0,0,1,Identity Theft,Fraud,Domestic,Night,Weekday,No Recent PIN Change
TXN0000967616,CUST00076425,2024-05-07,23:58:00,23,0,1,USA,Toronto,Travel,Credit Card,Desktop,55,688,3.2,58763.51,936.68,142,20,6,18.85,0,0,0,1,Synthetic Identity,Fraud,Domestic,Night,Weekday,No Recent PIN Change
TXN0000021054,CUST00175990,2024-10-20,21:31:00,21,1,0,UK,Guadalajara,Crypto Exchange,Debit Card,Mobile,41,673,3.5,6497.77,66.82,130,26,23.4,2.19,0,0,0,1,Identity Theft,Fraud,Domestic,Day,Weekend,No Recent PIN Change
TXN0000565194,CUST00182240,2022-06-20,06:22:00,6,0,1,Canada,Melbourne,Healthcare,Bank Transfer,Mobile,47,597,0.2,64996.26,39.63,139,18,28.6,21.56,0,0,0,1,Friendly Fraud,Fraud,Domestic,Night,Weekday,No Recent PIN Change
TXN0000524985,CUST00048651,2020-12-24,22:17:00,22,0,1,Canada,Munich,Fuel,Mobile Payment,Mobile,54,641,3,3614.58,25.53,145,20,18,3.72,0,2,0,1,Synthetic Identity,Fraud,Domestic,Night,Weekday,No Recent PIN Change
TXN0000796787,CUST00077022,2022-10-19,22:28:00,22,0,1,UK,Mumbai,Travel,Credit Card,Mobile,40,640,3.4,6885.42,169.65,152,20,14.9,2.83,0,0,0,1,Identity Theft,Fraud,Domestic,Night,Weekday,No Recent PIN Change
TXN0000873474,CUST00154188,2022-01-19,00:35:00,0,0,1,UK,Mumbai,Crypto Exchange,Credit Card,Mobile,40,723,0.4,1954.8,12.68,151,19,9.6,3.11,0,1,0,1,Synthetic Identity,Fraud,Domestic,Night,Weekday,No Recent PIN Change
TXN0000766642,CUST00149254,2022-05-28,19:57:00,19,1,0,USA,Toronto,Education,Debit Card,ATM,42,624,5,5496.67,48.9,141,18,28.1,0.27,0,0,1,1,Identity Theft,Fraud,Domestic,Day,Weekend,Recent PIN Change
TXN0000906928,CUST00014285,2023-11-11,04:49:00,4,1,1,USA,Manchester,Jewelry,Mobile Payment,Mobile,38,718,3.9,7043.51,541.96,152,16,17.9,0.56,0,0,0,1,Phishing,Fraud,Domestic,Night,Weekend,No Recent PIN Change
TXN0000113170,CUST00004951,2020-03-29,03:11:00,3,1,1,UK,Mumbai,Gaming,Debit Card,ATM,38,674,0.8,8180.2,89.54,153,25,1.1,5.36,0,0,0,1,Card Cloning,Fraud,Domestic,Night,Weekend,No Recent PIN Change
TXN0000230873,CUST00098671,2020-04-21,22:36:00,22,0,1,India,Guadalajara,Education,Debit Card,Tablet,49,689,0.9,1843.99,23.36,140,20,0.6,14.85,0,0,0,1,Identity Theft,Fraud,Domestic,Night,Weekday,No Recent PIN Change
TXN0000585089,CUST00021384,2021-12-24,23:07:00,23,0,1,Germany,Mexico City,Restaurant,Crypto,ATM,28,667,1.8,23840.15,152.34,154,16,13.7,17.86,1,0,0,1,Synthetic Identity,Fraud,International,Night,Weekday,No Recent PIN Change
TXN0000331918,CUST00104187,2020-06-02,20:40:00,20,0,0,USA,Lyon,Restaurant,Credit Card,Mobile,25,571,2.2,4512.02,72.97,169,16,15.5,39.23,1,2,0,1,Card Cloning,Fraud,International,Day,Weekday,No Recent PIN Change
TXN0000836107,CUST00051891,2021-08-24,15:01:00,15,0,0,India,Sydney,Electronics,Cheque,POS Terminal,22,729,2.4,65360.91,174.78,149,22,23.3,0.37,0,0,1,1,Card Cloning,Fraud,Domestic,Day,Weekday,Recent PIN Change
TXN0000107967,CUST00054183,2021-01-17,11:44:00,11,1,0,Brazil,Vancouver,Crypto Exchange,Credit Card,Mobile,60,850,6,1205.44,210.24,148,15,5.8,2.31,1,1,0,1,Account Takeover,Fraud,International,Day,Weekend,No Recent PIN Change
TXN0000727703,CUST00106243,2022-10-08,14:05:00,14,1,0,France,London,ATM Withdrawal,Debit Card,Mobile,58,653,7.1,10421.49,64.8,153,22,13.3,3.82,1,0,0,1,Identity Theft,Fraud,International,Day,Weekend,No Recent PIN Change
TXN0000466928,CUST00023571,2024-12-24,20:51:00,20,0,0,India,Vancouver,Utilities,Cheque,Mobile,65,787,2.2,114534.18,27.07,166,21,18.3,7.94,0,2,0,1,Synthetic Identity,Fraud,Domestic,Day,Weekday,No Recent PIN Change
TXN0000661667,CUST00150505,2023-10-31,20:54:00,20,0,0,USA,Vancouver,Online Shopping,Credit Card,Desktop,42,665,8.6,1654.3,6.65,151,20,6.4,0.29,0,0,0,1,Account Takeover,Fraud,Domestic,Day,Weekday,No Recent PIN Change
TXN0000738255,CUST00111920,2021-08-02,04:19:00,4,0,1,Canada,Delhi,Utilities,Credit Card,ATM,52,775,1.1,80320.5,82.08,154,19,14.2,1.45,0,0,1,1,Friendly Fraud,Fraud,Domestic,Night,Weekday,Recent PIN Change
TXN0000566770,CUST00139295,2024-12-28,07:22:00,7,1,0,India,Delhi,ATM Withdrawal,Bank Transfer,Mobile,31,629,6.4,7478.78,48.71,150,26,11.4,29.07,0,1,0,1,Phishing,Fraud,Domestic,Day,Weekend,No Recent PIN Change
TXN0000984305,CUST00131827,2021-07-03,22:28:00,22,1,1,Brazil,Mumbai,Travel,Credit Card,Mobile,66,826,4.2,2552.89,641.41,137,22,68.3,0.96,1,4,0,1,Account Takeover,Fraud,International,Night,Weekend,No Recent PIN Change
TXN0000682028,CUST00179025,2022-02-16,10:33:00,10,0,0,USA,Toronto,Clothing,Cheque,Mobile,27,682,10.1,5920.41,83.3,166,19,39.3,15.52,0,1,0,1,Account Takeover,Fraud,Domestic,Day,Weekday,No Recent PIN Change
TXN0000347729,CUST00114069,2023-07-19,07:13:00,7,0,0,USA,London,Grocery,Credit Card,ATM,49,657,2.5,19242.51,33.08,150,23,8.5,0.81,0,3,0,1,Friendly Fraud,Fraud,Domestic,Day,Weekday,No Recent PIN Change
TXN0000733878,CUST00188579,2021-04-09,06:51:00,6,0,1,Australia,Toronto,Restaurant,Credit Card,Mobile,58,621,0.2,2091.5,39.55,148,24,12.2,5.71,1,0,0,1,Friendly Fraud,Fraud,International,Night,Weekday,No Recent PIN Change
TXN0000281631,CUST00042195,2024-05-12,04:59:00,4,1,1,USA,Lyon,Clothing,Credit Card,POS Terminal,39,630,0.2,28778.83,382.01,145,25,17.9,6.39,0,0,1,1,Phishing,Fraud,Domestic,Night,Weekend,Recent PIN Change
TXN0000204342,CUST00172134,2023-12-07,13:46:00,13,0,0,USA,Manchester,Online Shopping,Debit Card,Mobile,18,707,3.9,1086.13,36.22,160,18,17.6,12.71,1,0,0,1,Phishing,Fraud,International,Day,Weekday,No Recent PIN Change
TXN0000690906,CUST00157794,2024-01-25,09:10:00,9,0,0,Brazil,Tokyo,Education,Cheque,Desktop,41,695,0.6,9284.75,62.38,158,16,19.9,9.5,0,0,0,1,Friendly Fraud,Fraud,Domestic,Day,Weekday,No Recent PIN Change
TXN0000861993,CUST00161827,2021-06-10,17:47:00,17,0,0,Canada,Tokyo,Education,Debit Card,Mobile,49,557,7.4,40003.19,114.85,137,19,18.4,0.16,0,0,0,1,Phishing,Fraud,Domestic,Day,Weekday,No Recent PIN Change
TXN0000793991,CUST00017323,2023-10-26,01:10:00,1,0,1,Canada,Munich,Clothing,Debit Card,Mobile,38,678,7.3,8285.16,88.74,174,18,52.3,1.85,1,2,0,1,Friendly Fraud,Fraud,International,Night,Weekday,No Recent PIN Change
TXN0000428546,CUST00184170,2024-10-27,06:06:00,6,1,1,USA,Mexico City,Education,Credit Card,Mobile,54,613,9.5,6490.39,17.9,162,23,27,8.26,0,2,0,1,Identity Theft,Fraud,Domestic,Night,Weekend,No Recent PIN Change
TXN0000237277,CUST00070662,2022-10-08,15:24:00,15,1,0,USA,Tokyo,Clothing,Debit Card,Mobile,31,714,4.6,2284.44,26.71,150,16,44.1,31.2,1,0,0,1,Synthetic Identity,Fraud,International,Day,Weekend,No Recent PIN Change
TXN0000573803,CUST00188876,2022-10-15,11:07:00,11,1,0,India,Vancouver,Online Shopping,Debit Card,ATM,18,657,0.1,13147.56,276.82,139,19,3.4,6.41,1,0,0,1,Card Cloning,Fraud,International,Day,Weekend,No Recent PIN Change
TXN0000390700,CUST00007070,2020-04-01,11:31:00,11,0,0,Japan,Osaka,Travel,Credit Card,Mobile,54,690,9.1,2114.11,585.33,143,30,4.5,6.89,0,0,0,1,Friendly Fraud,Fraud,Domestic,Day,Weekday,No Recent PIN Change
TXN0000809574,CUST00104622,2022-05-17,18:18:00,18,0,0,Mexico,Rio,Jewelry,Debit Card,POS Terminal,42,726,10.7,4057.02,409.86,153,23,13.7,8.03,1,0,0,1,Identity Theft,Fraud,International,Day,Weekday,No Recent PIN Change
TXN0000554605,CUST00015166,2021-02-16,00:55:00,0,0,1,Germany,Manchester,ATM Withdrawal,Bank Transfer,POS Terminal,31,682,6.8,23128.53,25.04,142,22,21.6,13.3,1,0,1,1,Card Cloning,Fraud,International,Night,Weekday,Recent PIN Change
TXN0000590280,CUST00068763,2023-11-18,04:57:00,4,1,1,India,Delhi,ATM Withdrawal,Credit Card,Mobile,32,607,2.1,6804.05,37.11,178,23,11.7,13.43,0,0,0,1,Phishing,Fraud,Domestic,Night,Weekend,No Recent PIN Change
TXN0000814166,CUST00196513,2023-01-02,03:20:00,3,0,1,Japan,Melbourne,Grocery,Credit Card,POS Terminal,63,804,1.8,4444,133.17,156,31,13.1,11.3,0,0,0,1,Friendly Fraud,Fraud,Domestic,Night,Weekday,No Recent PIN Change
TXN0000134472,CUST00071993,2024-05-26,03:28:00,3,1,1,Japan,Guadalajara,Crypto Exchange,Debit Card,Desktop,24,750,4.4,5646.71,232.98,147,27,37.1,9.95,0,0,0,1,Synthetic Identity,Fraud,Domestic,Night,Weekend,No Recent PIN Change
TXN0000500267,CUST00128097,2020-09-28,17:57:00,17,0,0,France,Delhi,Jewelry,Bank Transfer,Mobile,42,728,7.4,30233.28,165.33,159,12,32.1,9.74,0,0,0,1,Phishing,Fraud,Domestic,Day,Weekday,No Recent PIN Change
TXN0000268090,CUST00134225,2024-12-01,02:07:00,2,1,1,Mexico,Mumbai,Grocery,Credit Card,ATM,74,736,1,41460.15,76.11,161,16,9.9,5.25,0,0,0,1,Phishing,Fraud,Domestic,Night,Weekend,No Recent PIN Change
TXN0000181654,CUST00145275,2022-10-30,06:34:00,6,1,1,USA,Osaka,Grocery,Credit Card,ATM,37,615,5.3,2028.63,62.25,156,15,37.3,0.15,1,2,0,1,Phishing,Fraud,International,Night,Weekend,No Recent PIN Change
TXN0000922499,CUST00004789,2022-04-22,14:06:00,14,0,0,Germany,Sydney,Crypto Exchange,Debit Card,Desktop,74,744,3.7,3072.16,11.32,139,18,40.1,9.71,1,0,0,1,Identity Theft,Fraud,International,Day,Weekday,No Recent PIN Change
TXN0000731581,CUST00155587,2021-03-15,01:24:00,1,0,1,UK,Los Angeles,Jewelry,Mobile Payment,Desktop,54,602,3.7,29989.71,486.83,169,18,0.6,2.67,0,1,0,1,Card Cloning,Fraud,Domestic,Night,Weekday,No Recent PIN Change
TXN0000786412,CUST00165253,2024-06-21,20:57:00,20,0,0,Brazil,Mexico City,Gaming,Debit Card,Tablet,43,643,9.8,3392.9,155.96,157,23,27.5,6.96,0,2,0,1,Card Cloning,Fraud,Domestic,Day,Weekday,No Recent PIN Change
TXN0000594497,CUST00008629,2024-06-22,21:40:00,21,1,0,Brazil,Rio,Education,Credit Card,Tablet,53,606,6.9,5576.75,29.43,146,16,18.7,4.82,1,1,0,1,Account Takeover,Fraud,International,Day,Weekend,No Recent PIN Change
TXN0000912690,CUST00018240,2022-02-10,00:13:00,0,0,1,Germany,Rio,Jewelry,Credit Card,Mobile,36,662,4.6,8457.33,894.6,150,14,85.4,76.03,1,3,0,1,Account Takeover,Fraud,International,Night,Weekday,No Recent PIN Change
TXN0000401816,CUST00025074,2020-09-10,22:30:00,22,0,1,India,Melbourne,Clothing,Credit Card,Mobile,38,589,13.8,23605.67,257.51,162,18,12.8,3.85,0,0,1,1,Identity Theft,Fraud,Domestic,Night,Weekday,Recent PIN Change
TXN0000400591,CUST00125641,2021-11-08,09:24:00,9,0,0,Brazil,Toronto,Education,Debit Card,Desktop,59,732,5.4,2043.48,16,146,19,15.4,16.01,1,3,0,1,Account Takeover,Fraud,International,Day,Weekday,No Recent PIN Change
TXN0000896146,CUST00076538,2021-07-26,02:42:00,2,0,1,India,Melbourne,Entertainment,Debit Card,POS Terminal,24,738,3.5,39803.46,208.59,139,16,28,1.16,1,0,0,1,Phishing,Fraud,International,Night,Weekday,No Recent PIN Change
TXN0000493654,CUST00093903,2021-01-17,23:00:00,23,1,1,USA,Delhi,ATM Withdrawal,Debit Card,Desktop,39,780,2,10372.29,72.68,149,20,22.4,8.72,0,2,0,1,Synthetic Identity,Fraud,Domestic,Night,Weekend,No Recent PIN Change
TXN0000724280,CUST00053759,2023-03-31,16:34:00,16,0,0,India,New York,Fuel,Mobile Payment,Desktop,32,675,0.3,1549.44,66.16,159,23,3.8,4.38,0,1,0,1,Synthetic Identity,Fraud,Domestic,Day,Weekday,No Recent PIN Change
TXN0000741443,CUST00180044,2024-06-24,23:17:00,23,0,1,India,Guadalajara,Restaurant,Credit Card,Tablet,74,732,2.9,2055.28,34.42,135,14,32.1,20.13,0,0,0,1,Phishing,Fraud,Domestic,Night,Weekday,No Recent PIN Change
TXN0000171069,CUST00133934,2024-10-23,01:25:00,1,0,1,Canada,Munich,Jewelry,Credit Card,ATM,32,722,0.1,8298.03,603.15,153,19,21.8,24.79,0,0,0,1,Synthetic Identity,Fraud,Domestic,Night,Weekday,No Recent PIN Change
TXN0000054653,CUST00042823,2020-06-19,06:51:00,6,0,1,USA,São Paulo,Education,Debit Card,ATM,27,723,6.2,35531.6,53.86,158,22,10.7,0.05,1,0,0,1,Synthetic Identity,Fraud,International,Night,Weekday,No Recent PIN Change
TXN0000352838,CUST00156993,2022-07-03,10:03:00,10,1,0,UK,Mumbai,Restaurant,Mobile Payment,Desktop,53,549,22.7,112886.68,358.26,149,25,21.1,0.12,1,0,0,1,Synthetic Identity,Fraud,International,Day,Weekend,No Recent PIN Change
TXN0000241627,CUST00163216,2022-02-07,09:29:00,9,0,0,Germany,Sydney,Education,Debit Card,Desktop,54,577,2.4,23224,17.68,156,15,6.6,3.08,1,0,0,1,Phishing,Fraud,International,Day,Weekday,No Recent PIN Change
TXN0000268444,CUST00075383,2023-12-06,02:42:00,2,0,1,USA,New York,ATM Withdrawal,Bank Transfer,Desktop,41,661,3.6,852.55,146.24,138,17,0.6,16.45,0,2,0,1,Identity Theft,Fraud,Domestic,Night,Weekday,No Recent PIN Change
TXN0000110273,CUST00087513,2023-05-01,04:34:00,4,0,1,USA,São Paulo,Grocery,Credit Card,Desktop,34,708,1.6,11109.28,403.18,149,20,9.6,0.53,0,1,0,1,Phishing,Fraud,Domestic,Night,Weekday,No Recent PIN Change
TXN0000929921,CUST00097368,2021-01-01,22:48:00,22,0,1,Germany,Osaka,Entertainment,Credit Card,Mobile,64,850,1.4,2797.84,105.24,173,24,4.9,1.98,0,0,0,1,Phishing,Fraud,Domestic,Night,Weekday,No Recent PIN Change
TXN0000099961,CUST00159450,2020-05-03,20:05:00,20,1,0,India,Rio,Grocery,Debit Card,Tablet,22,722,6.2,51363.07,8.85,160,10,28.8,4.83,1,0,1,1,Phishing,Fraud,International,Day,Weekend,Recent PIN Change
TXN0000170601,CUST00118707,2020-01-28,23:05:00,23,0,1,Japan,São Paulo,Fuel,Credit Card,Desktop,73,660,0.3,140024.03,33.09,143,16,2.6,24.85,0,0,0,1,Identity Theft,Fraud,Domestic,Night,Weekday,No Recent PIN Change
TXN0000193910,CUST00027797,2022-08-18,07:59:00,7,0,0,USA,Guadalajara,Online Shopping,Credit Card,ATM,36,770,14.9,4954.58,36.19,169,18,2,2.36,0,5,0,1,Friendly Fraud,Fraud,Domestic,Day,Weekday,No Recent PIN Change
TXN0000832721,CUST00146692,2024-04-10,02:20:00,2,0,1,UK,Toronto,Travel,Debit Card,Desktop,59,730,2.9,7629.12,767.56,165,21,46.3,4.53,1,0,0,1,Friendly Fraud,Fraud,International,Night,Weekday,No Recent PIN Change
TXN0000390524,CUST00127434,2021-02-07,19:42:00,19,1,0,India,Berlin,Crypto Exchange,Credit Card,Mobile,41,797,2.4,8370.01,86.27,168,18,13.5,5.39,0,2,0,1,Identity Theft,Fraud,Domestic,Day,Weekend,No Recent PIN Change
TXN0000590339,CUST00130078,2021-01-26,23:00:00,23,0,1,France,Lyon,Education,Debit Card,POS Terminal,37,706,0.9,3372.5,77.95,165,13,11.5,12.4,0,2,0,1,Card Cloning,Fraud,Domestic,Night,Weekday,No Recent PIN Change
TXN0000318314,CUST00064433,2024-03-08,05:19:00,5,0,1,India,Paris,Clothing,Credit Card,Desktop,40,656,1.2,3702.6,512.99,169,16,29.4,44.04,0,0,0,1,Phishing,Fraud,Domestic,Night,Weekday,No Recent PIN Change
TXN0000802078,CUST00135706,2021-04-13,20:48:00,20,0,0,Canada,Sydney,ATM Withdrawal,Crypto,Mobile,53,739,3.6,14204.12,125.82,145,24,38.1,1.29,0,2,0,1,Card Cloning,Fraud,Domestic,Day,Weekday,No Recent PIN Change
TXN0000336328,CUST00011703,2020-03-11,03:38:00,3,0,1,UK,Los Angeles,Grocery,Cheque,Mobile,39,689,0.3,2160.4,69.63,140,18,34.2,23.12,1,0,0,1,Phishing,Fraud,International,Night,Weekday,No Recent PIN Change
TXN0000603896,CUST00011875,2023-04-18,05:07:00,5,0,1,Germany,Tokyo,Gaming,Cheque,Mobile,44,711,6.2,3343.62,108.38,153,19,59.8,1.89,0,3,0,1,Friendly Fraud,Fraud,Domestic,Night,Weekday,No Recent PIN Change
TXN0000331435,CUST00180884,2020-03-20,04:55:00,4,0,1,USA,Tokyo,Crypto Exchange,Mobile Payment,Mobile,49,645,5,4931.8,74.6,158,9,11.6,18.13,0,0,0,1,Card Cloning,Fraud,Domestic,Night,Weekday,No Recent PIN Change
TXN0000606663,CUST00163104,2024-09-19,06:37:00,6,0,1,Germany,Toronto,Travel,Credit Card,Mobile,45,623,0.8,5907.05,8.67,135,17,11.9,1.32,0,0,0,1,Friendly Fraud,Fraud,Domestic,Night,Weekday,No Recent PIN Change
TXN0000189671,CUST00142228,2020-07-15,15:45:00,15,0,0,UK,São Paulo,Crypto Exchange,Credit Card,ATM,39,641,3.3,8506.52,78.64,160,23,9.8,1.8,0,0,0,1,Friendly Fraud,Fraud,Domestic,Day,Weekday,No Recent PIN Change
TXN0000203020,CUST00045846,2020-12-13,04:26:00,4,1,1,USA,Lyon,Travel,Debit Card,Mobile,46,596,11.8,48602.8,144.61,147,23,19.4,1.86,0,0,0,1,Identity Theft,Fraud,Domestic,Night,Weekend,No Recent PIN Change
TXN0000814446,CUST00013459,2024-02-06,22:12:00,22,0,1,USA,Melbourne,Jewelry,Debit Card,ATM,26,755,5.9,5618.88,180.52,156,15,2.6,5.5,0,1,0,1,Account Takeover,Fraud,Domestic,Night,Weekday,No Recent PIN Change
TXN0000142858,CUST00125417,2022-02-22,17:50:00,17,0,0,UK,Mexico City,ATM Withdrawal,Debit Card,Mobile,25,533,4.3,2547.98,74.82,161,21,5.4,0.82,0,0,0,1,Friendly Fraud,Fraud,Domestic,Day,Weekday,No Recent PIN Change
TXN0000219211,CUST00044206,2022-07-18,04:18:00,4,0,1,UK,Berlin,Crypto Exchange,Mobile Payment,Mobile,40,733,2.6,1078.87,103.46,158,27,31.4,10.66,0,0,0,1,Card Cloning,Fraud,Domestic,Night,Weekday,No Recent PIN Change
TXN0000078300,CUST00100492,2023-11-14,12:45:00,12,0,0,Mexico,Tokyo,Crypto Exchange,Credit Card,Tablet,36,648,0.8,35095.06,111.99,155,18,15.6,5.72,0,1,1,1,Friendly Fraud,Fraud,Domestic,Day,Weekday,Recent PIN Change
TXN0000069247,CUST00123970,2022-01-15,08:28:00,8,1,0,USA,Guadalajara,ATM Withdrawal,Debit Card,Mobile,54,479,6.7,49139.96,330.64,150,15,8.5,3.87,1,3,0,1,Friendly Fraud,Fraud,International,Day,Weekend,No Recent PIN Change
TXN0000191897,CUST00148709,2021-10-25,02:45:00,2,0,1,Japan,Sydney,Healthcare,Credit Card,POS Terminal,37,708,7.7,13813.41,248.43,144,17,93.2,23.52,1,0,0,1,Synthetic Identity,Fraud,International,Night,Weekday,No Recent PIN Change
TXN0000842173,CUST00004945,2021-10-01,06:37:00,6,0,1,Australia,Delhi,Crypto Exchange,Credit Card,ATM,51,707,3.8,7903.97,226.61,148,18,50,16.98,0,3,0,1,Account Takeover,Fraud,Domestic,Night,Weekday,No Recent PIN Change
TXN0000031508,CUST00070389,2020-06-23,23:32:00,23,0,1,Japan,Vancouver,Crypto Exchange,Bank Transfer,Desktop,41,710,2.8,4351.49,146.48,132,18,17.5,21.44,0,5,0,1,Card Cloning,Fraud,Domestic,Night,Weekday,No Recent PIN Change
TXN0000371838,CUST00138508,2022-05-13,05:36:00,5,0,1,Mexico,Delhi,ATM Withdrawal,Debit Card,Mobile,47,572,0.2,2160.37,93.16,143,21,21,0.6,0,0,0,1,Account Takeover,Fraud,Domestic,Night,Weekday,No Recent PIN Change
TXN0000557841,CUST00110893,2020-08-29,05:32:00,5,1,1,USA,Osaka,Travel,Cheque,Desktop,35,684,2.4,18579.51,337.68,162,19,24,2.39,0,0,0,1,Phishing,Fraud,Domestic,Night,Weekend,No Recent PIN Change
TXN0000091719,CUST00199229,2024-11-30,01:50:00,1,1,1,Germany,Mexico City,Crypto Exchange,Credit Card,Mobile,40,580,1.6,224958.64,41.61,157,21,2.8,4.91,0,0,0,1,Card Cloning,Fraud,Domestic,Night,Weekend,No Recent PIN Change
TXN0000679907,CUST00056424,2024-06-03,01:46:00,1,0,1,UK,Sydney,Entertainment,Debit Card,Mobile,34,785,7.6,10132.19,107.41,146,18,14.5,42.67,1,0,1,1,Account Takeover,Fraud,International,Night,Weekday,Recent PIN Change
TXN0000004931,CUST00174443,2023-01-10,07:22:00,7,0,0,USA,Paris,Jewelry,Credit Card,POS Terminal,48,672,0.7,34080.39,438.09,148,27,15.6,55.41,1,0,0,1,Identity Theft,Fraud,International,Day,Weekday,No Recent PIN Change
TXN0000054776,CUST00073240,2020-03-19,18:26:00,18,0,0,Canada,Tokyo,Healthcare,Bank Transfer,Mobile,34,673,11.9,5646.22,164.5,156,12,38.8,0.49,0,0,0,1,Identity Theft,Fraud,Domestic,Day,Weekday,No Recent PIN Change
TXN0000342000,CUST00094002,2023-10-14,01:48:00,1,1,1,Brazil,Toronto,Healthcare,Bank Transfer,Mobile,45,687,2.1,17326.48,475.11,164,25,7.6,3.87,1,1,0,1,Account Takeover,Fraud,International,Night,Weekend,No Recent PIN Change
TXN0000151984,CUST00005302,2022-11-07,00:49:00,0,0,1,India,Tokyo,ATM Withdrawal,Bank Transfer,Desktop,49,615,1.4,11506.44,25.35,135,20,1.3,31.73,1,0,0,1,Friendly Fraud,Fraud,International,Night,Weekday,No Recent PIN Change
TXN0000969455,CUST00136819,2023-10-13,06:55:00,6,0,1,USA,Berlin,Jewelry,Bank Transfer,Mobile,52,680,4.2,1537.69,132.8,128,30,31.2,4.95,1,0,0,1,Identity Theft,Fraud,International,Night,Weekday,No Recent PIN Change
TXN0000052859,CUST00133288,2024-06-16,03:33:00,3,1,1,USA,Mexico City,Healthcare,Bank Transfer,ATM,64,708,10.9,18591.6,40.77,154,28,4.7,17.12,0,0,0,1,Card Cloning,Fraud,Domestic,Night,Weekend,No Recent PIN Change
TXN0000833582,CUST00197153,2021-10-01,11:11:00,11,0,0,USA,Manchester,Gaming,Mobile Payment,Mobile,44,668,8,3862.31,244.49,144,19,3.8,20.88,0,2,0,1,Account Takeover,Fraud,Domestic,Day,Weekday,No Recent PIN Change
TXN0000018970,CUST00027526,2024-04-28,03:18:00,3,1,1,Brazil,Mexico City,Crypto Exchange,Debit Card,POS Terminal,18,705,5.5,13742.06,28.22,172,18,9.2,1.8,0,0,0,1,Synthetic Identity,Fraud,Domestic,Night,Weekend,No Recent PIN Change
TXN0000057770,CUST00092480,2022-03-18,04:22:00,4,0,1,UK,Mexico City,Restaurant,Debit Card,Desktop,36,668,2.1,9293.73,96.03,153,20,1,48.84,0,2,0,1,Account Takeover,Fraud,Domestic,Night,Weekday,No Recent PIN Change
TXN0000144777,CUST00160790,2023-03-14,11:56:00,11,0,0,USA,Paris,Crypto Exchange,Credit Card,Mobile,66,652,0.4,2549.91,88.68,149,23,8.7,15.01,0,0,0,1,Phishing,Fraud,Domestic,Day,Weekday,No Recent PIN Change
TXN0000275469,CUST00053375,2022-03-15,23:09:00,23,0,1,USA,Toronto,Utilities,Mobile Payment,ATM,22,773,1,4252.72,679.57,149,24,18.7,0.24,0,0,0,1,Phishing,Fraud,Domestic,Night,Weekday,No Recent PIN Change
TXN0000681376,CUST00002986,2020-10-26,11:54:00,11,0,0,Canada,Mumbai,Travel,Credit Card,Mobile,30,765,2.6,13921.15,1570.74,142,25,37.4,4.66,0,0,0,1,Card Cloning,Fraud,Domestic,Day,Weekday,No Recent PIN Change
TXN0000503765,CUST00189644,2020-06-02,00:40:00,0,0,1,Mexico,Munich,Online Shopping,Debit Card,Mobile,56,737,4.1,26974.7,74.73,157,29,10.2,10.96,0,0,0,1,Account Takeover,Fraud,Domestic,Night,Weekday,No Recent PIN Change
TXN0000954256,CUST00191056,2024-02-13,05:04:00,5,0,1,Brazil,Rio,Utilities,Credit Card,Mobile,56,601,0.8,47282.54,47.32,154,12,19.1,27.91,0,3,1,1,Synthetic Identity,Fraud,Domestic,Night,Weekday,Recent PIN Change
TXN0000404917,CUST00194564,2024-09-27,03:11:00,3,0,1,USA,Rio,Jewelry,Mobile Payment,Mobile,47,776,4.6,5281.88,123.57,156,23,35.2,1.7,1,0,0,1,Identity Theft,Fraud,International,Night,Weekday,No Recent PIN Change
TXN0000596011,CUST00063258,2022-06-05,23:48:00,23,1,1,Japan,Sydney,Fuel,Bank Transfer,Mobile,51,710,0.5,5581.1,75.49,143,16,11.4,16.3,0,0,1,1,Phishing,Fraud,Domestic,Night,Weekend,Recent PIN Change
TXN0000524329,CUST00199883,2020-06-23,06:08:00,6,0,1,UK,Osaka,Clothing,Debit Card,Mobile,29,689,16.7,8104.95,77.33,150,23,11.3,47.02,0,0,0,1,Phishing,Fraud,Domestic,Night,Weekday,No Recent PIN Change
TXN0000556229,CUST00086530,2024-12-16,18:13:00,18,0,0,UK,São Paulo,Electronics,Credit Card,Mobile,55,577,3.3,24896.06,85.23,182,19,13.9,16.66,1,0,1,1,Synthetic Identity,Fraud,International,Day,Weekday,Recent PIN Change
TXN0000270789,CUST00058783,2023-10-14,04:15:00,4,1,1,Mexico,Sydney,Jewelry,Credit Card,ATM,49,630,2.9,18271.66,5022.38,164,21,21,33.4,1,0,0,1,Friendly Fraud,Fraud,International,Night,Weekend,No Recent PIN Change
TXN0000839853,CUST00157249,2023-01-20,05:42:00,5,0,1,Mexico,New York,Education,Credit Card,Mobile,29,650,8.2,1845.21,33.75,154,19,22.8,39.32,0,1,1,1,Identity Theft,Fraud,Domestic,Night,Weekday,Recent PIN Change
TXN0000017314,CUST00067171,2020-10-01,00:11:00,0,0,1,USA,Tokyo,Gaming,Bank Transfer,POS Terminal,49,850,15.6,959.13,25.46,146,16,22.3,6.18,0,0,0,1,Account Takeover,Fraud,Domestic,Night,Weekday,No Recent PIN Change
TXN0000635014,CUST00113976,2023-03-24,13:46:00,13,0,0,USA,London,Healthcare,Debit Card,Desktop,20,573,20,90800.65,191.38,157,18,69.7,7.19,1,5,1,1,Phishing,Fraud,International,Day,Weekday,Recent PIN Change
TXN0000992946,CUST00034852,2023-02-22,16:48:00,16,0,0,USA,Munich,Electronics,Mobile Payment,Desktop,27,493,28.5,6084.28,2151.28,133,17,21.6,26.22,1,0,0,1,Identity Theft,Fraud,International,Day,Weekday,No Recent PIN Change
TXN0000432144,CUST00083660,2022-07-10,10:39:00,10,1,0,USA,London,ATM Withdrawal,Credit Card,Tablet,31,713,4,7139.07,65.41,131,15,13.3,13.21,0,0,0,1,Identity Theft,Fraud,Domestic,Day,Weekend,No Recent PIN Change
TXN0000858259,CUST00021859,2023-12-23,14:29:00,14,1,0,Canada,Melbourne,Education,Bank Transfer,Desktop,55,703,9.6,6327.53,86.23,140,13,2.4,8.78,0,0,0,1,Synthetic Identity,Fraud,Domestic,Day,Weekend,No Recent PIN Change
TXN0000700037,CUST00127883,2024-07-28,08:52:00,8,1,0,USA,Los Angeles,Travel,Mobile Payment,Desktop,19,786,8.5,7947.86,69.32,169,19,62.2,14.75,0,3,1,1,Friendly Fraud,Fraud,Domestic,Day,Weekend,Recent PIN Change
TXN0000868386,CUST00087622,2023-03-14,16:38:00,16,0,0,Germany,Mexico City,Crypto Exchange,Debit Card,Mobile,54,734,5.3,2347.94,77.14,167,25,5.3,61.92,0,0,0,1,Identity Theft,Fraud,Domestic,Day,Weekday,No Recent PIN Change
TXN0000604922,CUST00079279,2022-08-19,21:39:00,21,0,0,USA,Los Angeles,Online Shopping,Credit Card,ATM,28,699,0.8,1582.99,27,169,21,3.2,1.71,0,2,0,1,Synthetic Identity,Fraud,Domestic,Day,Weekday,No Recent PIN Change
TXN0000240668,CUST00192106,2024-02-14,17:24:00,17,0,0,USA,Guadalajara,Online Shopping,Credit Card,ATM,22,738,4.1,26266.14,11.35,138,27,19.8,10.33,0,4,0,1,Synthetic Identity,Fraud,Domestic,Day,Weekday,No Recent PIN Change
TXN0000185367,CUST00179334,2020-10-28,01:40:00,1,0,1,Brazil,Manchester,ATM Withdrawal,Mobile Payment,Mobile,50,717,6.7,11215.75,54.92,159,21,3.2,3.29,1,0,0,1,Phishing,Fraud,International,Night,Weekday,No Recent PIN Change
TXN0000568684,CUST00064782,2021-10-10,22:53:00,22,1,1,Canada,Berlin,ATM Withdrawal,Credit Card,Mobile,41,612,17.4,9769.3,36.12,158,18,14,2.67,0,0,0,1,Synthetic Identity,Fraud,Domestic,Night,Weekend,No Recent PIN Change
TXN0000052501,CUST00090053,2020-08-05,05:26:00,5,0,1,USA,Munich,Gaming,Credit Card,POS Terminal,31,710,0.1,7037.73,186.07,164,19,13.2,0.37,1,0,0,1,Account Takeover,Fraud,International,Night,Weekday,No Recent PIN Change
TXN0000669855,CUST00017680,2024-12-05,16:31:00,16,0,0,USA,Mumbai,Crypto Exchange,Credit Card,Tablet,37,788,4.3,52878.84,673.66,150,18,26.5,6.21,0,3,0,1,Friendly Fraud,Fraud,Domestic,Day,Weekday,No Recent PIN Change
TXN0000357944,CUST00053132,2024-09-08,11:44:00,11,1,0,Mexico,Toronto,Online Shopping,Credit Card,Mobile,64,552,0.6,1085.6,12.37,168,21,27.9,8.95,0,0,0,1,Synthetic Identity,Fraud,Domestic,Day,Weekend,No Recent PIN Change
TXN0000278673,CUST00069899,2023-08-08,03:12:00,3,0,1,Germany,Mumbai,ATM Withdrawal,Credit Card,Desktop,28,702,9.2,61346.32,60.34,157,17,6.5,18.02,1,0,1,1,Friendly Fraud,Fraud,International,Night,Weekday,Recent PIN Change
TXN0000994960,CUST00152624,2024-11-25,12:14:00,12,0,0,Australia,Toronto,Restaurant,Credit Card,Mobile,52,684,0.4,32171.72,23.54,161,18,4,3.14,0,3,0,1,Phishing,Fraud,Domestic,Day,Weekday,No Recent PIN Change
TXN0000480289,CUST00157854,2023-08-16,18:20:00,18,0,0,USA,Sydney,Utilities,Bank Transfer,Mobile,54,654,4.4,2232.7,12.41,145,18,5.8,26.17,0,0,0,1,Account Takeover,Fraud,Domestic,Day,Weekday,No Recent PIN Change
TXN0000261758,CUST00106054,2023-09-05,02:00:00,2,0,1,UK,Manchester,Online Shopping,Debit Card,Mobile,46,605,2,28534.96,308.29,141,18,4.3,10.83,0,0,0,1,Account Takeover,Fraud,Domestic,Night,Weekday,No Recent PIN Change
TXN0000047901,CUST00131537,2022-11-12,06:11:00,6,1,1,USA,Los Angeles,Entertainment,Credit Card,Mobile,37,539,1.3,5651.7,270.07,154,29,6.1,48.07,0,0,0,1,Card Cloning,Fraud,Domestic,Night,Weekend,No Recent PIN Change
TXN0000135058,CUST00092933,2021-07-25,04:06:00,4,1,1,USA,Mumbai,ATM Withdrawal,Crypto,Mobile,33,793,15.3,54463.79,42.92,142,19,41.1,2.57,0,1,0,1,Account Takeover,Fraud,Domestic,Night,Weekend,No Recent PIN Change
TXN0000133087,CUST00195272,2022-10-21,23:17:00,23,0,1,Japan,Munich,Clothing,Credit Card,ATM,67,720,0.7,7422.72,80.01,147,18,49.5,16.15,1,0,0,1,Friendly Fraud,Fraud,International,Night,Weekday,No Recent PIN Change
TXN0000909373,CUST00177263,2021-09-25,13:34:00,13,1,0,USA,Guadalajara,Restaurant,Mobile Payment,Desktop,60,709,12.2,24740.09,69.59,129,22,30.9,0.39,0,0,1,1,Friendly Fraud,Fraud,Domestic,Day,Weekend,Recent PIN Change
TXN0000646809,CUST00139925,2021-04-28,10:15:00,10,0,0,UK,London,Crypto Exchange,Credit Card,Tablet,56,613,3.8,10297.43,46.26,133,15,9.5,2.36,1,1,0,1,Phishing,Fraud,International,Day,Weekday,No Recent PIN Change
TXN0000860400,CUST00060062,2023-04-26,04:10:00,4,0,1,USA,São Paulo,Healthcare,Bank Transfer,Mobile,56,610,0.9,18431.16,75.98,155,23,29.1,2.13,0,0,0,1,Identity Theft,Fraud,Domestic,Night,Weekday,No Recent PIN Change
TXN0000710278,CUST00164326,2022-07-05,10:26:00,10,0,0,India,Melbourne,Travel,Credit Card,Desktop,31,611,1,12122.23,362.83,178,21,5.5,11.74,1,0,0,1,Phishing,Fraud,International,Day,Weekday,No Recent PIN Change
TXN0000978977,CUST00169287,2021-09-02,15:33:00,15,0,0,USA,Sydney,Fuel,Debit Card,Desktop,28,801,4.5,34859.93,101.92,147,23,37.2,23.89,0,0,0,1,Identity Theft,Fraud,Domestic,Day,Weekday,No Recent PIN Change
TXN0000983042,CUST00041935,2022-07-27,14:00:00,14,0,0,Australia,Mumbai,ATM Withdrawal,Credit Card,Desktop,43,824,0.7,26660.57,59.13,155,19,22.7,21.55,1,5,0,1,Identity Theft,Fraud,International,Day,Weekday,No Recent PIN Change
TXN0000397690,CUST00193376,2020-01-25,13:03:00,13,1,0,France,Paris,ATM Withdrawal,Debit Card,Tablet,32,580,17.3,9497.86,32.08,148,25,7.3,0.33,0,2,0,1,Friendly Fraud,Fraud,Domestic,Day,Weekend,No Recent PIN Change
TXN0000229186,CUST00094510,2021-11-05,17:30:00,17,0,0,Brazil,Melbourne,Fuel,Cheque,Desktop,18,594,0.3,980.45,66.11,153,23,7.2,24.13,1,3,0,1,Identity Theft,Fraud,International,Day,Weekday,No Recent PIN Change
TXN0000834103,CUST00006595,2022-09-10,12:24:00,12,1,0,USA,Los Angeles,Restaurant,Mobile Payment,Mobile,19,741,5.8,9022.22,138.78,148,17,16.7,11.57,0,0,0,1,Friendly Fraud,Fraud,Domestic,Day,Weekend,No Recent PIN Change
TXN0000974811,CUST00148997,2022-04-20,23:40:00,23,0,1,Germany,Tokyo,Online Shopping,Credit Card,Mobile,43,637,3.1,1620.66,292.97,149,18,3.3,15.62,0,0,0,1,Friendly Fraud,Fraud,Domestic,Night,Weekday,No Recent PIN Change
TXN0000199121,CUST00025431,2024-09-21,01:15:00,1,1,1,India,Paris,Electronics,Bank Transfer,Tablet,47,775,0.7,86771.53,2714.1,155,27,13.4,5.29,0,3,0,1,Friendly Fraud,Fraud,Domestic,Night,Weekend,No Recent PIN Change
TXN0000943748,CUST00075292,2020-12-19,10:25:00,10,1,0,UK,São Paulo,Clothing,Credit Card,ATM,41,616,7,554.56,12.09,160,13,53.9,21.13,0,2,0,1,Account Takeover,Fraud,Domestic,Day,Weekend,No Recent PIN Change
TXN0000291902,CUST00006625,2020-06-25,15:42:00,15,0,0,Mexico,London,Electronics,Credit Card,Desktop,39,659,9.4,49656.02,407.45,150,23,3.3,47.14,1,4,0,1,Friendly Fraud,Fraud,International,Day,Weekday,No Recent PIN Change
TXN0000471900,CUST00158053,2021-12-06,20:41:00,20,0,0,UK,Delhi,Healthcare,Debit Card,Mobile,32,666,3.9,1416.42,25.62,129,24,54.3,1.78,1,0,1,1,Account Takeover,Fraud,International,Day,Weekday,Recent PIN Change
TXN0000363308,CUST00020027,2022-04-09,14:25:00,14,1,0,Australia,Manchester,ATM Withdrawal,Debit Card,Desktop,44,785,4.1,25367.61,436.91,148,14,13,7.55,0,0,0,1,Synthetic Identity,Fraud,Domestic,Day,Weekend,No Recent PIN Change
TXN0000405302,CUST00078844,2020-04-18,09:28:00,9,1,0,USA,Melbourne,Online Shopping,Credit Card,Mobile,39,669,0.1,9651.21,24.97,142,29,22.8,14.72,0,0,1,1,Phishing,Fraud,Domestic,Day,Weekend,Recent PIN Change
TXN0000004397,CUST00063354,2022-01-13,01:41:00,1,0,1,Mexico,Los Angeles,Education,Debit Card,Mobile,47,616,6.2,3035.76,48.23,146,33,27,21.45,0,5,0,1,Synthetic Identity,Fraud,Domestic,Night,Weekday,No Recent PIN Change
TXN0000708935,CUST00164106,2023-08-19,04:19:00,4,1,1,USA,London,Travel,Bank Transfer,Mobile,55,628,0.3,16069.11,164.58,136,12,29.9,0.48,0,1,0,1,Identity Theft,Fraud,Domestic,Night,Weekend,No Recent PIN Change
TXN0000210375,CUST00156784,2020-09-25,22:10:00,22,0,1,UK,Melbourne,Jewelry,Bank Transfer,Mobile,56,631,2,8523.69,529.36,165,18,45.8,32.36,0,0,1,1,Account Takeover,Fraud,Domestic,Night,Weekday,Recent PIN Change
TXN0000317378,CUST00042783,2024-08-31,13:41:00,13,1,0,Brazil,Sydney,Jewelry,Debit Card,Mobile,41,695,18.8,14768.96,109.96,118,31,55.6,4.54,1,0,0,1,Card Cloning,Fraud,International,Day,Weekend,No Recent PIN Change
TXN0000161856,CUST00007483,2021-06-04,22:33:00,22,0,1,France,São Paulo,Electronics,Debit Card,Mobile,34,734,6.2,45478.55,439.57,128,20,48.7,0.67,0,0,0,1,Card Cloning,Fraud,Domestic,Night,Weekday,No Recent PIN Change
TXN0000533229,CUST00088534,2021-06-16,15:55:00,15,0,0,USA,Sydney,Fuel,Debit Card,Desktop,54,678,0.5,105141.32,24.25,148,18,2.6,5.6,0,2,0,1,Friendly Fraud,Fraud,Domestic,Day,Weekday,No Recent PIN Change
TXN0000458213,CUST00093288,2023-07-04,20:11:00,20,0,0,Brazil,Delhi,ATM Withdrawal,Debit Card,Tablet,46,646,9,6895.93,88.04,157,19,8,29.89,0,0,1,1,Synthetic Identity,Fraud,Domestic,Day,Weekday,Recent PIN Change
TXN0000980477,CUST00062809,2021-09-10,21:56:00,21,0,0,Brazil,Mexico City,Gaming,Debit Card,ATM,46,644,0.5,42420.06,15.33,168,8,56.7,9.41,1,0,0,1,Synthetic Identity,Fraud,International,Day,Weekday,No Recent PIN Change
TXN0000901212,CUST00141796,2024-08-11,05:37:00,5,1,1,USA,Osaka,Healthcare,Mobile Payment,Desktop,18,687,3.6,451.8,25.89,150,24,1.5,13.13,0,0,0,1,Friendly Fraud,Fraud,Domestic,Night,Weekend,No Recent PIN Change
TXN0000818178,CUST00105429,2024-06-25,23:58:00,23,0,1,India,Berlin,Online Shopping,Cheque,Mobile,36,793,5.5,9450.42,82.68,149,22,15.3,5.93,0,0,0,1,Synthetic Identity,Fraud,Domestic,Night,Weekday,No Recent PIN Change
TXN0000023299,CUST00152353,2023-03-24,17:05:00,17,0,0,USA,Toronto,Electronics,Bank Transfer,Mobile,48,627,3.1,7840.97,650.16,137,20,27.1,10.72,0,0,1,1,Synthetic Identity,Fraud,Domestic,Day,Weekday,Recent PIN Change
TXN0000737804,CUST00141280,2023-01-14,01:30:00,1,1,1,Canada,Berlin,Electronics,Credit Card,Mobile,52,687,2.4,8917.77,332.4,145,26,3.3,4.79,0,0,0,1,Friendly Fraud,Fraud,Domestic,Night,Weekend,No Recent PIN Change
TXN0000031054,CUST00187578,2023-02-26,04:28:00,4,1,1,Brazil,Guadalajara,Fuel,Credit Card,Mobile,39,833,1,18155.35,41.98,156,25,20.8,16.4,0,0,0,1,Identity Theft,Fraud,Domestic,Night,Weekend,No Recent PIN Change
TXN0000636230,CUST00032959,2022-01-21,18:52:00,18,0,0,Japan,Manchester,Restaurant,Mobile Payment,POS Terminal,46,680,7.4,4785.37,67.49,154,22,6.9,11.07,0,3,0,1,Identity Theft,Fraud,Domestic,Day,Weekday,No Recent PIN Change
TXN0000131066,CUST00002279,2021-08-23,23:03:00,23,0,1,Brazil,Manchester,Entertainment,Credit Card,Mobile,32,583,2.7,5752.11,66.66,166,26,33.2,3.87,0,0,0,1,Identity Theft,Fraud,Domestic,Night,Weekday,No Recent PIN Change
TXN0000591606,CUST00098547,2020-02-12,12:55:00,12,0,0,India,Munich,Crypto Exchange,Credit Card,Mobile,33,714,2.2,2899.32,47.76,149,15,3.4,6.86,0,5,0,1,Identity Theft,Fraud,Domestic,Day,Weekday,No Recent PIN Change
TXN0000676358,CUST00123609,2024-10-09,23:51:00,23,0,1,Japan,Osaka,Healthcare,Debit Card,Mobile,33,781,0.1,2183.59,156.61,131,11,2.6,0.89,0,2,0,1,Account Takeover,Fraud,Domestic,Night,Weekday,No Recent PIN Change
TXN0000000073,CUST00171830,2024-08-18,09:43:00,9,1,0,Mexico,New York,Education,Debit Card,Mobile,33,442,9.8,21450.89,124.81,149,9,88.6,1.72,0,2,0,1,Account Takeover,Fraud,Domestic,Day,Weekend,No Recent PIN Change
TXN0000035992,CUST00006487,2020-04-26,02:08:00,2,1,1,Germany,Guadalajara,Grocery,Debit Card,Tablet,48,704,1.7,4736.79,36.27,143,21,24,5.32,0,0,0,1,Synthetic Identity,Fraud,Domestic,Night,Weekend,No Recent PIN Change
TXN0000895888,CUST00023610,2021-06-18,14:55:00,14,0,0,India,São Paulo,Entertainment,Credit Card,ATM,51,745,16.9,17427.87,22.56,146,24,13.6,21.5,1,0,0,1,Synthetic Identity,Fraud,International,Day,Weekday,No Recent PIN Change
TXN0000070960,CUST00011300,2024-12-10,14:45:00,14,0,0,Japan,Vancouver,Travel,Credit Card,Desktop,35,615,0.1,19979.96,268.3,140,22,3.7,5.54,0,0,0,1,Account Takeover,Fraud,Domestic,Day,Weekday,No Recent PIN Change
TXN0000490641,CUST00147671,2021-03-16,14:29:00,14,0,0,Brazil,New York,ATM Withdrawal,Debit Card,Mobile,29,664,3,875.36,159.29,157,22,1.7,0.57,0,2,0,1,Account Takeover,Fraud,Domestic,Day,Weekday,No Recent PIN Change
TXN0000685188,CUST00036913,2023-10-09,23:19:00,23,0,1,UK,Mumbai,Restaurant,Bank Transfer,Mobile,39,616,3.5,7132.22,380.6,172,28,4.2,22.83,0,4,0,1,Account Takeover,Fraud,Domestic,Night,Weekday,No Recent PIN Change
TXN0000328624,CUST00157336,2021-05-01,18:44:00,18,1,0,India,Paris,Fuel,Mobile Payment,Mobile,45,678,0.5,2156.16,206.34,149,22,12.3,1.29,0,2,0,1,Account Takeover,Fraud,Domestic,Day,Weekend,No Recent PIN Change
TXN0000091205,CUST00086191,2021-09-13,01:28:00,1,0,1,Japan,Berlin,Jewelry,Credit Card,Desktop,21,636,12.7,3889.11,110.21,143,14,7.6,12.81,0,0,0,1,Friendly Fraud,Fraud,Domestic,Night,Weekday,No Recent PIN Change
TXN0000401630,CUST00197036,2023-12-22,06:03:00,6,0,1,Brazil,Berlin,Online Shopping,Credit Card,ATM,52,699,1.3,1453.29,28.89,151,16,3,0.16,0,0,1,1,Card Cloning,Fraud,Domestic,Night,Weekday,Recent PIN Change
TXN0000300199,CUST00095429,2020-02-06,18:19:00,18,0,0,Australia,Melbourne,Fuel,Credit Card,Mobile,50,711,21.1,3830.95,26.28,149,24,10.9,6.84,0,2,0,1,Identity Theft,Fraud,Domestic,Day,Weekday,No Recent PIN Change
TXN0000207823,CUST00199152,2022-05-01,21:07:00,21,1,0,USA,Tokyo,Entertainment,Debit Card,Mobile,18,683,10.1,97388.02,38.65,148,24,49.1,5.88,0,4,0,1,Phishing,Fraud,Domestic,Day,Weekend,No Recent PIN Change
TXN0000818381,CUST00095110,2021-11-12,11:07:00,11,0,0,Canada,Vancouver,Healthcare,Credit Card,ATM,42,637,21.2,83459.03,21.92,136,25,1.8,32.15,0,0,0,1,Account Takeover,Fraud,Domestic,Day,Weekday,No Recent PIN Change
TXN0000816573,CUST00026408,2022-10-21,00:39:00,0,0,1,USA,Toronto,Jewelry,Bank Transfer,Mobile,36,588,0.1,19707.95,512.26,153,19,11.5,13.08,1,0,0,1,Account Takeover,Fraud,International,Night,Weekday,No Recent PIN Change
TXN0000012759,CUST00106148,2021-08-12,01:01:00,1,0,1,India,Mexico City,ATM Withdrawal,Mobile Payment,Mobile,27,750,1.5,7849.03,81.87,149,16,0.1,22.67,0,0,0,1,Synthetic Identity,Fraud,Domestic,Night,Weekday,No Recent PIN Change
TXN0000200985,CUST00019466,2023-04-27,03:43:00,3,0,1,Mexico,Mumbai,ATM Withdrawal,Credit Card,Mobile,39,850,1.9,6987.51,111.26,137,16,4.7,36.27,1,1,0,1,Card Cloning,Fraud,International,Night,Weekday,No Recent PIN Change
TXN0000053775,CUST00005977,2022-08-27,13:30:00,13,1,0,Germany,Paris,Restaurant,Credit Card,ATM,56,671,4.1,1857.33,43.79,122,20,0.5,1.82,0,2,0,1,Account Takeover,Fraud,Domestic,Day,Weekend,No Recent PIN Change
TXN0000953704,CUST00106868,2024-11-07,21:35:00,21,0,0,Brazil,Toronto,Restaurant,Crypto,Mobile,45,809,2.6,8179.68,16.69,149,24,2.7,5.51,1,0,0,1,Card Cloning,Fraud,International,Day,Weekday,No Recent PIN Change
TXN0000816328,CUST00119056,2020-12-12,12:43:00,12,1,0,Germany,Melbourne,Clothing,Debit Card,Mobile,33,571,0.3,26515.92,30.06,134,20,0.4,0.07,0,0,1,1,Identity Theft,Fraud,Domestic,Day,Weekend,Recent PIN Change
TXN0000613210,CUST00171930,2020-12-03,12:47:00,12,0,0,USA,London,Healthcare,Bank Transfer,Desktop,59,489,11.2,4208.82,26.81,148,15,45.9,3.88,0,2,0,1,Friendly Fraud,Fraud,Domestic,Day,Weekday,No Recent PIN Change
TXN0000742152,CUST00047407,2023-03-18,01:38:00,1,1,1,Brazil,Rio,Crypto Exchange,Credit Card,Desktop,45,599,11.8,2616.07,69.37,167,21,8.8,2.56,0,0,1,1,Friendly Fraud,Fraud,Domestic,Night,Weekend,Recent PIN Change
TXN0000163125,CUST00070683,2020-09-13,22:26:00,22,1,1,Brazil,Rio,Clothing,Debit Card,POS Terminal,43,627,0.8,6361.29,49.13,156,16,5.4,2.07,1,0,0,1,Account Takeover,Fraud,International,Night,Weekend,No Recent PIN Change
TXN0000494732,CUST00162807,2021-12-19,20:49:00,20,1,0,Australia,Munich,Restaurant,Credit Card,Desktop,41,688,0.3,44988.1,33.05,172,22,2.3,0.85,0,0,1,1,Phishing,Fraud,Domestic,Day,Weekend,Recent PIN Change
TXN0000332476,CUST00064866,2020-01-22,19:31:00,19,0,0,Canada,Lyon,Grocery,Debit Card,Desktop,49,636,3.6,11927.65,11.17,168,15,11.5,2.76,1,0,0,1,Account Takeover,Fraud,International,Day,Weekday,No Recent PIN Change
TXN0000373403,CUST00111787,2020-09-02,03:53:00,3,0,1,India,London,Gaming,Credit Card,POS Terminal,61,576,6.4,2653.22,95.08,156,9,21.9,4.54,0,0,0,1,Account Takeover,Fraud,Domestic,Night,Weekday,No Recent PIN Change
TXN0000175145,CUST00014300,2024-10-15,04:33:00,4,0,1,USA,Vancouver,ATM Withdrawal,Credit Card,Mobile,45,612,1.6,18035.44,64.4,139,32,12.7,2.11,0,3,0,1,Friendly Fraud,Fraud,Domestic,Night,Weekday,No Recent PIN Change
TXN0000804122,CUST00185010,2022-03-08,22:56:00,22,0,1,USA,Mexico City,Clothing,Credit Card,Desktop,60,755,1,1807.44,151.36,161,23,33,34.09,0,0,0,1,Identity Theft,Fraud,Domestic,Night,Weekday,No Recent PIN Change
TXN0000501799,CUST00098036,2021-03-06,05:37:00,5,1,1,USA,Lyon,Fuel,Debit Card,Desktop,75,516,2.2,48376.6,32.34,160,13,6.3,12.77,0,0,0,1,Identity Theft,Fraud,Domestic,Night,Weekend,No Recent PIN Change
TXN0000956386,CUST00019572,2023-07-20,19:14:00,19,0,0,France,Toronto,Gaming,Mobile Payment,Desktop,43,716,0.1,4133.31,4.38,162,19,1.7,9.28,0,2,0,1,Identity Theft,Fraud,Domestic,Day,Weekday,No Recent PIN Change
TXN0000169409,CUST00125711,2023-10-25,22:43:00,22,0,1,UK,New York,Electronics,Bank Transfer,ATM,38,778,4.6,40418.54,189.41,138,18,11.3,15.69,0,0,0,1,Phishing,Fraud,Domestic,Night,Weekday,No Recent PIN Change
TXN0000009687,CUST00161101,2021-09-13,22:29:00,22,0,1,USA,Rio,Crypto Exchange,Debit Card,Tablet,29,677,0.6,4488.09,15.87,145,24,3.9,15.33,0,0,0,1,Card Cloning,Fraud,Domestic,Night,Weekday,No Recent PIN Change
TXN0000308864,CUST00057584,2022-03-15,08:47:00,8,0,0,Mexico,Manchester,Crypto Exchange,Cheque,Tablet,56,483,3,3124.03,76.15,140,20,9.2,10.18,0,3,0,1,Card Cloning,Fraud,Domestic,Day,Weekday,No Recent PIN Change
TXN0000869004,CUST00186593,2021-06-18,03:42:00,3,0,1,Brazil,Delhi,Education,Mobile Payment,Desktop,21,735,7.1,28333.6,132.52,141,17,11.4,37.26,1,0,0,1,Identity Theft,Fraud,International,Night,Weekday,No Recent PIN Change
TXN0000484853,CUST00160095,2024-11-09,14:54:00,14,1,0,USA,Guadalajara,ATM Withdrawal,Credit Card,POS Terminal,33,683,0.1,1502.03,45.04,151,21,8.6,5.59,1,3,0,1,Card Cloning,Fraud,International,Day,Weekend,No Recent PIN Change
TXN0000907930,CUST00185036,2023-04-18,00:52:00,0,0,1,USA,New York,Online Shopping,Debit Card,Tablet,18,659,2.3,2554.35,42.85,155,15,49.7,4.31,0,0,0,1,Phishing,Fraud,Domestic,Night,Weekday,No Recent PIN Change
TXN0000590158,CUST00117394,2021-07-06,02:42:00,2,0,1,Germany,Sydney,Utilities,Debit Card,ATM,56,667,19.4,7766.86,32.67,137,24,47.9,21.23,0,0,0,1,Card Cloning,Fraud,Domestic,Night,Weekday,No Recent PIN Change
TXN0000890881,CUST00090971,2023-06-03,03:39:00,3,1,1,India,Guadalajara,Healthcare,Credit Card,Mobile,29,779,6.8,2197.85,103.04,160,15,5.3,11.31,0,0,0,1,Identity Theft,Fraud,Domestic,Night,Weekend,No Recent PIN Change
TXN0000715533,CUST00066724,2023-11-07,00:38:00,0,0,1,Brazil,Rio,Electronics,Debit Card,Desktop,26,711,1,12493.79,706.89,165,19,20.1,14.19,0,1,0,1,Account Takeover,Fraud,Domestic,Night,Weekday,No Recent PIN Change
TXN0000794104,CUST00180188,2022-10-24,04:34:00,4,0,1,USA,Berlin,Fuel,Debit Card,Desktop,42,614,3.9,274191.23,242.62,159,24,6.7,7.15,0,0,0,1,Card Cloning,Fraud,Domestic,Night,Weekday,No Recent PIN Change
TXN0000516837,CUST00001954,2021-12-22,06:41:00,6,0,1,USA,Rio,ATM Withdrawal,Credit Card,Desktop,35,806,12.5,7633.13,41.52,168,26,32.6,0.06,0,0,0,1,Identity Theft,Fraud,Domestic,Night,Weekday,No Recent PIN Change
TXN0000732327,CUST00045490,2024-12-29,18:07:00,18,1,0,USA,Rio,Gaming,Credit Card,POS Terminal,40,719,0.1,59676.43,247.85,151,29,20.4,26.52,1,0,0,1,Phishing,Fraud,International,Day,Weekend,No Recent PIN Change
TXN0000919889,CUST00044705,2022-06-04,12:22:00,12,1,0,India,Lyon,Travel,Mobile Payment,Desktop,24,669,5,4142.63,927.49,162,17,22.8,0.85,1,2,0,1,Account Takeover,Fraud,International,Day,Weekend,No Recent PIN Change
TXN0000800736,CUST00060448,2023-08-14,13:06:00,13,0,0,USA,Tokyo,Travel,Credit Card,POS Terminal,52,597,4.8,6530.96,1851.2,142,28,12.6,5.22,1,0,0,1,Phishing,Fraud,International,Day,Weekday,No Recent PIN Change
TXN0000707019,CUST00149433,2024-11-22,22:41:00,22,0,1,UK,Guadalajara,Clothing,Debit Card,Desktop,48,604,9.2,75960.47,159.65,154,19,5.1,0.14,0,0,0,1,Friendly Fraud,Fraud,Domestic,Night,Weekday,No Recent PIN Change
TXN0000586184,CUST00192001,2022-07-14,01:20:00,1,0,1,India,Mumbai,Education,Debit Card,Mobile,70,757,2.3,8134.47,14.93,148,30,7.7,1.22,1,2,0,1,Identity Theft,Fraud,International,Night,Weekday,No Recent PIN Change
TXN0000081901,CUST00065867,2020-10-09,12:05:00,12,0,0,India,Mexico City,Crypto Exchange,Bank Transfer,Mobile,42,612,1.9,57881.1,31.59,151,16,19.1,4.57,1,0,0,1,Card Cloning,Fraud,International,Day,Weekday,No Recent PIN Change
TXN0000227253,CUST00085672,2022-11-13,02:48:00,2,1,1,Canada,Paris,Online Shopping,Mobile Payment,Mobile,21,759,3.1,14476.1,11.33,156,18,34.5,5.16,1,0,1,1,Friendly Fraud,Fraud,International,Night,Weekend,Recent PIN Change
TXN0000688955,CUST00000461,2022-10-06,14:22:00,14,0,0,USA,Rio,Restaurant,Bank Transfer,Mobile,35,658,13.1,10024.92,201.54,152,17,21.6,17.42,1,0,0,1,Synthetic Identity,Fraud,International,Day,Weekday,No Recent PIN Change
TXN0000363784,CUST00108668,2022-06-22,20:44:00,20,0,0,USA,Munich,Travel,Credit Card,Tablet,55,590,5,2075.32,112.49,157,17,22.7,14.86,0,0,0,1,Synthetic Identity,Fraud,Domestic,Day,Weekday,No Recent PIN Change
TXN0000879843,CUST00078012,2022-08-20,02:18:00,2,1,1,France,São Paulo,Jewelry,Debit Card,Desktop,52,597,9,47281.11,309.2,166,23,25.1,70.49,0,0,0,1,Card Cloning,Fraud,Domestic,Night,Weekend,No Recent PIN Change
TXN0000187820,CUST00148488,2021-06-25,21:10:00,21,0,0,France,Mexico City,Travel,Bank Transfer,Mobile,52,616,1.4,15311.84,232.95,127,24,6.8,0.13,1,1,0,1,Friendly Fraud,Fraud,International,Day,Weekday,No Recent PIN Change
TXN0000686696,CUST00078437,2023-05-01,02:31:00,2,0,1,USA,Guadalajara,Gaming,Credit Card,Desktop,48,748,0.3,16566.53,22.45,139,27,45.2,0.39,0,0,0,1,Synthetic Identity,Fraud,Domestic,Night,Weekday,No Recent PIN Change
TXN0000242101,CUST00100826,2022-08-19,02:46:00,2,0,1,USA,Manchester,Electronics,Mobile Payment,ATM,65,712,9.7,36161.24,129.76,132,16,14.1,5.48,1,0,0,1,Card Cloning,Fraud,International,Night,Weekday,No Recent PIN Change
TXN0000317907,CUST00041187,2021-12-02,06:21:00,6,0,1,Germany,Manchester,Travel,Cheque,Mobile,49,691,7.2,4667.81,530.1,143,29,1.9,1.48,1,0,0,1,Friendly Fraud,Fraud,International,Night,Weekday,No Recent PIN Change
TXN0000822756,CUST00022938,2021-12-07,05:32:00,5,0,1,India,Delhi,Fuel,Credit Card,ATM,29,704,2.4,27395.93,90.65,139,15,2.1,11.76,0,0,0,1,Synthetic Identity,Fraud,Domestic,Night,Weekday,No Recent PIN Change
TXN0000328164,CUST00134429,2022-07-20,23:44:00,23,0,1,Australia,Lyon,Grocery,Mobile Payment,ATM,52,723,3.6,14702.53,72.82,139,34,21.3,11.7,0,0,0,1,Friendly Fraud,Fraud,Domestic,Night,Weekday,No Recent PIN Change
TXN0000546943,CUST00199376,2024-10-18,09:04:00,9,0,0,India,Rio,Electronics,Credit Card,Mobile,32,687,0.8,10183.07,153.04,157,20,19.8,9.56,1,0,0,1,Friendly Fraud,Fraud,International,Day,Weekday,No Recent PIN Change
TXN0000737298,CUST00048854,2021-08-27,10:57:00,10,0,0,USA,Osaka,Jewelry,Bank Transfer,Mobile,42,619,1.3,3158.07,630.59,148,20,7.7,3.78,0,0,0,1,Friendly Fraud,Fraud,Domestic,Day,Weekday,No Recent PIN Change
TXN0000155973,CUST00117107,2024-09-20,17:06:00,17,0,0,Canada,Sydney,Travel,Bank Transfer,Mobile,60,671,7.8,889.31,122.14,169,24,9.3,0.15,0,1,0,1,Phishing,Fraud,Domestic,Day,Weekday,No Recent PIN Change
TXN0000729733,CUST00138290,2022-10-04,02:06:00,2,0,1,Japan,Osaka,Grocery,Credit Card,Desktop,45,675,3.1,4801.08,54.98,171,21,8,11.47,0,0,0,1,Card Cloning,Fraud,Domestic,Night,Weekday,No Recent PIN Change
TXN0000043764,CUST00091317,2021-09-23,16:41:00,16,0,0,Canada,Toronto,Crypto Exchange,Debit Card,Desktop,42,656,2.1,3989.23,63.92,127,18,43.7,9.8,1,3,0,1,Identity Theft,Fraud,International,Day,Weekday,No Recent PIN Change
TXN0000822835,CUST00120338,2024-12-23,23:22:00,23,0,1,Japan,Lyon,Gaming,Debit Card,ATM,40,717,3.9,4487.3,79.21,168,21,77.8,0.85,0,2,1,1,Card Cloning,Fraud,Domestic,Night,Weekday,Recent PIN Change
TXN0000807762,CUST00032678,2024-09-18,04:58:00,4,0,1,India,Mexico City,Jewelry,Credit Card,Mobile,59,587,11.8,231625.5,201.93,138,16,3.2,3.63,0,5,0,1,Synthetic Identity,Fraud,Domestic,Night,Weekday,No Recent PIN Change
TXN0000360431,CUST00141278,2022-12-03,16:51:00,16,1,0,India,Munich,Clothing,Bank Transfer,Tablet,20,682,7.7,25536.08,66.89,139,16,1.9,10.99,0,0,0,1,Phishing,Fraud,Domestic,Day,Weekend,No Recent PIN Change
TXN0000057117,CUST00111309,2024-06-07,05:49:00,5,0,1,USA,Osaka,Gaming,Mobile Payment,Mobile,59,786,8.1,7143.71,9.15,144,23,37.9,8.94,0,0,0,1,Card Cloning,Fraud,Domestic,Night,Weekday,No Recent PIN Change
TXN0000696034,CUST00105623,2024-09-10,02:24:00,2,0,1,France,Lyon,Grocery,Mobile Payment,Desktop,53,534,0.6,51720.45,13.37,159,16,31.6,7.31,0,0,0,1,Phishing,Fraud,Domestic,Night,Weekday,No Recent PIN Change
TXN0000679938,CUST00134194,2024-09-09,03:50:00,3,0,1,USA,Toronto,Electronics,Mobile Payment,Mobile,31,721,1.7,13609.35,327.68,140,21,10.6,13.2,0,0,0,1,Identity Theft,Fraud,Domestic,Night,Weekday,No Recent PIN Change
TXN0000146730,CUST00124277,2022-04-17,06:12:00,6,1,1,Germany,Manchester,Electronics,Credit Card,Desktop,48,613,0.7,5466.76,121.54,154,17,18.4,9.12,0,0,0,1,Account Takeover,Fraud,Domestic,Night,Weekend,No Recent PIN Change
TXN0000416304,CUST00092596,2020-11-15,10:03:00,10,1,0,USA,Mumbai,Grocery,Bank Transfer,Tablet,45,554,1,2203.07,347.95,153,23,10.4,27.85,1,0,1,1,Account Takeover,Fraud,International,Day,Weekend,Recent PIN Change
TXN0000844419,CUST00151509,2021-12-13,23:29:00,23,0,1,Mexico,Paris,Jewelry,Mobile Payment,Mobile,59,677,3.8,14121.65,2416.62,161,26,7.9,6.69,0,0,0,1,Card Cloning,Fraud,Domestic,Night,Weekday,No Recent PIN Change
TXN0000962457,CUST00026776,2022-03-20,06:06:00,6,1,1,Germany,Mumbai,Jewelry,Credit Card,Mobile,55,570,11.1,8833.49,492.32,143,16,7.9,9.43,0,0,0,1,Synthetic Identity,Fraud,Domestic,Night,Weekend,No Recent PIN Change
TXN0000428859,CUST00177605,2020-10-29,03:06:00,3,0,1,Australia,Delhi,Entertainment,Bank Transfer,ATM,39,740,3.4,7708.44,18.02,156,26,14.6,8.2,0,2,0,1,Identity Theft,Fraud,Domestic,Night,Weekday,No Recent PIN Change
TXN0000707543,CUST00017906,2023-04-18,23:34:00,23,0,1,Germany,Lyon,Clothing,Bank Transfer,Desktop,43,667,3.2,3575.07,9.09,156,22,16.3,6.82,0,2,0,1,Phishing,Fraud,Domestic,Night,Weekday,No Recent PIN Change
TXN0000423085,CUST00029127,2022-01-23,07:26:00,7,1,0,USA,Vancouver,Online Shopping,Credit Card,Tablet,41,764,0.1,4850.51,418.34,136,15,51.3,18.81,0,4,0,1,Friendly Fraud,Fraud,Domestic,Day,Weekend,No Recent PIN Change
TXN0000610897,CUST00189153,2024-09-12,09:30:00,9,0,0,India,São Paulo,Education,Debit Card,Desktop,42,762,4.2,7786.94,81.72,125,20,10.8,5.35,0,2,0,1,Phishing,Fraud,Domestic,Day,Weekday,No Recent PIN Change
TXN0000394112,CUST00043305,2023-06-28,06:22:00,6,0,1,France,São Paulo,Online Shopping,Bank Transfer,POS Terminal,70,668,4.2,16655.6,7.75,147,19,35.6,5.56,0,3,0,1,Friendly Fraud,Fraud,Domestic,Night,Weekday,No Recent PIN Change
TXN0000939918,CUST00081579,2022-07-07,16:19:00,16,0,0,Brazil,Tokyo,Entertainment,Credit Card,POS Terminal,24,619,21.9,10642.47,61.73,158,15,16.6,2.38,1,0,0,1,Identity Theft,Fraud,International,Day,Weekday,No Recent PIN Change
TXN0000046362,CUST00003962,2023-08-21,02:44:00,2,0,1,Brazil,Munich,Fuel,Bank Transfer,Desktop,29,738,0.1,7501.55,44.8,143,21,27.8,3.07,1,2,0,1,Synthetic Identity,Fraud,International,Night,Weekday,No Recent PIN Change
TXN0000568559,CUST00173356,2023-01-03,05:45:00,5,0,1,India,Toronto,Crypto Exchange,Mobile Payment,Mobile,35,462,2.4,5563.29,10.67,154,19,3.3,12.69,0,0,0,1,Identity Theft,Fraud,Domestic,Night,Weekday,No Recent PIN Change
TXN0000000848,CUST00021950,2023-10-22,05:50:00,5,1,1,India,London,Electronics,Debit Card,Mobile,26,524,0.6,202193.63,160.65,140,24,3.3,46.04,0,0,0,1,Phishing,Fraud,Domestic,Night,Weekend,No Recent PIN Change
TXN0000353597,CUST00186381,2020-01-27,02:00:00,2,0,1,UK,Vancouver,Gaming,Mobile Payment,Mobile,58,735,1,14151.86,38.07,138,21,8.9,0.7,1,2,1,1,Phishing,Fraud,International,Night,Weekday,Recent PIN Change
TXN0000986855,CUST00122325,2024-06-20,11:37:00,11,0,0,Brazil,Toronto,Crypto Exchange,Credit Card,Tablet,59,843,1.1,2980.88,37.88,140,27,12.6,7.24,1,0,0,1,Synthetic Identity,Fraud,International,Day,Weekday,No Recent PIN Change
TXN0000805679,CUST00167113,2022-11-15,21:33:00,21,0,0,Germany,Paris,Gaming,Credit Card,Mobile,59,766,0.2,15483.23,348.97,147,21,11.5,29.14,0,0,0,1,Identity Theft,Fraud,Domestic,Day,Weekday,No Recent PIN Change
TXN0000222205,CUST00150117,2024-08-12,04:45:00,4,0,1,UK,São Paulo,ATM Withdrawal,Credit Card,Desktop,33,637,0.1,29726.55,259.2,141,24,17.5,24.19,0,0,0,1,Identity Theft,Fraud,Domestic,Night,Weekday,No Recent PIN Change
TXN0000832106,CUST00112625,2024-07-17,21:03:00,21,0,0,USA,Vancouver,Crypto Exchange,Crypto,ATM,53,668,6.9,21616.22,25.75,164,18,19.5,0.73,0,2,0,1,Identity Theft,Fraud,Domestic,Day,Weekday,No Recent PIN Change
TXN0000271378,CUST00016262,2022-05-12,08:58:00,8,0,0,France,Guadalajara,Electronics,Bank Transfer,ATM,27,622,7.1,14094.17,432.73,146,22,15,9.75,0,1,0,1,Friendly Fraud,Fraud,Domestic,Day,Weekday,No Recent PIN Change
TXN0000177026,CUST00148164,2022-12-31,03:06:00,3,1,1,USA,Tokyo,Online Shopping,Debit Card,Mobile,63,721,7.4,22590.83,23.28,118,23,28.5,17.4,0,0,0,1,Friendly Fraud,Fraud,Domestic,Night,Weekend,No Recent PIN Change
TXN0000016322,CUST00198383,2023-01-26,18:26:00,18,0,0,Japan,Vancouver,Jewelry,Bank Transfer,Tablet,37,712,1.6,7835.74,1022.01,143,23,1.3,14.71,0,0,1,1,Card Cloning,Fraud,Domestic,Day,Weekday,Recent PIN Change
TXN0000951172,CUST00007110,2024-07-20,00:59:00,0,1,1,USA,Mumbai,Education,Credit Card,Mobile,55,660,4.1,17515.33,105.65,148,17,15.3,1.7,0,0,0,1,Synthetic Identity,Fraud,Domestic,Night,Weekend,No Recent PIN Change
TXN0000704071,CUST00030866,2024-09-22,10:52:00,10,1,0,UK,Lyon,Online Shopping,Credit Card,POS Terminal,51,567,4.5,2411.1,30.68,165,22,6.6,11.92,0,0,1,1,Phishing,Fraud,Domestic,Day,Weekend,Recent PIN Change
TXN0000716519,CUST00171182,2021-10-12,14:21:00,14,0,0,Australia,London,Restaurant,Crypto,Tablet,53,720,9,116969.27,43.63,168,11,45.4,4.16,0,0,0,1,Phishing,Fraud,Domestic,Day,Weekday,No Recent PIN Change
TXN0000143297,CUST00116237,2020-03-05,20:20:00,20,0,0,UK,Osaka,Fuel,Debit Card,Desktop,43,640,9.1,660.69,134.72,152,25,5.8,7.68,1,0,0,1,Account Takeover,Fraud,International,Day,Weekday,No Recent PIN Change
TXN0000348952,CUST00099193,2022-07-04,06:24:00,6,0,1,USA,New York,Restaurant,Bank Transfer,Mobile,38,739,2.3,29388.92,44.89,156,23,18.5,14.32,0,0,0,1,Card Cloning,Fraud,Domestic,Night,Weekday,No Recent PIN Change
TXN0000251386,CUST00049103,2022-08-09,23:05:00,23,0,1,Brazil,London,Healthcare,Debit Card,Mobile,24,771,14.3,46361.93,35.62,155,20,23.1,28.43,0,4,0,1,Account Takeover,Fraud,Domestic,Night,Weekday,No Recent PIN Change
TXN0000535879,CUST00117169,2021-09-08,10:09:00,10,0,0,USA,Toronto,Healthcare,Debit Card,Desktop,40,845,6.1,4638,49.3,141,23,3.4,0.2,0,0,0,1,Identity Theft,Fraud,Domestic,Day,Weekday,No Recent PIN Change
TXN0000218079,CUST00050475,2024-08-07,03:09:00,3,0,1,Brazil,São Paulo,Crypto Exchange,Credit Card,Desktop,56,583,8.7,2662.07,71.02,152,14,44.9,3.1,0,0,0,1,Synthetic Identity,Fraud,Domestic,Night,Weekday,No Recent PIN Change
TXN0000862148,CUST00079695,2023-05-03,12:43:00,12,0,0,Brazil,Toronto,Jewelry,Debit Card,Mobile,24,691,1.7,1083.11,23.57,160,24,30.7,8.86,1,0,0,1,Identity Theft,Fraud,International,Day,Weekday,No Recent PIN Change
TXN0000167120,CUST00122336,2023-09-09,08:03:00,8,1,0,USA,Berlin,Crypto Exchange,Credit Card,Mobile,29,695,1.1,1770.63,9.87,145,25,4.2,12.55,0,0,0,1,Synthetic Identity,Fraud,Domestic,Day,Weekend,No Recent PIN Change
TXN0000201855,CUST00056597,2021-12-21,14:52:00,14,0,0,USA,Manchester,Crypto Exchange,Mobile Payment,Mobile,50,714,13.3,4133.38,248.08,170,25,18.8,16.45,0,2,0,1,Card Cloning,Fraud,Domestic,Day,Weekday,No Recent PIN Change
TXN0000875771,CUST00038923,2020-11-10,09:35:00,9,0,0,Germany,Tokyo,Crypto Exchange,Bank Transfer,Mobile,33,664,5.8,6619.99,32.34,149,23,5.9,10.65,1,0,0,1,Identity Theft,Fraud,International,Day,Weekday,No Recent PIN Change
TXN0000448188,CUST00064139,2021-09-30,01:21:00,1,0,1,Mexico,Sydney,Education,Debit Card,Mobile,49,697,0.6,28621.03,13.25,143,13,31.4,3.59,0,0,0,1,Friendly Fraud,Fraud,Domestic,Night,Weekday,No Recent PIN Change
TXN0000035401,CUST00076696,2020-06-02,05:39:00,5,0,1,India,Paris,Clothing,Bank Transfer,Desktop,44,472,0.4,1122.88,78.72,133,13,22.2,0.35,0,0,0,1,Friendly Fraud,Fraud,Domestic,Night,Weekday,No Recent PIN Change
TXN0000987665,CUST00090282,2023-09-05,07:39:00,7,0,0,Japan,Melbourne,Crypto Exchange,Credit Card,POS Terminal,60,762,0.6,5639.56,316.36,133,14,9.4,14.02,0,2,0,1,Card Cloning,Fraud,Domestic,Day,Weekday,No Recent PIN Change
TXN0000767079,CUST00170099,2024-01-28,00:48:00,0,1,1,UK,Guadalajara,Travel,Credit Card,Desktop,65,532,2.6,3648.14,174.65,139,18,48.7,12.09,0,5,0,1,Identity Theft,Fraud,Domestic,Night,Weekend,No Recent PIN Change
TXN0000914605,CUST00002451,2023-12-06,11:09:00,11,0,0,USA,Guadalajara,ATM Withdrawal,Debit Card,Desktop,35,850,0.3,6646.77,674.54,144,23,6.5,3.26,0,0,0,1,Synthetic Identity,Fraud,Domestic,Day,Weekday,No Recent PIN Change
TXN0000986236,CUST00092162,2020-03-16,01:41:00,1,0,1,USA,Lyon,Online Shopping,Cheque,Mobile,34,785,2.1,19879.77,54.61,141,18,11.8,2.81,0,2,0,1,Synthetic Identity,Fraud,Domestic,Night,Weekday,No Recent PIN Change
TXN0000721093,CUST00088104,2024-10-31,04:09:00,4,0,1,USA,London,Travel,Crypto,POS Terminal,45,799,1.5,11122.5,101.59,171,21,10.9,38.23,0,5,0,1,Friendly Fraud,Fraud,Domestic,Night,Weekday,No Recent PIN Change
TXN0000057156,CUST00177505,2021-12-29,18:16:00,18,0,0,Canada,New York,Jewelry,Mobile Payment,Mobile,31,555,3.1,1990.19,254.65,157,16,22.2,27.7,0,0,0,1,Identity Theft,Fraud,Domestic,Day,Weekday,No Recent PIN Change
TXN0000593652,CUST00021910,2023-03-21,21:04:00,21,0,0,Japan,Los Angeles,Restaurant,Bank Transfer,Mobile,56,618,2.3,3406.25,19.84,159,23,40.4,41.06,1,3,0,1,Phishing,Fraud,International,Day,Weekday,No Recent PIN Change
TXN0000646829,CUST00197408,2022-11-23,06:09:00,6,0,1,UK,Berlin,Healthcare,Credit Card,Mobile,44,737,10.8,38690.18,67.65,140,19,14.1,13.07,0,2,0,1,Friendly Fraud,Fraud,Domestic,Night,Weekday,No Recent PIN Change
TXN0000060586,CUST00113299,2023-10-17,05:56:00,5,0,1,Germany,Mexico City,Gaming,Debit Card,Desktop,58,702,7.1,38896.3,18.85,153,15,26.2,5.24,1,0,0,1,Account Takeover,Fraud,International,Night,Weekday,No Recent PIN Change
TXN0000979163,CUST00143041,2024-09-23,13:39:00,13,0,0,USA,Melbourne,Electronics,Debit Card,Desktop,50,773,10.6,8309.25,198.04,137,18,19.9,50.87,0,0,0,1,Friendly Fraud,Fraud,Domestic,Day,Weekday,No Recent PIN Change
TXN0000597566,CUST00024587,2021-12-01,23:01:00,23,0,1,USA,Tokyo,Jewelry,Credit Card,Desktop,42,795,1.5,10642.54,151.68,132,25,18.6,7.45,0,0,0,1,Friendly Fraud,Fraud,Domestic,Night,Weekday,No Recent PIN Change
TXN0000738806,CUST00001979,2023-05-24,04:04:00,4,0,1,Mexico,Lyon,Crypto Exchange,Credit Card,Desktop,51,666,4.5,3251.07,203.15,142,18,6.1,14.06,1,0,0,1,Card Cloning,Fraud,International,Night,Weekday,No Recent PIN Change
TXN0000266573,CUST00161045,2024-10-14,02:42:00,2,0,1,France,London,Healthcare,Crypto,POS Terminal,35,654,4.4,1414.62,72.73,140,21,52.5,22.72,0,4,0,1,Identity Theft,Fraud,Domestic,Night,Weekday,No Recent PIN Change
TXN0000423951,CUST00177219,2021-06-27,15:08:00,15,1,0,Japan,Guadalajara,Crypto Exchange,Debit Card,POS Terminal,80,818,19.8,16870.12,73.22,167,16,8,13.47,0,0,0,1,Card Cloning,Fraud,Domestic,Day,Weekend,No Recent PIN Change
TXN0000475181,CUST00139949,2024-09-04,05:08:00,5,0,1,UK,Lyon,Travel,Mobile Payment,Mobile,57,577,4.6,6427.19,819.74,178,19,41.2,8.12,0,0,0,1,Friendly Fraud,Fraud,Domestic,Night,Weekday,No Recent PIN Change
TXN0000296970,CUST00173169,2021-12-18,23:29:00,23,1,1,Australia,Los Angeles,Gaming,Debit Card,ATM,44,643,2,10217.69,51.06,148,14,11.2,50.96,0,0,0,1,Identity Theft,Fraud,Domestic,Night,Weekend,No Recent PIN Change
TXN0000512040,CUST00053318,2021-11-20,08:40:00,8,1,0,India,Los Angeles,Clothing,Credit Card,Mobile,39,556,0.4,6444.57,28.51,148,22,55.5,13.67,0,5,0,1,Phishing,Fraud,Domestic,Day,Weekend,No Recent PIN Change
TXN0000484894,CUST00068950,2021-09-13,15:15:00,15,0,0,Brazil,London,Fuel,Bank Transfer,Desktop,18,824,2.7,16798.71,107.57,150,14,3.2,35.14,0,2,0,1,Synthetic Identity,Fraud,Domestic,Day,Weekday,No Recent PIN Change
TXN0000335637,CUST00016975,2021-07-08,02:56:00,2,0,1,Canada,Lyon,Travel,Bank Transfer,Tablet,31,669,9.2,4551.29,627.41,159,20,44.9,7.36,0,0,0,1,Card Cloning,Fraud,Domestic,Night,Weekday,No Recent PIN Change
TXN0000653238,CUST00075408,2020-06-11,23:07:00,23,0,1,USA,New York,Electronics,Debit Card,Mobile,47,676,0.8,8265.39,254.55,158,14,49,5.16,1,0,0,1,Synthetic Identity,Fraud,International,Night,Weekday,No Recent PIN Change
TXN0000517521,CUST00007939,2024-03-21,05:35:00,5,0,1,UK,Toronto,Travel,Debit Card,Mobile,47,649,0.9,21691.85,409.17,144,13,71.6,8.72,1,0,0,1,Card Cloning,Fraud,International,Night,Weekday,No Recent PIN Change
TXN0000043493,CUST00187600,2022-07-12,22:04:00,22,0,1,USA,Munich,Entertainment,Bank Transfer,Mobile,39,729,8.6,279855.22,142.15,152,24,17.2,4.74,0,3,0,1,Friendly Fraud,Fraud,Domestic,Night,Weekday,No Recent PIN Change
TXN0000380448,CUST00043995,2024-06-16,12:34:00,12,1,0,Brazil,Munich,Grocery,Credit Card,Mobile,79,692,16.7,6810.45,122.87,152,15,0.3,19.97,0,0,1,1,Friendly Fraud,Fraud,Domestic,Day,Weekend,Recent PIN Change
TXN0000959026,CUST00028681,2022-06-20,06:42:00,6,0,1,USA,Sydney,Fuel,Debit Card,Mobile,45,703,5.9,3491.06,21.04,137,19,65.7,4.33,1,0,0,1,Synthetic Identity,Fraud,International,Night,Weekday,No Recent PIN Change
TXN0000106453,CUST00007602,2022-09-28,04:12:00,4,0,1,USA,Paris,Restaurant,Credit Card,Desktop,42,595,0.8,689.3,12.45,160,27,45.8,26.32,0,2,0,1,Account Takeover,Fraud,Domestic,Night,Weekday,No Recent PIN Change
TXN0000208778,CUST00022260,2024-03-01,04:15:00,4,0,1,India,Melbourne,Online Shopping,Mobile Payment,Desktop,69,612,6.8,9854.73,20.13,137,24,7.1,13.95,0,2,0,1,Friendly Fraud,Fraud,Domestic,Night,Weekday,No Recent PIN Change
TXN0000043780,CUST00079753,2021-09-13,05:08:00,5,0,1,Brazil,Berlin,Grocery,Mobile Payment,POS Terminal,63,573,3.9,3295.4,83.63,150,25,67.4,24.99,0,0,0,1,Phishing,Fraud,Domestic,Night,Weekday,No Recent PIN Change
TXN0000973629,CUST00110775,2020-07-26,13:22:00,13,1,0,USA,Mexico City,Jewelry,Credit Card,Mobile,36,687,9.6,3729.07,127.03,141,21,21.8,8.92,0,2,0,1,Friendly Fraud,Fraud,Domestic,Day,Weekend,No Recent PIN Change
TXN0000444286,CUST00033747,2020-05-10,11:45:00,11,1,0,USA,Mumbai,Electronics,Debit Card,Desktop,27,635,3.5,10895.64,113.08,147,21,14.8,3.65,0,3,0,1,Card Cloning,Fraud,Domestic,Day,Weekend,No Recent PIN Change
TXN0000687303,CUST00037931,2024-09-28,09:32:00,9,1,0,Brazil,Sydney,Jewelry,Cheque,POS Terminal,60,675,3.5,42481.9,308.66,142,16,77.3,1.78,0,3,0,1,Synthetic Identity,Fraud,Domestic,Day,Weekend,No Recent PIN Change
TXN0000473695,CUST00168033,2020-06-26,05:56:00,5,0,1,USA,Manchester,Grocery,Crypto,Mobile,62,743,7.4,1682.57,122.75,164,16,5.4,2.79,0,5,0,1,Synthetic Identity,Fraud,Domestic,Night,Weekday,No Recent PIN Change
TXN0000510657,CUST00041208,2021-06-18,02:42:00,2,0,1,Mexico,Lyon,Fuel,Credit Card,Tablet,65,721,8.9,4008.36,85.24,144,22,12.1,4.09,0,0,0,1,Account Takeover,Fraud,Domestic,Night,Weekday,No Recent PIN Change
TXN0000825929,CUST00003484,2023-12-09,18:40:00,18,1,0,USA,Tokyo,Fuel,Debit Card,Mobile,46,741,2.6,6658.87,75.62,156,12,19.9,1.86,0,2,1,1,Card Cloning,Fraud,Domestic,Day,Weekend,Recent PIN Change
TXN0000549381,CUST00192124,2020-12-28,22:28:00,22,0,1,Japan,Osaka,ATM Withdrawal,Bank Transfer,Desktop,44,654,4.1,13375.54,190.97,160,22,11.4,5.75,0,0,0,1,Synthetic Identity,Fraud,Domestic,Night,Weekday,No Recent PIN Change
TXN0000567595,CUST00088803,2023-08-09,05:47:00,5,0,1,Brazil,Guadalajara,Healthcare,Debit Card,Desktop,19,821,1.8,2188.78,133.5,152,21,61.9,0.05,0,0,0,1,Account Takeover,Fraud,Domestic,Night,Weekday,No Recent PIN Change
TXN0000068124,CUST00110595,2024-02-13,06:01:00,6,0,1,USA,Munich,Gaming,Bank Transfer,Mobile,27,620,0.1,32624.53,84.11,160,13,0.1,0.12,1,0,0,1,Synthetic Identity,Fraud,International,Night,Weekday,No Recent PIN Change
TXN0000443395,CUST00089814,2021-11-03,21:54:00,21,0,0,Brazil,Tokyo,Restaurant,Credit Card,Tablet,64,850,0.1,1890.27,4.57,128,18,22.3,2.4,0,2,0,1,Synthetic Identity,Fraud,Domestic,Day,Weekday,No Recent PIN Change
TXN0000088039,CUST00038551,2022-03-15,22:29:00,22,0,1,Mexico,Melbourne,Healthcare,Mobile Payment,ATM,34,694,0.5,9969.43,65.8,152,27,1.9,2.45,0,0,0,1,Phishing,Fraud,Domestic,Night,Weekday,No Recent PIN Change
TXN0000868880,CUST00036383,2020-04-15,21:42:00,21,0,0,France,Paris,Grocery,Credit Card,Mobile,42,535,21.8,21344.3,43.26,156,29,18.9,7.52,0,1,0,1,Phishing,Fraud,Domestic,Day,Weekday,No Recent PIN Change
TXN0000857686,CUST00080799,2021-03-02,19:09:00,19,0,0,France,Mexico City,Fuel,Debit Card,Mobile,32,653,7.4,2065.9,149.78,142,18,10.5,3.11,1,0,0,1,Card Cloning,Fraud,International,Day,Weekday,No Recent PIN Change
TXN0000722838,CUST00028256,2022-08-22,10:16:00,10,0,0,USA,Vancouver,Gaming,Credit Card,Desktop,25,850,6.1,20340.76,96.95,139,14,18,5.35,0,1,0,1,Identity Theft,Fraud,Domestic,Day,Weekday,No Recent PIN Change
TXN0000734234,CUST00066895,2023-03-04,04:46:00,4,1,1,India,Paris,ATM Withdrawal,Mobile Payment,Tablet,50,628,4.4,2507.46,198.6,145,25,43.4,0.74,0,1,0,1,Card Cloning,Fraud,Domestic,Night,Weekend,No Recent PIN Change
TXN0000600787,CUST00174460,2021-12-03,05:29:00,5,0,1,USA,Munich,Travel,Credit Card,Tablet,38,544,0.6,5954.15,1842.75,142,26,13.8,10.68,0,0,0,1,Account Takeover,Fraud,Domestic,Night,Weekday,No Recent PIN Change
TXN0000426576,CUST00034800,2020-05-26,18:43:00,18,0,0,USA,Los Angeles,ATM Withdrawal,Cheque,Desktop,57,642,8.6,5562.72,94.21,149,21,39.9,12.97,0,1,0,1,Identity Theft,Fraud,Domestic,Day,Weekday,No Recent PIN Change
TXN0000227811,CUST00076422,2024-09-09,22:51:00,22,0,1,Australia,Vancouver,Jewelry,Debit Card,POS Terminal,28,723,2.5,40246.92,154.15,180,15,18,25.36,0,0,0,1,Friendly Fraud,Fraud,Domestic,Night,Weekday,No Recent PIN Change
TXN0000012556,CUST00136565,2023-03-11,05:37:00,5,1,1,Japan,Toronto,Electronics,Debit Card,Desktop,29,680,2.6,178728.06,1345.89,159,17,16.4,3.05,1,5,0,1,Account Takeover,Fraud,International,Night,Weekend,No Recent PIN Change
TXN0000603095,CUST00083284,2020-09-23,15:28:00,15,0,0,Australia,Manchester,Crypto Exchange,Credit Card,Mobile,40,712,3.9,1351.19,26.44,172,17,1.1,39.65,1,0,0,1,Identity Theft,Fraud,International,Day,Weekday,No Recent PIN Change
TXN0000616594,CUST00131105,2020-01-20,02:02:00,2,0,1,USA,Berlin,Fuel,Debit Card,Mobile,60,771,1.3,21228.85,63.49,160,25,14.4,19.93,0,1,0,1,Account Takeover,Fraud,Domestic,Night,Weekday,No Recent PIN Change
TXN0000870932,CUST00198295,2022-12-04,19:42:00,19,1,0,Mexico,Guadalajara,Gaming,Bank Transfer,Mobile,23,762,2.9,9049.78,27.98,174,17,10.9,1.85,1,2,0,1,Account Takeover,Fraud,International,Day,Weekend,No Recent PIN Change
TXN0000248919,CUST00094151,2024-09-29,00:10:00,0,1,1,USA,Munich,Travel,Cheque,Mobile,34,781,0.1,3224.9,194.18,149,18,13.9,9.88,0,2,0,1,Identity Theft,Fraud,Domestic,Night,Weekend,No Recent PIN Change
TXN0000116168,CUST00061092,2024-12-13,19:13:00,19,0,0,Mexico,Manchester,Crypto Exchange,Mobile Payment,Mobile,39,594,2.2,21040.05,19.29,133,25,18.9,8.14,0,0,0,1,Identity Theft,Fraud,Domestic,Day,Weekday,No Recent PIN Change
TXN0000897126,CUST00161619,2022-11-29,14:48:00,14,0,0,Germany,Mexico City,Fuel,Debit Card,Mobile,46,732,4.1,697.56,37.62,155,20,41.1,37.54,1,0,0,1,Synthetic Identity,Fraud,International,Day,Weekday,No Recent PIN Change
TXN0000191673,CUST00198419,2020-02-18,13:44:00,13,0,0,Mexico,Toronto,ATM Withdrawal,Bank Transfer,Desktop,31,626,8.1,2300.58,63.47,145,24,21.2,15.92,0,0,0,1,Phishing,Fraud,Domestic,Day,Weekday,No Recent PIN Change
TXN0000951688,CUST00138875,2022-08-13,04:37:00,4,1,1,India,Tokyo,Grocery,Mobile Payment,Mobile,47,603,11.2,34310.13,55.86,148,19,11.6,27.2,0,0,0,1,Card Cloning,Fraud,Domestic,Night,Weekend,No Recent PIN Change
TXN0000746503,CUST00118035,2020-04-08,02:12:00,2,0,1,Mexico,Tokyo,Healthcare,Mobile Payment,Tablet,19,809,4.7,19758.86,17.55,153,15,29.3,24.21,0,0,0,1,Card Cloning,Fraud,Domestic,Night,Weekday,No Recent PIN Change
TXN0000297699,CUST00196167,2024-08-02,04:38:00,4,0,1,USA,São Paulo,Travel,Credit Card,ATM,18,576,11.1,8391.46,396.86,124,26,24.3,5.23,0,0,0,1,Synthetic Identity,Fraud,Domestic,Night,Weekday,No Recent PIN Change
TXN0000403376,CUST00129314,2024-05-08,18:20:00,18,0,0,USA,Tokyo,Restaurant,Credit Card,Mobile,71,812,17,2888.58,161,142,28,47.1,3.63,0,0,0,1,Identity Theft,Fraud,Domestic,Day,Weekday,No Recent PIN Change
TXN0000675829,CUST00026634,2021-02-14,11:39:00,11,1,0,Japan,Berlin,Electronics,Credit Card,Mobile,36,622,2.6,2776.99,338.61,160,24,17.8,1.62,0,3,0,1,Identity Theft,Fraud,Domestic,Day,Weekend,No Recent PIN Change
TXN0000353204,CUST00011468,2022-07-29,03:50:00,3,0,1,Brazil,Sydney,Crypto Exchange,Cheque,POS Terminal,43,703,1.7,3200.02,18.83,165,22,0.8,5.98,0,0,1,1,Identity Theft,Fraud,Domestic,Night,Weekday,Recent PIN Change
TXN0000618047,CUST00074233,2024-07-27,20:36:00,20,1,0,India,Mexico City,ATM Withdrawal,Debit Card,POS Terminal,34,679,17.2,14695.26,140.46,141,17,3.2,2.81,1,2,1,1,Card Cloning,Fraud,International,Day,Weekend,Recent PIN Change
TXN0000367698,CUST00130803,2022-03-06,04:11:00,4,1,1,Japan,Delhi,Gaming,Credit Card,Desktop,29,636,21.8,10274.95,55.38,161,22,35.2,20.11,0,0,1,1,Phishing,Fraud,Domestic,Night,Weekend,Recent PIN Change
TXN0000696568,CUST00157472,2024-10-19,23:25:00,23,1,1,USA,Delhi,Gaming,Credit Card,Desktop,36,724,0.8,4557.81,6.65,152,25,79.4,40.09,1,0,0,1,Account Takeover,Fraud,International,Night,Weekend,No Recent PIN Change
TXN0000461241,CUST00097136,2021-06-30,01:33:00,1,0,1,Brazil,Guadalajara,Jewelry,Debit Card,Tablet,32,659,8.2,1621.5,79.7,150,21,33.8,8.25,0,0,0,1,Identity Theft,Fraud,Domestic,Night,Weekday,No Recent PIN Change
TXN0000434480,CUST00164606,2023-01-29,10:12:00,10,1,0,UK,Tokyo,Restaurant,Credit Card,Desktop,42,690,4.2,805.04,54.8,186,18,5.1,3.83,0,0,0,1,Identity Theft,Fraud,Domestic,Day,Weekend,No Recent PIN Change
TXN0000211732,CUST00022695,2023-03-26,07:30:00,7,1,0,UK,Tokyo,Utilities,Credit Card,POS Terminal,56,729,8,562.67,212.03,152,25,3.8,4.07,1,0,0,1,Phishing,Fraud,International,Day,Weekend,No Recent PIN Change
TXN0000454915,CUST00068174,2021-05-25,17:31:00,17,0,0,Germany,Guadalajara,Healthcare,Credit Card,POS Terminal,48,578,3,891.33,150.42,149,27,60.5,0.58,0,0,1,1,Account Takeover,Fraud,Domestic,Day,Weekday,Recent PIN Change
TXN0000682898,CUST00195655,2021-10-04,13:23:00,13,0,0,Germany,London,ATM Withdrawal,Credit Card,Desktop,43,658,5.8,59511.41,54.83,151,23,66.1,45.43,0,0,0,1,Identity Theft,Fraud,Domestic,Day,Weekday,No Recent PIN Change
TXN0000770222,CUST00113137,2022-07-22,05:44:00,5,0,1,Australia,Rio,ATM Withdrawal,Mobile Payment,Mobile,31,784,4,35111.52,517.32,153,25,5.2,8.64,1,4,0,1,Identity Theft,Fraud,International,Night,Weekday,No Recent PIN Change
TXN0000346685,CUST00037459,2021-02-26,04:12:00,4,0,1,Germany,Tokyo,ATM Withdrawal,Debit Card,Tablet,51,584,5,32097.85,34.1,144,18,6.8,2.56,1,0,1,1,Identity Theft,Fraud,International,Night,Weekday,Recent PIN Change
TXN0000523180,CUST00002800,2023-04-12,09:45:00,9,0,0,USA,New York,Education,Credit Card,Tablet,48,661,10.9,3361.19,13.42,143,14,19.4,15.3,1,2,0,1,Card Cloning,Fraud,International,Day,Weekday,No Recent PIN Change
TXN0000374324,CUST00114137,2021-04-25,11:56:00,11,1,0,India,Lyon,Grocery,Credit Card,Desktop,34,779,3.5,5179.11,29.41,151,15,54.2,5.72,0,2,0,1,Account Takeover,Fraud,Domestic,Day,Weekend,No Recent PIN Change
TXN0000401179,CUST00056074,2022-11-29,18:39:00,18,0,0,Brazil,London,Entertainment,Cheque,POS Terminal,55,636,4.2,32179.46,39.6,151,27,61.3,0.41,0,0,0,1,Identity Theft,Fraud,Domestic,Day,Weekday,No Recent PIN Change
TXN0000106748,CUST00135515,2021-11-19,23:55:00,23,0,1,USA,London,Healthcare,Credit Card,ATM,40,643,8.2,9503.44,60.31,142,14,32.9,7.87,1,0,0,1,Identity Theft,Fraud,International,Night,Weekday,No Recent PIN Change
TXN0000628562,CUST00162123,2023-11-06,17:44:00,17,0,0,Brazil,New York,ATM Withdrawal,Debit Card,Mobile,42,781,1.3,16163.51,103.89,122,20,13,25.84,0,0,1,1,Account Takeover,Fraud,Domestic,Day,Weekday,Recent PIN Change
TXN0000806721,CUST00026505,2021-03-13,12:34:00,12,1,0,Germany,Guadalajara,Gaming,Credit Card,Mobile,21,588,8.7,15689.08,165.81,148,13,25.5,0.05,0,0,0,1,Card Cloning,Fraud,Domestic,Day,Weekend,No Recent PIN Change
TXN0000949196,CUST00014388,2023-04-02,05:50:00,5,1,1,USA,Mexico City,Education,Debit Card,Mobile,45,682,5.2,2015.02,14.38,159,22,1.3,4.38,0,0,0,1,Account Takeover,Fraud,Domestic,Night,Weekend,No Recent PIN Change
TXN0000313898,CUST00045436,2024-12-20,23:24:00,23,0,1,USA,Guadalajara,Entertainment,Debit Card,ATM,18,692,2.8,1023.74,19.46,157,34,5,2.23,0,5,0,1,Identity Theft,Fraud,Domestic,Night,Weekday,No Recent PIN Change
TXN0000967056,CUST00062165,2021-11-28,23:57:00,23,1,1,Japan,Mumbai,Clothing,Mobile Payment,Mobile,51,665,3.1,13475.98,50.53,147,24,79.6,4.4,0,2,0,1,Synthetic Identity,Fraud,Domestic,Night,Weekend,No Recent PIN Change
TXN0000023332,CUST00048866,2022-06-05,23:55:00,23,1,1,Brazil,Melbourne,Online Shopping,Bank Transfer,Mobile,44,780,4.8,31387.61,21.26,144,20,49,9.12,0,5,0,1,Synthetic Identity,Fraud,Domestic,Night,Weekend,No Recent PIN Change
TXN0000885720,CUST00041624,2023-11-07,06:59:00,6,0,1,Mexico,Osaka,Online Shopping,Bank Transfer,Desktop,38,675,13,13724.37,21.01,139,20,8.2,3.11,0,0,0,1,Phishing,Fraud,Domestic,Night,Weekday,No Recent PIN Change
TXN0000433858,CUST00056584,2024-04-03,07:51:00,7,0,0,USA,Vancouver,Jewelry,Bank Transfer,Desktop,19,654,1,2340.68,348.11,147,33,4.8,11.97,0,2,0,1,Identity Theft,Fraud,Domestic,Day,Weekday,No Recent PIN Change
TXN0000427439,CUST00166319,2022-01-27,14:20:00,14,0,0,Japan,Manchester,Online Shopping,Credit Card,Mobile,51,672,1.2,23010.74,26.32,142,18,19.6,0.92,1,0,0,1,Identity Theft,Fraud,International,Day,Weekday,No Recent PIN Change
TXN0000637347,CUST00036729,2020-03-01,23:41:00,23,1,1,USA,Mexico City,Education,Credit Card,Mobile,21,761,13.7,11944.32,35.07,149,16,27.9,0.38,0,1,0,1,Synthetic Identity,Fraud,Domestic,Night,Weekend,No Recent PIN Change
TXN0000478598,CUST00096114,2022-01-13,01:17:00,1,0,1,UK,Berlin,Gaming,Debit Card,ATM,69,747,2.9,2029.45,158.06,118,25,30.2,0.72,0,1,0,1,Account Takeover,Fraud,Domestic,Night,Weekday,No Recent PIN Change
TXN0000823160,CUST00073009,2022-03-13,00:31:00,0,1,1,Brazil,Mumbai,Clothing,Credit Card,Desktop,36,698,6.5,5176.34,28.97,146,12,12,3.68,1,0,1,1,Phishing,Fraud,International,Night,Weekend,Recent PIN Change
TXN0000753639,CUST00191454,2022-11-13,04:32:00,4,1,1,France,Toronto,Crypto Exchange,Credit Card,Tablet,26,789,10.8,4119.39,20.25,165,28,8.7,19.36,0,0,0,1,Identity Theft,Fraud,Domestic,Night,Weekend,No Recent PIN Change
TXN0000094659,CUST00126817,2023-09-23,23:09:00,23,1,1,France,Mexico City,Restaurant,Debit Card,Mobile,33,753,1.8,10333.12,18.35,155,12,40.3,3.66,0,0,0,1,Synthetic Identity,Fraud,Domestic,Night,Weekend,No Recent PIN Change
TXN0000967845,CUST00078621,2021-08-25,16:21:00,16,0,0,UK,Los Angeles,Crypto Exchange,Credit Card,Desktop,41,785,7.5,1723.9,128.48,149,21,34.2,10.96,0,0,0,1,Phishing,Fraud,Domestic,Day,Weekday,No Recent PIN Change
TXN0000676110,CUST00086229,2023-06-30,03:25:00,3,0,1,France,London,ATM Withdrawal,Crypto,POS Terminal,43,671,4.5,4346.88,41.39,171,22,23.6,9.83,0,2,0,1,Synthetic Identity,Fraud,Domestic,Night,Weekday,No Recent PIN Change
TXN0000993319,CUST00093141,2024-05-23,07:34:00,7,0,0,USA,Los Angeles,Jewelry,Credit Card,Tablet,50,718,7.2,4066.01,996.92,138,23,2.4,10.43,0,0,0,1,Synthetic Identity,Fraud,Domestic,Day,Weekday,No Recent PIN Change
TXN0000637665,CUST00057995,2021-02-06,02:56:00,2,1,1,USA,Toronto,Grocery,Mobile Payment,Mobile,18,755,10.7,25840.34,47.1,128,20,27.2,4.16,1,1,1,1,Synthetic Identity,Fraud,International,Night,Weekend,Recent PIN Change
TXN0000826542,CUST00111014,2022-11-01,22:21:00,22,0,1,India,Munich,Crypto Exchange,Credit Card,ATM,56,791,3.3,5208.78,13.26,135,17,52.1,1.66,0,0,0,1,Account Takeover,Fraud,Domestic,Night,Weekday,No Recent PIN Change
TXN0000855838,CUST00076808,2022-09-23,10:28:00,10,0,0,USA,Toronto,Crypto Exchange,Credit Card,Mobile,74,492,13.7,8104.45,23.2,157,17,15.4,5.42,1,2,0,1,Account Takeover,Fraud,International,Day,Weekday,No Recent PIN Change
TXN0000367247,CUST00110527,2022-01-29,21:41:00,21,1,0,Japan,Guadalajara,Restaurant,Bank Transfer,Desktop,51,602,23.2,17707.43,208.5,144,27,47,11.7,1,0,1,1,Account Takeover,Fraud,International,Day,Weekend,Recent PIN Change
TXN0000246579,CUST00081097,2020-05-27,23:38:00,23,0,1,Germany,Los Angeles,Fuel,Credit Card,Mobile,42,619,0.8,6189.03,41.19,145,18,3.9,5.8,0,0,0,1,Synthetic Identity,Fraud,Domestic,Night,Weekday,No Recent PIN Change
TXN0000172173,CUST00164605,2022-08-17,05:43:00,5,0,1,USA,São Paulo,ATM Withdrawal,Credit Card,Mobile,54,698,3.5,9625.07,145.79,145,22,13.2,4.75,0,0,1,1,Account Takeover,Fraud,Domestic,Night,Weekday,Recent PIN Change
TXN0000641941,CUST00049036,2024-02-25,13:23:00,13,1,0,India,Sydney,Utilities,Bank Transfer,Mobile,27,733,4.2,176247.84,161.67,133,20,51.7,73.48,0,0,1,1,Identity Theft,Fraud,Domestic,Day,Weekend,Recent PIN Change
TXN0000831650,CUST00134136,2022-10-23,23:20:00,23,1,1,Germany,São Paulo,ATM Withdrawal,Credit Card,Mobile,40,659,0.9,4495.67,29.67,152,20,8.3,5.19,0,0,0,1,Account Takeover,Fraud,Domestic,Night,Weekend,No Recent PIN Change
TXN0000986438,CUST00057188,2024-11-28,03:44:00,3,0,1,Japan,Manchester,Healthcare,Debit Card,Tablet,52,477,5.6,24429.09,58.14,158,22,7.9,9.69,0,0,0,1,Account Takeover,Fraud,Domestic,Night,Weekday,No Recent PIN Change
TXN0000033099,CUST00012569,2024-05-25,22:21:00,22,1,1,UK,Sydney,Travel,Debit Card,Tablet,38,594,2.1,2807.54,375.99,154,18,55.7,6.71,0,0,0,1,Identity Theft,Fraud,Domestic,Night,Weekend,No Recent PIN Change
TXN0000436145,CUST00046289,2024-01-26,08:16:00,8,0,0,USA,Berlin,Healthcare,Credit Card,Mobile,37,697,5.2,39279.34,48.03,147,21,17.8,22.48,1,3,0,1,Friendly Fraud,Fraud,International,Day,Weekday,No Recent PIN Change
TXN0000023270,CUST00061776,2022-08-05,22:31:00,22,0,1,Mexico,Toronto,ATM Withdrawal,Credit Card,ATM,49,532,3.2,4116.15,620.43,156,24,6.6,0.53,0,0,0,1,Synthetic Identity,Fraud,Domestic,Night,Weekday,No Recent PIN Change
TXN0000189355,CUST00117399,2020-12-03,04:02:00,4,0,1,UK,Toronto,Jewelry,Credit Card,Mobile,41,590,13.7,7769.29,1522.72,159,17,65.2,18.67,0,0,0,1,Synthetic Identity,Fraud,Domestic,Night,Weekday,No Recent PIN Change
TXN0000845258,CUST00146777,2024-03-07,01:04:00,1,0,1,Germany,New York,ATM Withdrawal,Debit Card,ATM,34,705,4.6,25885.31,99.73,157,22,9.4,16.23,0,3,0,1,Phishing,Fraud,Domestic,Night,Weekday,No Recent PIN Change
TXN0000030900,CUST00065534,2021-08-27,01:10:00,1,0,1,Brazil,Los Angeles,Education,Debit Card,Desktop,53,660,6.7,14412.45,22.51,165,19,15.3,16.14,1,0,1,1,Synthetic Identity,Fraud,International,Night,Weekday,Recent PIN Change
TXN0000930195,CUST00099518,2021-08-01,01:13:00,1,1,1,India,Manchester,ATM Withdrawal,Credit Card,Mobile,64,643,1.4,8649.55,50.36,144,18,0.9,5.76,0,0,0,1,Friendly Fraud,Fraud,Domestic,Night,Weekend,No Recent PIN Change
TXN0000154804,CUST00044708,2021-08-19,01:06:00,1,0,1,UK,São Paulo,Utilities,Credit Card,POS Terminal,53,575,8.3,8975.09,53.94,136,20,0.6,3.45,0,2,1,1,Card Cloning,Fraud,Domestic,Night,Weekday,Recent PIN Change
TXN0000848390,CUST00043777,2021-05-08,22:38:00,22,1,1,Mexico,São Paulo,Entertainment,Debit Card,Mobile,37,801,1.3,2296.92,26.24,152,18,4.2,13.79,0,0,0,1,Synthetic Identity,Fraud,Domestic,Night,Weekend,No Recent PIN Change
TXN0000209341,CUST00009302,2023-12-10,17:56:00,17,1,0,Mexico,Lyon,Gaming,Credit Card,Desktop,50,603,14,19455.04,101.02,149,16,22.2,7.31,1,0,0,1,Phishing,Fraud,International,Day,Weekend,No Recent PIN Change
TXN0000987769,CUST00059922,2020-02-10,12:42:00,12,0,0,Canada,Melbourne,Clothing,Crypto,Mobile,45,721,2.8,78562.88,55.57,145,15,0.8,50.01,1,2,0,1,Friendly Fraud,Fraud,International,Day,Weekday,No Recent PIN Change
TXN0000664846,CUST00137387,2023-05-18,07:39:00,7,0,0,USA,New York,ATM Withdrawal,Mobile Payment,Tablet,41,689,1,2793,12.76,152,17,28.7,0.08,0,0,0,1,Friendly Fraud,Fraud,Domestic,Day,Weekday,No Recent PIN Change
TXN0000336299,CUST00199914,2024-02-02,10:48:00,10,0,0,UK,New York,Healthcare,Mobile Payment,POS Terminal,31,664,1.4,4486.22,24.8,141,29,11.5,11.66,1,0,0,1,Account Takeover,Fraud,International,Day,Weekday,No Recent PIN Change
TXN0000832369,CUST00106281,2023-02-27,23:44:00,23,0,1,UK,Lyon,Online Shopping,Cheque,Desktop,43,621,4,7182.03,154.62,126,26,17.7,13.34,0,0,0,1,Friendly Fraud,Fraud,Domestic,Night,Weekday,No Recent PIN Change
TXN0000846677,CUST00155715,2022-06-14,09:30:00,9,0,0,Canada,Tokyo,Healthcare,Crypto,Desktop,42,850,1.1,3783.79,39.08,139,22,54.2,24.33,0,0,1,1,Identity Theft,Fraud,Domestic,Day,Weekday,Recent PIN Change
TXN0000483922,CUST00049870,2020-07-05,01:25:00,1,1,1,India,Toronto,Education,Credit Card,Mobile,44,720,1.6,2529.64,72.9,136,28,26.2,25.21,0,2,1,1,Identity Theft,Fraud,Domestic,Night,Weekend,Recent PIN Change
TXN0000028709,CUST00133294,2021-05-19,19:07:00,19,0,0,Mexico,Munich,Jewelry,Debit Card,Desktop,24,675,5.8,1833.93,473.7,126,14,4.6,21.75,0,0,0,1,Friendly Fraud,Fraud,Domestic,Day,Weekday,No Recent PIN Change
TXN0000693486,CUST00154584,2022-11-11,15:20:00,15,0,0,Mexico,Los Angeles,ATM Withdrawal,Credit Card,Mobile,45,762,19,8677.16,83.26,151,18,16.8,3.06,0,2,0,1,Phishing,Fraud,Domestic,Day,Weekday,No Recent PIN Change
TXN0000052151,CUST00069312,2024-03-14,05:15:00,5,0,1,Brazil,Mexico City,Grocery,Credit Card,Desktop,63,717,9,3795.63,45.51,153,14,113.3,3.53,0,0,0,1,Phishing,Fraud,Domestic,Night,Weekday,No Recent PIN Change
TXN0000721020,CUST00140464,2020-09-15,02:22:00,2,0,1,USA,Delhi,Electronics,Credit Card,ATM,33,818,5.6,66523.25,626,131,19,25.7,22.46,0,0,0,1,Synthetic Identity,Fraud,Domestic,Night,Weekday,No Recent PIN Change
TXN0000944812,CUST00144912,2021-06-01,00:52:00,0,0,1,USA,Tokyo,Crypto Exchange,Credit Card,Desktop,48,631,2.3,13816.38,84.92,128,10,51,8.88,0,0,0,1,Synthetic Identity,Fraud,Domestic,Night,Weekday,No Recent PIN Change
TXN0000828519,CUST00132998,2022-08-22,23:36:00,23,0,1,Brazil,New York,Healthcare,Debit Card,Mobile,63,684,3.1,17786.57,37.78,125,16,3.9,4.02,1,0,0,1,Identity Theft,Fraud,International,Night,Weekday,No Recent PIN Change
TXN0000589027,CUST00029264,2021-04-23,06:55:00,6,0,1,Japan,London,Travel,Debit Card,POS Terminal,41,782,4.4,20550.26,116.23,150,20,42.2,1.36,0,0,0,1,Card Cloning,Fraud,Domestic,Night,Weekday,No Recent PIN Change
TXN0000496991,CUST00140898,2022-06-12,02:22:00,2,1,1,Canada,London,Education,Credit Card,Mobile,38,693,2.2,2385.35,51.95,160,23,0.1,3.4,0,2,1,1,Card Cloning,Fraud,Domestic,Night,Weekend,Recent PIN Change
TXN0000357696,CUST00138283,2020-05-14,22:05:00,22,0,1,Japan,Munich,Electronics,Bank Transfer,Desktop,27,597,1.4,14305.28,201.34,176,24,4.8,6.4,1,0,0,1,Phishing,Fraud,International,Night,Weekday,No Recent PIN Change
TXN0000329262,CUST00095529,2022-03-25,16:47:00,16,0,0,USA,Manchester,Travel,Credit Card,ATM,34,749,6.5,22502.22,1458.88,131,20,12.4,12.06,1,0,1,1,Card Cloning,Fraud,International,Day,Weekday,Recent PIN Change
TXN0000270148,CUST00197624,2021-04-10,05:47:00,5,1,1,Canada,Manchester,Jewelry,Credit Card,Mobile,33,730,3.9,3353.13,678.05,152,23,10.9,0.03,0,0,0,1,Account Takeover,Fraud,Domestic,Night,Weekend,No Recent PIN Change
TXN0000313468,CUST00176268,2022-02-07,01:57:00,1,0,1,UK,Osaka,Travel,Bank Transfer,Mobile,40,799,3.5,6003.67,41.66,150,15,33.5,1.32,0,2,0,1,Account Takeover,Fraud,Domestic,Night,Weekday,No Recent PIN Change
TXN0000666043,CUST00118959,2021-07-20,17:06:00,17,0,0,Brazil,Delhi,Entertainment,Credit Card,ATM,28,755,4.9,44453,77.74,143,13,27.5,4.61,0,0,0,1,Synthetic Identity,Fraud,Domestic,Day,Weekday,No Recent PIN Change
TXN0000793862,CUST00158298,2020-01-22,06:04:00,6,0,1,USA,Tokyo,Online Shopping,Debit Card,POS Terminal,36,724,15.8,4647.18,16.3,170,18,54.8,3.14,0,3,0,1,Phishing,Fraud,Domestic,Night,Weekday,No Recent PIN Change
TXN0000014570,CUST00178322,2020-04-01,14:40:00,14,0,0,USA,London,ATM Withdrawal,Debit Card,Tablet,71,738,1.3,38533.3,87.35,156,24,8.2,14.1,0,0,0,1,Phishing,Fraud,Domestic,Day,Weekday,No Recent PIN Change
TXN0000247052,CUST00104738,2020-12-22,17:15:00,17,0,0,USA,Tokyo,Education,Debit Card,POS Terminal,41,741,2.8,21474.6,234.65,150,16,22.5,0.51,1,5,0,1,Account Takeover,Fraud,International,Day,Weekday,No Recent PIN Change
TXN0000191258,CUST00190909,2024-03-03,02:14:00,2,1,1,USA,Vancouver,Healthcare,Credit Card,Desktop,35,652,4.1,13963.88,6.3,134,32,17.1,0.66,1,0,0,1,Synthetic Identity,Fraud,International,Night,Weekend,No Recent PIN Change
TXN0000727204,CUST00165545,2023-07-01,00:29:00,0,1,1,Canada,Munich,Fuel,Debit Card,Mobile,38,575,4.6,2974.51,11.63,164,15,20.4,4.65,0,1,0,1,Synthetic Identity,Fraud,Domestic,Night,Weekend,No Recent PIN Change
TXN0000481927,CUST00033011,2023-02-08,18:18:00,18,0,0,USA,São Paulo,Healthcare,Credit Card,Mobile,56,677,5,10940.53,46.26,152,24,19.1,5.32,1,0,0,1,Friendly Fraud,Fraud,International,Day,Weekday,No Recent PIN Change
TXN0000477470,CUST00071244,2021-01-15,05:50:00,5,0,1,Japan,Vancouver,Jewelry,Debit Card,ATM,46,641,11.2,14776.04,559.15,165,30,11.9,6.4,0,0,0,1,Card Cloning,Fraud,Domestic,Night,Weekday,No Recent PIN Change
TXN0000990937,CUST00117948,2020-06-13,10:19:00,10,1,0,Germany,Mexico City,Jewelry,Debit Card,Mobile,52,727,0.5,36410.58,256.46,142,28,23.5,23.59,0,0,0,1,Account Takeover,Fraud,Domestic,Day,Weekend,No Recent PIN Change
TXN0000406177,CUST00134069,2022-01-27,04:27:00,4,0,1,USA,Los Angeles,ATM Withdrawal,Credit Card,Mobile,42,733,1,13936.38,28.52,152,11,46.1,17.9,0,0,0,1,Account Takeover,Fraud,Domestic,Night,Weekday,No Recent PIN Change
TXN0000405694,CUST00047829,2020-05-16,05:13:00,5,1,1,UK,Los Angeles,Fuel,Debit Card,ATM,34,633,3.9,2028.52,44.97,138,28,63.3,2.56,1,0,0,1,Phishing,Fraud,International,Night,Weekend,No Recent PIN Change
TXN0000877399,CUST00007878,2020-08-01,16:59:00,16,1,0,Germany,Paris,Clothing,Debit Card,Mobile,54,521,4.9,35011.76,47.17,138,27,53.2,15.2,0,0,0,1,Phishing,Fraud,Domestic,Day,Weekend,No Recent PIN Change
TXN0000065063,CUST00010044,2022-08-30,06:11:00,6,0,1,Germany,Delhi,Jewelry,Debit Card,Mobile,50,697,7.5,28386.17,4237.97,142,20,31,11.7,1,0,0,1,Phishing,Fraud,International,Night,Weekday,No Recent PIN Change
TXN0000773545,CUST00017978,2024-03-02,12:22:00,12,1,0,UK,Sydney,Electronics,Mobile Payment,Desktop,53,739,1.2,3458.64,249.72,167,16,13.3,23.49,0,0,0,1,Phishing,Fraud,Domestic,Day,Weekend,No Recent PIN Change
TXN0000220214,CUST00135974,2021-02-22,06:27:00,6,0,1,USA,Guadalajara,Clothing,Bank Transfer,Desktop,47,666,4.2,4985.06,80.15,147,27,15.9,2.93,1,2,0,1,Phishing,Fraud,International,Night,Weekday,No Recent PIN Change
TXN0000154591,CUST00032530,2020-01-22,04:32:00,4,0,1,India,Rio,Utilities,Bank Transfer,Mobile,39,677,5.1,11030.4,30.27,149,21,18.8,11.29,0,0,0,1,Identity Theft,Fraud,Domestic,Night,Weekday,No Recent PIN Change
TXN0000593761,CUST00023441,2023-11-12,06:00:00,6,1,1,Mexico,Munich,Restaurant,Debit Card,Mobile,32,548,3.1,2984.34,44.9,161,17,2.4,8.72,0,0,0,1,Friendly Fraud,Fraud,Domestic,Night,Weekend,No Recent PIN Change
TXN0000899249,CUST00051220,2020-05-20,00:28:00,0,0,1,USA,Munich,Grocery,Debit Card,Desktop,52,717,6.9,15721.05,88.99,143,18,27.6,1.22,0,0,0,1,Friendly Fraud,Fraud,Domestic,Night,Weekday,No Recent PIN Change
TXN0000188172,CUST00102498,2020-11-18,05:57:00,5,0,1,USA,São Paulo,Education,Credit Card,Mobile,30,706,0.6,133597.02,71.94,154,25,36.4,23.31,0,2,0,1,Identity Theft,Fraud,Domestic,Night,Weekday,No Recent PIN Change
TXN0000540217,CUST00068170,2022-05-01,08:01:00,8,1,0,USA,Delhi,Electronics,Debit Card,ATM,56,675,3,5751.38,2095.75,152,15,8.8,15.07,1,0,0,1,Phishing,Fraud,International,Day,Weekend,No Recent PIN Change
TXN0000836882,CUST00175080,2021-07-19,20:31:00,20,0,0,Japan,Delhi,Travel,Credit Card,POS Terminal,54,690,3.4,2197.7,837.95,154,24,36.2,32.06,0,3,0,1,Synthetic Identity,Fraud,Domestic,Day,Weekday,No Recent PIN Change
TXN0000515239,CUST00082612,2021-01-23,19:51:00,19,1,0,USA,London,Electronics,Debit Card,Mobile,19,697,0.7,13870.35,450.67,154,19,5.6,8.48,0,4,1,1,Identity Theft,Fraud,Domestic,Day,Weekend,Recent PIN Change
TXN0000189111,CUST00011033,2020-11-11,22:47:00,22,0,1,Brazil,São Paulo,Restaurant,Credit Card,Tablet,47,719,11.5,3743.61,115.51,148,28,71.2,5.59,0,2,0,1,Account Takeover,Fraud,Domestic,Night,Weekday,No Recent PIN Change
TXN0000875823,CUST00002052,2024-11-05,06:18:00,6,0,1,India,Delhi,Travel,Cheque,Desktop,36,613,3.2,10964.63,584.02,135,15,10.8,15.28,0,1,0,1,Friendly Fraud,Fraud,Domestic,Night,Weekday,No Recent PIN Change
TXN0000417208,CUST00140346,2020-04-12,19:03:00,19,1,0,Germany,Toronto,ATM Withdrawal,Mobile Payment,Tablet,27,751,10.5,1908.09,40.68,155,18,4.2,0.07,0,0,0,1,Synthetic Identity,Fraud,Domestic,Day,Weekend,No Recent PIN Change
TXN0000027930,CUST00198740,2021-06-24,06:41:00,6,0,1,UK,Los Angeles,Utilities,Bank Transfer,Desktop,34,741,7.2,54197.8,115.14,146,19,11.6,58.21,0,0,0,1,Card Cloning,Fraud,Domestic,Night,Weekday,No Recent PIN Change
TXN0000772941,CUST00029384,2022-12-26,03:26:00,3,0,1,India,Delhi,ATM Withdrawal,Bank Transfer,Mobile,50,727,0.7,8131.89,43.65,160,16,27.3,15.11,1,4,0,1,Friendly Fraud,Fraud,International,Night,Weekday,No Recent PIN Change
TXN0000647335,CUST00189069,2021-01-09,19:10:00,19,1,0,UK,Toronto,Education,Credit Card,Mobile,34,713,13.9,1550.61,12.8,145,13,17.2,13.77,1,1,0,1,Friendly Fraud,Fraud,International,Day,Weekend,No Recent PIN Change
TXN0000274995,CUST00039728,2020-09-16,01:53:00,1,0,1,France,Melbourne,Clothing,Credit Card,ATM,59,546,3.2,4207.37,55.92,144,18,8.3,0.47,1,0,0,1,Account Takeover,Fraud,International,Night,Weekday,No Recent PIN Change
TXN0000919351,CUST00188526,2021-07-04,12:24:00,12,1,0,USA,Munich,Fuel,Credit Card,Desktop,47,757,3.9,25860.2,377.42,163,32,9.3,16.39,0,1,1,1,Friendly Fraud,Fraud,Domestic,Day,Weekend,Recent PIN Change
TXN0000090102,CUST00118370,2024-03-25,01:21:00,1,0,1,Australia,Guadalajara,Healthcare,Debit Card,Mobile,42,757,4,4581.32,67.58,162,16,20,10.46,0,0,0,1,Card Cloning,Fraud,Domestic,Night,Weekday,No Recent PIN Change
TXN0000239022,CUST00107083,2020-04-27,09:04:00,9,0,0,UK,Manchester,Utilities,Credit Card,Mobile,46,608,1.6,11724.58,17.11,143,21,2.5,1.22,0,3,0,1,Phishing,Fraud,Domestic,Day,Weekday,No Recent PIN Change
TXN0000736006,CUST00028064,2022-07-14,21:26:00,21,0,0,Australia,Melbourne,Fuel,Debit Card,Mobile,62,699,2.2,10900.65,21.08,148,16,17.4,30.28,0,0,1,1,Account Takeover,Fraud,Domestic,Day,Weekday,Recent PIN Change
TXN0000178755,CUST00189407,2022-04-24,06:33:00,6,1,1,Australia,Delhi,Healthcare,Debit Card,ATM,54,693,0.1,4737.38,11.38,148,26,3,18.42,1,2,1,1,Account Takeover,Fraud,International,Night,Weekend,Recent PIN Change
TXN0000504389,CUST00153568,2023-01-17,11:26:00,11,0,0,UK,Berlin,Jewelry,Bank Transfer,Mobile,52,699,2.6,7499.2,151.41,152,20,10.5,1.61,0,2,0,1,Account Takeover,Fraud,Domestic,Day,Weekday,No Recent PIN Change
TXN0000067084,CUST00099443,2020-08-24,05:50:00,5,0,1,USA,Lyon,ATM Withdrawal,Credit Card,POS Terminal,58,657,0.5,2290.71,147.77,136,18,6.2,5.33,0,1,0,1,Phishing,Fraud,Domestic,Night,Weekday,No Recent PIN Change
TXN0000330901,CUST00097048,2024-01-18,04:04:00,4,0,1,USA,Berlin,Healthcare,Cheque,Mobile,24,529,4.6,4657.58,56.65,153,27,3.4,3.38,0,0,0,1,Account Takeover,Fraud,Domestic,Night,Weekday,No Recent PIN Change
TXN0000795845,CUST00101287,2024-10-26,15:03:00,15,1,0,Brazil,Sydney,Jewelry,Credit Card,Mobile,43,669,4.3,1922.73,715.25,173,18,73.4,1.83,0,0,0,1,Account Takeover,Fraud,Domestic,Day,Weekend,No Recent PIN Change
TXN0000135660,CUST00132486,2022-01-03,15:14:00,15,0,0,Canada,Manchester,Entertainment,Credit Card,ATM,48,592,1.2,43951.32,39.25,135,15,10.9,13.88,0,3,0,1,Identity Theft,Fraud,Domestic,Day,Weekday,No Recent PIN Change
TXN0000442977,CUST00094644,2023-04-17,09:50:00,9,0,0,USA,Manchester,Entertainment,Debit Card,Mobile,19,806,1.9,43981.86,25.44,139,10,0.4,21.49,0,4,0,1,Card Cloning,Fraud,Domestic,Day,Weekday,No Recent PIN Change
TXN0000763078,CUST00151685,2021-08-06,13:25:00,13,0,0,USA,São Paulo,ATM Withdrawal,Bank Transfer,Desktop,24,510,0.1,65636.09,39.85,149,29,7.1,8.77,0,5,1,1,Identity Theft,Fraud,Domestic,Day,Weekday,Recent PIN Change
TXN0000630463,CUST00008667,2021-02-02,08:44:00,8,0,0,USA,Delhi,Education,Debit Card,Desktop,53,717,1.1,11745.05,90.95,144,22,79.8,22.46,0,0,0,1,Card Cloning,Fraud,Domestic,Day,Weekday,No Recent PIN Change
TXN0000112148,CUST00090672,2021-08-10,06:44:00,6,0,1,Australia,Melbourne,Clothing,Debit Card,Mobile,51,637,1.8,2077.78,53.12,144,30,1.3,4.18,0,0,0,1,Identity Theft,Fraud,Domestic,Night,Weekday,No Recent PIN Change
TXN0000233577,CUST00100242,2024-03-02,02:35:00,2,1,1,USA,New York,ATM Withdrawal,Credit Card,Mobile,32,708,0.1,7525.3,29.74,153,21,20.3,17.58,0,0,0,1,Synthetic Identity,Fraud,Domestic,Night,Weekend,No Recent PIN Change
TXN0000043978,CUST00118218,2022-07-25,16:21:00,16,0,0,France,Munich,Fuel,Debit Card,ATM,51,560,4.6,11503.35,49.28,150,19,29.3,11.11,1,2,0,1,Phishing,Fraud,International,Day,Weekday,No Recent PIN Change
TXN0000698639,CUST00077724,2022-01-31,16:44:00,16,0,0,Brazil,Los Angeles,Entertainment,Credit Card,Mobile,27,573,6.1,28061.77,153.36,186,16,5.3,2.96,1,0,0,1,Phishing,Fraud,International,Day,Weekday,No Recent PIN Change
